#include "Enjin/Renderer/PostProcessing.h"
#include "Enjin/Renderer/Vulkan/VulkanContext.h"
#include "Enjin/Renderer/Vulkan/VulkanRenderer.h"
#include "Enjin/Renderer/Vulkan/VulkanBuffer.h"
#include "Enjin/Renderer/Vulkan/VulkanShader.h"
#include "Enjin/Renderer/Vulkan/ShaderData.h"
#include "Enjin/Logging/Log.h"
#include "stb_image.h"
#include <array>
#include <cmath>
#include <cstring>
#include <algorithm>

namespace Enjin {
namespace Renderer {

// Fullscreen quad vertex shader (embedded SPIR-V)
// Simple fullscreen triangle that covers the entire screen
static const u32 FullscreenVertexShader[] = {
    // Compiled from fullscreen.vert (341 u32 words)
    0x07230203, 0x00010000, 0x0008000b, 0x00000033, 0x00000000,
    0x00020011, 0x00000001, 0x0006000b, 0x00000001, 0x4c534c47,
    0x6474732e, 0x3035342e, 0x00000000, 0x0003000e, 0x00000000,
    0x00000001, 0x0008000f, 0x00000000, 0x00000004, 0x6e69616d,
    0x00000000, 0x0000001f, 0x00000023, 0x0000002f, 0x00030003,
    0x00000002, 0x000001c2, 0x00040005, 0x00000004, 0x6e69616d,
    0x00000000, 0x00050005, 0x0000000c, 0x69736f70, 0x6e6f6974,
    0x00000073, 0x00030005, 0x00000013, 0x00737675, 0x00060005,
    0x0000001d, 0x505f6c67, 0x65567265, 0x78657472, 0x00000000,
    0x00060006, 0x0000001d, 0x00000000, 0x505f6c67, 0x7469736f,
    0x006e6f69, 0x00070006, 0x0000001d, 0x00000001, 0x505f6c67,
    0x746e696f, 0x657a6953, 0x00000000, 0x00070006, 0x0000001d,
    0x00000002, 0x435f6c67, 0x4470696c, 0x61747369, 0x0065636e,
    0x00070006, 0x0000001d, 0x00000003, 0x435f6c67, 0x446c6c75,
    0x61747369, 0x0065636e, 0x00030005, 0x0000001f, 0x00000000,
    0x00060005, 0x00000023, 0x565f6c67, 0x65747265, 0x646e4978,
    0x00007865, 0x00040005, 0x0000002f, 0x67617266, 0x00005655,
    0x00030047, 0x0000001d, 0x00000002, 0x00050048, 0x0000001d,
    0x00000000, 0x0000000b, 0x00000000, 0x00050048, 0x0000001d,
    0x00000001, 0x0000000b, 0x00000001, 0x00050048, 0x0000001d,
    0x00000002, 0x0000000b, 0x00000003, 0x00050048, 0x0000001d,
    0x00000003, 0x0000000b, 0x00000004, 0x00040047, 0x00000023,
    0x0000000b, 0x0000002a, 0x00040047, 0x0000002f, 0x0000001e,
    0x00000000, 0x00020013, 0x00000002, 0x00030021, 0x00000003,
    0x00000002, 0x00030016, 0x00000006, 0x00000020, 0x00040017,
    0x00000007, 0x00000006, 0x00000002, 0x00040015, 0x00000008,
    0x00000020, 0x00000000, 0x0004002b, 0x00000008, 0x00000009,
    0x00000003, 0x0004001c, 0x0000000a, 0x00000007, 0x00000009,
    0x00040020, 0x0000000b, 0x00000007, 0x0000000a, 0x0004002b,
    0x00000006, 0x0000000d, 0xbf800000, 0x0005002c, 0x00000007,
    0x0000000e, 0x0000000d, 0x0000000d, 0x0004002b, 0x00000006,
    0x0000000f, 0x40400000, 0x0005002c, 0x00000007, 0x00000010,
    0x0000000f, 0x0000000d, 0x0005002c, 0x00000007, 0x00000011,
    0x0000000d, 0x0000000f, 0x0006002c, 0x0000000a, 0x00000012,
    0x0000000e, 0x00000010, 0x00000011, 0x0004002b, 0x00000006,
    0x00000014, 0x00000000, 0x0005002c, 0x00000007, 0x00000015,
    0x00000014, 0x00000014, 0x0004002b, 0x00000006, 0x00000016,
    0x40000000, 0x0005002c, 0x00000007, 0x00000017, 0x00000016,
    0x00000014, 0x0005002c, 0x00000007, 0x00000018, 0x00000014,
    0x00000016, 0x0006002c, 0x0000000a, 0x00000019, 0x00000015,
    0x00000017, 0x00000018, 0x00040017, 0x0000001a, 0x00000006,
    0x00000004, 0x0004002b, 0x00000008, 0x0000001b, 0x00000001,
    0x0004001c, 0x0000001c, 0x00000006, 0x0000001b, 0x0006001e,
    0x0000001d, 0x0000001a, 0x00000006, 0x0000001c, 0x0000001c,
    0x00040020, 0x0000001e, 0x00000003, 0x0000001d, 0x0004003b,
    0x0000001e, 0x0000001f, 0x00000003, 0x00040015, 0x00000020,
    0x00000020, 0x00000001, 0x0004002b, 0x00000020, 0x00000021,
    0x00000000, 0x00040020, 0x00000022, 0x00000001, 0x00000020,
    0x0004003b, 0x00000022, 0x00000023, 0x00000001, 0x00040020,
    0x00000025, 0x00000007, 0x00000007, 0x0004002b, 0x00000006,
    0x00000028, 0x3f800000, 0x00040020, 0x0000002c, 0x00000003,
    0x0000001a, 0x00040020, 0x0000002e, 0x00000003, 0x00000007,
    0x0004003b, 0x0000002e, 0x0000002f, 0x00000003, 0x00050036,
    0x00000002, 0x00000004, 0x00000000, 0x00000003, 0x000200f8,
    0x00000005, 0x0004003b, 0x0000000b, 0x0000000c, 0x00000007,
    0x0004003b, 0x0000000b, 0x00000013, 0x00000007, 0x0003003e,
    0x0000000c, 0x00000012, 0x0003003e, 0x00000013, 0x00000019,
    0x0004003d, 0x00000020, 0x00000024, 0x00000023, 0x00050041,
    0x00000025, 0x00000026, 0x0000000c, 0x00000024, 0x0004003d,
    0x00000007, 0x00000027, 0x00000026, 0x00050051, 0x00000006,
    0x00000029, 0x00000027, 0x00000000, 0x00050051, 0x00000006,
    0x0000002a, 0x00000027, 0x00000001, 0x00070050, 0x0000001a,
    0x0000002b, 0x00000029, 0x0000002a, 0x00000014, 0x00000028,
    0x00050041, 0x0000002c, 0x0000002d, 0x0000001f, 0x00000021,
    0x0003003e, 0x0000002d, 0x0000002b, 0x0004003d, 0x00000020,
    0x00000030, 0x00000023, 0x00050041, 0x00000025, 0x00000031,
    0x00000013, 0x00000030, 0x0004003d, 0x00000007, 0x00000032,
    0x00000031, 0x0003003e, 0x0000002f, 0x00000032, 0x000100fd,
    0x00010038
};

// Post-process fragment shader (embedded SPIR-V)
// Compiled from postprocess.frag (33011 u32 words)
static const u32 PostProcessFragmentShader[] = {
    0x07230203,0x00010000,0x0008000b,0x000016e4,0x00000000,0x00020011,0x00000001,0x0006000b,
    0x00000001,0x4c534c47,0x6474732e,0x3035342e,0x00000000,0x0003000e,0x00000000,0x00000001,
    0x0007000f,0x00000004,0x00000004,0x6e69616d,0x00000000,0x00001596,0x000016b7,0x00030010,
    0x00000004,0x00000007,0x00030003,0x00000002,0x000001c2,0x00040005,0x00000004,0x6e69616d,
    0x00000000,0x00060005,0x0000000b,0x656e696c,0x6f547261,0x76285150,0x003b3366,0x00030005,
    0x0000000a,0x0000004c,0x00080005,0x0000000e,0x656e6f74,0x5270616d,0x686e6965,0x28647261,
    0x3b336676,0x00000000,0x00040005,0x0000000d,0x6f6c6f63,0x00000072,0x000a0005,0x00000014,
    0x656e6f74,0x5270616d,0x686e6965,0x45647261,0x6e657478,0x28646564,0x3b336676,0x003b3166,
    0x00040005,0x00000012,0x6f6c6f63,0x00000072,0x00050005,0x00000013,0x74696877,0x696f5065,
    0x0000746e,0x00070005,0x00000017,0x656e6f74,0x4170616d,0x28534543,0x3b336676,0x00000000,
    0x00040005,0x00000016,0x6f6c6f63,0x00000072,0x000a0005,0x0000001a,0x68636e75,0x65747261,
    0x6f543264,0x614d656e,0x6c654870,0x28726570,0x3b336676,0x00000000,0x00030005,0x00000019,
    0x00000078,0x00080005,0x0000001d,0x656e6f74,0x5570616d,0x6168636e,0x64657472,0x66762832,
    0x00003b33,0x00040005,0x0000001c,0x6f6c6f63,0x00000072,0x00060005,0x00000020,0x656e6f74,
    0x4170616d,0x76285867,0x003b3366,0x00040005,0x0000001f,0x6f6c6f63,0x00000072,0x00080005,
    0x00000023,0x6c707061,0x6e6f5479,0x70614d65,0x676e6970,0x33667628,0x0000003b,0x00040005,
    0x00000022,0x6f6c6f63,0x00000072,0x00080005,0x0000002a,0x6c707061,0x67695679,0x7474656e,
    0x66762865,0x66763b33,0x00003b32,0x00040005,0x00000028,0x6f6c6f63,0x00000072,0x00030005,
    0x00000029,0x00007675,0x00080005,0x0000002d,0x6c707061,0x6c6f4379,0x7247726f,0x6e696461,
    0x66762867,0x00003b33,0x00040005,0x0000002c,0x6f6c6f63,0x00000072,0x000a0005,0x00000030,
    0x6c707061,0x6c6f4379,0x6c62726f,0x43646e69,0x6572726f,0x6f697463,0x6676286e,0x00003b33,
    0x00040005,0x0000002f,0x6f6c6f63,0x00000072,0x00080005,0x00000034,0x6c707061,0x6c694679,
    0x6172476d,0x76286e69,0x763b3366,0x003b3266,0x00040005,0x00000032,0x6f6c6f63,0x00000072,
    0x00030005,0x00000033,0x00007675,0x00060005,0x00000038,0x6c707061,0x41584679,0x66762841,
    0x00003b32,0x00030005,0x00000037,0x00007675,0x00060005,0x0000003b,0x6c707061,0x414d5379,
    0x66762841,0x00003b32,0x00030005,0x0000003a,0x00007675,0x000a0005,0x0000003f,0x6c707061,
    0x73655279,0x74756c6f,0x446e6f69,0x736e776f,0x656c6163,0x32667628,0x0000003b,0x00030005,
    0x0000003e,0x00007675,0x00080005,0x00000043,0x6c707061,0x74694479,0x69726568,0x7628676e,
    0x763b3366,0x003b3266,0x00040005,0x00000041,0x6f6c6f63,0x00000072,0x00050005,0x00000042,
    0x65726373,0x6f506e65,0x00000073,0x00090005,0x00000046,0x6c707061,0x6c6f4379,0x7551726f,
    0x69746e61,0x6974617a,0x76286e6f,0x003b3366,0x00040005,0x00000045,0x6f6c6f63,0x00000072,
    0x00070005,0x0000004a,0x6c707061,0x54524379,0x33667628,0x3266763b,0x0000003b,0x00040005,
    0x00000048,0x6f6c6f63,0x00000072,0x00030005,0x00000049,0x00007675,0x00060005,0x0000004d,
    0x6c707061,0x54554c79,0x33667628,0x0000003b,0x00040005,0x0000004c,0x6f6c6f63,0x00000072,
    0x00090005,0x00000051,0x6c707061,0x54524379,0x736f6850,0x726f6870,0x33667628,0x3266763b,
    0x0000003b,0x00040005,0x0000004f,0x6f6c6f63,0x00000072,0x00030005,0x00000050,0x00007675,
    0x00060005,0x00000054,0x6c707061,0x53485679,0x32667628,0x0000003b,0x00030005,0x00000053,
    0x00007675,0x00080005,0x00000057,0x6c707061,0x6c694679,0x7461476d,0x61655765,0x76286576,
    0x003b3266,0x00030005,0x00000056,0x00007675,0x00080005,0x0000005b,0x6c707061,0x67694c79,
    0x654c7468,0x76286b61,0x763b3366,0x003b3266,0x00040005,0x00000059,0x6f6c6f63,0x00000072,
    0x00030005,0x0000005a,0x00007675,0x000b0005,0x00000067,0x7261656e,0x50747365,0x74656c61,
    0x6f436574,0x28726f6c,0x3b336676,0x5b336676,0x3b5d3631,0x003b3169,0x00040005,0x00000064,
    0x6f6c6f63,0x00000072,0x00040005,0x00000065,0x656c6170,0x00657474,0x00040005,0x00000066,
    0x6e756f63,0x00000074,0x00090005,0x0000006b,0x6c707061,0x4d415479,0x63746148,0x676e6968,
    0x33667628,0x3266763b,0x0000003b,0x00040005,0x00000069,0x6f6c6f63,0x00000072,0x00030005,
    0x0000006a,0x00007675,0x00090005,0x0000006f,0x6c707061,0x74615779,0x6f637265,0x28726f6c,
    0x3b336676,0x3b326676,0x00000000,0x00040005,0x0000006d,0x6f6c6f63,0x00000072,0x00030005,
    0x0000006e,0x00007675,0x00080005,0x00000072,0x6c707061,0x6c615079,0x65747465,0x6b636f4c,
    0x33667628,0x0000003b,0x00040005,0x00000071,0x6f6c6f63,0x00000072,0x00080005,0x00000078,
    0x70697473,0x42656c70,0x72657961,0x28347834,0x3b326976,0x00000000,0x00030005,0x00000077,
    0x00736f70,0x00080005,0x0000007b,0x70697473,0x42656c70,0x72657961,0x28387838,0x3b326976,
    0x00000000,0x00030005,0x0000007a,0x00736f70,0x00080005,0x0000007e,0x70697473,0x42656c70,
    0x4e65756c,0x6573696f,0x32697628,0x0000003b,0x00030005,0x0000007d,0x00736f70,0x00080005,
    0x00000081,0x70697473,0x48656c70,0x74666c61,0x28656e6f,0x3b326976,0x00000000,0x00030005,
    0x00000080,0x00736f70,0x00080005,0x00000084,0x70697473,0x43656c70,0x73736f72,0x63746168,
    0x69762868,0x00003b32,0x00030005,0x00000083,0x00736f70,0x00080005,0x00000087,0x70697473,
    0x4f656c70,0x6c726576,0x286b6f6f,0x3b326976,0x00000000,0x00030005,0x00000086,0x00736f70,
    0x00080005,0x0000008a,0x70697473,0x4f656c70,0x72656472,0x78326465,0x69762832,0x00003b32,
    0x00030005,0x00000089,0x00736f70,0x000a0005,0x0000008f,0x70697473,0x46656c70,0x64796f6c,
    0x69657453,0x7265626e,0x69762867,0x31663b32,0x0000003b,0x00030005,0x0000008d,0x00736f70,
    0x00040005,0x0000008e,0x616d756c,0x00000000,0x00080005,0x00000093,0x6c707061,0x69745379,
    0x656c7070,0x33667628,0x3266763b,0x0000003b,0x00040005,0x00000091,0x6f6c6f63,0x00000072,
    0x00050005,0x00000092,0x65726373,0x6f506e65,0x00000073,0x00090005,0x00000099,0x656e696c,
    0x7a697261,0x70654465,0x66286874,0x31663b31,0x3b31663b,0x00000000,0x00030005,0x00000096,
    0x00000064,0x00040005,0x00000097,0x7261656e,0x00000000,0x00030005,0x00000098,0x00726166,
    0x000a0005,0x0000009d,0x65746e69,0x61656c72,0x47646576,0x69646172,0x4e746e65,0x6573696f,
    0x32667628,0x0000003b,0x00050005,0x0000009c,0x65726373,0x6f506e65,0x00000073,0x00090005,
    0x000000a2,0x6f636572,0x7274736e,0x57746375,0x646c726f,0x28736f50,0x3b326676,0x003b3166,
    0x00030005,0x000000a0,0x00007675,0x00040005,0x000000a1,0x74706564,0x00000068,0x00080005,
    0x000000a5,0x6f636572,0x7274736e,0x4e746375,0x616d726f,0x6676286c,0x00003b32,0x00030005,
    0x000000a4,0x00007675,0x00080005,0x000000a9,0x6c707061,0x646f4779,0x73796152,0x33667628,
    0x3266763b,0x0000003b,0x00040005,0x000000a7,0x6f6c6f63,0x00000072,0x00030005,0x000000a8,
    0x00007675,0x00070005,0x000000ad,0x6c707061,0x41535379,0x6676284f,0x66763b33,0x00003b32,
    0x00040005,0x000000ab,0x6f6c6f63,0x00000072,0x00030005,0x000000ac,0x00007675,0x000a0005,
    0x000000b1,0x6c707061,0x6e6f4379,0x74636174,0x64616853,0x2873776f,0x3b336676,0x3b326676,
    0x00000000,0x00040005,0x000000af,0x6f6c6f63,0x00000072,0x00030005,0x000000b0,0x00007675,
    0x00080005,0x000000b5,0x6c707061,0x75614379,0x63697473,0x66762873,0x66763b33,0x00003b32,
    0x00040005,0x000000b3,0x6f6c6f63,0x00000072,0x00030005,0x000000b4,0x00007675,0x00080005,
    0x000000b9,0x6c707061,0x676f4679,0x66616853,0x76287374,0x763b3366,0x003b3266,0x00040005,
    0x000000b7,0x6f6c6f63,0x00000072,0x00030005,0x000000b8,0x00007675,0x00090005,0x000000bd,
    0x6c707061,0x6c654379,0x6c74754f,0x28656e69,0x3b336676,0x3b326676,0x00000000,0x00040005,
    0x000000bb,0x6f6c6f63,0x00000072,0x00030005,0x000000bc,0x00007675,0x00070005,0x000000c1,
    0x6c707061,0x466f4479,0x33667628,0x3266763b,0x0000003b,0x00040005,0x000000bf,0x6f6c6f63,
    0x00000072,0x00030005,0x000000c0,0x00007675,0x00080005,0x000000c5,0x6c707061,0x6c695479,
    0x69685374,0x76287466,0x763b3366,0x003b3266,0x00040005,0x000000c3,0x6f6c6f63,0x00000072,
    0x00030005,0x000000c4,0x00007675,0x00080005,0x000000cb,0x6c707061,0x42414179,0x646f4d79,
    0x66762865,0x31753b32,0x0000003b,0x00030005,0x000000c9,0x00007675,0x00040005,0x000000ca,
    0x65646f6d,0x00000000,0x00030005,0x000000cd,0x00316d4c,0x00030005,0x000000eb,0x0000704c,
    0x00030005,0x000000f7,0x0000004c,0x00040005,0x0000013f,0x72727563,0x00000000,0x00040005,
    0x00000140,0x61726170,0x0000006d,0x00050005,0x00000143,0x74696877,0x61635365,0x0000656c,
    0x00040005,0x00000146,0x61726170,0x0000006d,0x00030005,0x0000016c,0x006c6176,0x00070005,
    0x00000191,0x74736f50,0x636f7250,0x53737365,0x69747465,0x0073676e,0x00070006,0x00000191,
    0x00000000,0x656e6f74,0x7070614d,0x4d676e69,0x0065646f,0x00060006,0x00000191,0x00000001,
    0x6f707865,0x65727573,0x00000000,0x00050006,0x00000191,0x00000002,0x6d6d6167,0x00000061,
    0x00060006,0x00000191,0x00000003,0x74696877,0x696f5065,0x0000746e,0x00070006,0x00000191,
    0x00000004,0x6f6f6c62,0x616e456d,0x64656c62,0x00000000,0x00070006,0x00000191,0x00000005,
    0x6f6f6c62,0x7268546d,0x6f687365,0x0000646c,0x00070006,0x00000191,0x00000006,0x6f6f6c62,
    0x746e496d,0x69736e65,0x00007974,0x00060006,0x00000191,0x00000007,0x6f6f6c62,0x6461526d,
    0x00737569,0x00070006,0x00000191,0x00000008,0x6e676976,0x65747465,0x62616e45,0x0064656c,
    0x00080006,0x00000191,0x00000009,0x6e676976,0x65747465,0x65746e49,0x7469736e,0x00000079,
    0x00080006,0x00000191,0x0000000a,0x6e676976,0x65747465,0x6f6f6d53,0x656e6874,0x00007373,
    0x00070006,0x00000191,0x0000000b,0x4f726468,0x75707475,0x646f4d74,0x00000065,0x000a0006,
    0x00000191,0x0000000c,0x6f726863,0x6974616d,0x65624163,0x74617272,0x456e6f69,0x6c62616e,
    0x00006465,0x000b0006,0x00000191,0x0000000d,0x6f726863,0x6974616d,0x65624163,0x74617272,
    0x496e6f69,0x6e65746e,0x79746973,0x00000000,0x00050006,0x00000191,0x0000000e,0x6461705f,
    0x00000031,0x00050006,0x00000191,0x0000000f,0x6461705f,0x00000032,0x00060006,0x00000191,
    0x00000010,0x6f6c6f63,0x6c694672,0x00726574,0x00060006,0x00000191,0x00000011,0x75746173,
    0x69746172,0x00006e6f,0x00060006,0x00000191,0x00000012,0x746e6f63,0x74736172,0x00000000,
    0x00060006,0x00000191,0x00000013,0x67697262,0x656e7468,0x00007373,0x00070006,0x00000191,
    0x00000014,0x6f6c6f63,0x696c6272,0x6f4d646e,0x00006564,0x00080006,0x00000191,0x00000015,
    0x6f6c6f63,0x696c6272,0x7453646e,0x676e6572,0x00006874,0x00080006,0x00000191,0x00000016,
    0x6d6c6966,0x69617247,0x616e456e,0x64656c62,0x00000000,0x00080006,0x00000191,0x00000017,
    0x6d6c6966,0x69617247,0x746e496e,0x69736e65,0x00007974,0x00050006,0x00000191,0x00000018,
    0x656d6974,0x00000000,0x00050006,0x00000191,0x00000019,0x6461705f,0x00000035,0x00060006,
    0x00000191,0x0000001a,0x61617866,0x62616e45,0x0064656c,0x00060006,0x00000191,0x0000001b,
    0x61617866,0x6e617053,0x0078614d,0x00070006,0x00000191,0x0000001c,0x61617866,0x75646552,
    0x694d6563,0x0000006e,0x00070006,0x00000191,0x0000001d,0x61617866,0x75646552,0x754d6563,
    0x0000006c,0x00060006,0x00000191,0x0000001e,0x65726373,0x69576e65,0x00687464,0x00070006,
    0x00000191,0x0000001f,0x65726373,0x65486e65,0x74686769,0x00000000,0x00050006,0x00000191,
    0x00000020,0x6f4d6161,0x00006564,0x00050006,0x00000191,0x00000021,0x6461705f,0x00000037,
    0x00070006,0x00000191,0x00000022,0x68746964,0x6e457265,0x656c6261,0x00000064,0x00070006,
    0x00000191,0x00000023,0x68746964,0x61507265,0x72657474,0x0000006e,0x00070006,0x00000191,
    0x00000024,0x68746964,0x74537265,0x676e6572,0x00006874,0x00060006,0x00000191,0x00000025,
    0x7465725f,0x61506f72,0x00003064,0x00080006,0x00000191,0x00000026,0x6f6c6f63,0x61755172,
    0x6e45746e,0x656c6261,0x00000064,0x00070006,0x00000191,0x00000027,0x6f6c6f63,0x74694272,
    0x74706544,0x00000068,0x00060006,0x00000191,0x00000028,0x7465725f,0x61506f72,0x00003164,
    0x00060006,0x00000191,0x00000029,0x7465725f,0x61506f72,0x00003264,0x00080006,0x00000191,
    0x0000002a,0x44736572,0x736e776f,0x656c6163,0x62616e45,0x0064656c,0x00070006,0x00000191,
    0x0000002b,0x65746e69,0x6c616e72,0x74646957,0x00000068,0x00070006,0x00000191,0x0000002c,
    0x65746e69,0x6c616e72,0x67696548,0x00007468,0x00080006,0x00000191,0x0000002d,0x50657375,
    0x746e696f,0x746c6946,0x6e697265,0x00000067,0x00060006,0x00000191,0x0000002e,0x45747263,
    0x6c62616e,0x00006465,0x00080006,0x00000191,0x0000002f,0x6e616373,0x656e696c,0x65746e49,
    0x7469736e,0x00000079,0x00070006,0x00000191,0x00000030,0x6e616373,0x656e696c,0x74646957,
    0x00000068,0x00070006,0x00000191,0x00000031,0x43747263,0x61767275,0x65727574,0x00000000,
    0x00060006,0x00000191,0x00000032,0x4574756c,0x6c62616e,0x00006465,0x00060006,0x00000191,
    0x00000033,0x5374756c,0x6e657274,0x00687467,0x00050006,0x00000191,0x00000034,0x5374756c,
    0x00657a69,0x00060006,0x00000191,0x00000035,0x74756c5f,0x30646150,0x00000000,0x00080006,
    0x00000191,0x00000036,0x50747263,0x70736f68,0x45726f68,0x6c62616e,0x00006465,0x00060006,
    0x00000191,0x00000037,0x4d747263,0x546b7361,0x00657079,0x00070006,0x00000191,0x00000038,
    0x4d747263,0x506b7361,0x68637469,0x00000000,0x00070006,0x00000191,0x00000039,0x42747263,
    0x6d6f6f6c,0x69646152,0x00007375,0x00080006,0x00000191,0x0000003a,0x42747263,0x6d6f6f6c,
    0x65727453,0x6874676e,0x00000000,0x00070006,0x00000191,0x0000003b,0x42747263,0x6d6f6f6c,
    0x6d676953,0x00000061,0x00070006,0x00000191,0x0000003c,0x4d747263,0x6c65646f,0x73657250,
    0x00007465,0x00050006,0x00000191,0x0000003d,0x54747263,0x00004c56,0x00060006,0x00000191,
    0x0000003e,0x45736876,0x6c62616e,0x00006465,0x00090006,0x00000191,0x0000003f,0x54736876,
    0x6b636172,0x49676e69,0x6e65746e,0x79746973,0x00000000,0x00080006,0x00000191,0x00000040,
    0x54736876,0x6b636172,0x53676e69,0x64656570,0x00000000,0x00080006,0x00000191,0x00000041,
    0x57736876,0x6c62626f,0x746e4965,0x69736e65,0x00007974,0x00070006,0x00000191,0x00000042,
    0x57736876,0x6c62626f,0x65705365,0x00006465,0x00070006,0x00000191,0x00000043,0x43736876,
    0x726f6c6f,0x65656c42,0x00000064,0x00080006,0x00000191,0x00000044,0x4e736876,0x6573696f,
    0x65746e49,0x7469736e,0x00000079,0x00070006,0x00000191,0x00000045,0x42736876,0x5365756c,
    0x74666968,0x00000000,0x00070006,0x00000191,0x00000046,0x53736876,0x65657263,0x6165546e,
    0x00000072,0x00070006,0x00000191,0x00000047,0x54736876,0x4f726165,0x65736666,0x00000074,
    0x00070006,0x00000191,0x00000048,0x49736876,0x7265746e,0x6963616c,0x0000676e,0x00070006,
    0x00000191,0x00000049,0x54736876,0x44657061,0x6f706f72,0x00007475,0x00090006,0x00000191,
    0x0000004a,0x6d6c6966,0x65746147,0x76616557,0x616e4565,0x64656c62,0x00000000,0x00090006,
    0x00000191,0x0000004b,0x6d6c6966,0x65746147,0x76616557,0x746e4965,0x69736e65,0x00007974,
    0x00080006,0x00000191,0x0000004c,0x6d6c6966,0x65746147,0x76616557,0x65705365,0x00006465,
    0x00080006,0x00000191,0x0000004d,0x6867696c,0x61654c74,0x616e456b,0x64656c62,0x00000000,
    0x00080006,0x00000191,0x0000004e,0x6867696c,0x61654c74,0x746e496b,0x69736e65,0x00007974,
    0x00070006,0x00000191,0x0000004f,0x6867696c,0x61654c74,0x6570536b,0x00006465,0x00080006,
    0x00000191,0x00000050,0x486d6174,0x68637461,0x45676e69,0x6c62616e,0x00006465,0x00080006,
    0x00000191,0x00000051,0x65746177,0x6c6f6372,0x6e45726f,0x656c6261,0x00000064,0x00070006,
    0x00000191,0x00000052,0x656c6170,0x45657474,0x6c62616e,0x00006465,0x00070006,0x00000191,
    0x00000053,0x656c6170,0x43657474,0x726f6c6f,0x00000073,0x00060006,0x00000191,0x00000054,
    0x656c6170,0x4d657474,0x0065646f,0x00080006,0x00000191,0x00000055,0x6d726f6e,0x75516c61,
    0x69746e61,0x7453657a,0x00737065,0x00060006,0x00000191,0x00000056,0x45666f64,0x6c62616e,
    0x00006465,0x00080006,0x00000191,0x00000057,0x46666f64,0x6c61636f,0x74736944,0x65636e61,
    0x00000000,0x00070006,0x00000191,0x00000058,0x46666f64,0x6c61636f,0x676e6152,0x00000065,
    0x00080006,0x00000191,0x00000059,0x4e666f64,0x42726165,0x5372756c,0x6e657274,0x00687467,
    0x00080006,0x00000191,0x0000005a,0x46666f64,0x6c427261,0x74537275,0x676e6572,0x00006874,
    0x00070006,0x00000191,0x0000005b,0x42666f64,0x68656b6f,0x657a6953,0x00000000,0x00080006,
    0x00000191,0x0000005c,0x41666f64,0x74726570,0x53657275,0x65706168,0x00000000,0x00060006,
    0x00000191,0x0000005d,0x44666f64,0x67756265,0x00436f43,0x00070006,0x00000191,0x0000005e,
    0x656d6163,0x654e6172,0x6c507261,0x00656e61,0x00070006,0x00000191,0x0000005f,0x656d6163,
    0x61466172,0x616c5072,0x0000656e,0x00060006,0x00000191,0x00000060,0x6d61635f,0x50617265,
    0x00306461,0x00060006,0x00000191,0x00000061,0x6d61635f,0x50617265,0x00316461,0x00080006,
    0x00000191,0x00000062,0x746c6974,0x66696853,0x616e4574,0x64656c62,0x00000000,0x00070006,
    0x00000191,0x00000063,0x746c6974,0x66696853,0x636f4674,0x00597375,0x00080006,0x00000191,
    0x00000064,0x746c6974,0x66696853,0x6e614274,0x64695764,0x00006874,0x00080006,0x00000191,
    0x00000065,0x746c6974,0x66696853,0x756c4274,0x6f6d4172,0x00746e75,0x00080006,0x00000191,
    0x00000066,0x4f6c6563,0x696c7475,0x6e45656e,0x656c6261,0x00000064,0x00080006,0x00000191,
    0x00000067,0x4f6c6563,0x696c7475,0x6854656e,0x6e6b6369,0x00737365,0x00080006,0x00000191,
    0x00000068,0x4f6c6563,0x696c7475,0x6854656e,0x68736572,0x00646c6f,0x00090006,0x00000191,
    0x00000069,0x4f6c6563,0x696c7475,0x6f4e656e,0x6c616d72,0x67696557,0x00007468,0x00070006,
    0x00000191,0x0000006a,0x4f6c6563,0x696c7475,0x6f43656e,0x00726f6c,0x00090006,0x00000191,
    0x0000006b,0x4f6c6563,0x696c7475,0x6544656e,0x57687470,0x68676965,0x00000074,0x000a0006,
    0x00000191,0x0000006c,0x4f6c6563,0x696c7475,0x7543656e,0x74617672,0x57657275,0x68676965,
    0x00000074,0x00070006,0x00000191,0x0000006d,0x70697473,0x45656c70,0x6c62616e,0x00006465,
    0x00080006,0x00000191,0x0000006e,0x70697473,0x50656c70,0x65747461,0x614d6e72,0x00006b73,
    0x00080006,0x00000191,0x0000006f,0x70697473,0x43656c70,0x726f6c6f,0x65646f4d,0x00000000,
    0x00070006,0x00000191,0x00000070,0x70697473,0x53656c70,0x656c6163,0x00000000,0x00070006,
    0x00000191,0x00000071,0x70697473,0x44656c70,0x69736e65,0x00007974,0x00070006,0x00000191,
    0x00000072,0x70697473,0x53656c70,0x6e657274,0x00687467,0x00070006,0x00000191,0x00000073,
    0x6974735f,0x656c7070,0x30646150,0x00000000,0x00070006,0x00000191,0x00000074,0x70697473,
    0x46656c70,0x6c6f4367,0x0000726f,0x00070006,0x00000191,0x00000075,0x6974735f,0x656c7070,
    0x32646150,0x00000000,0x00070006,0x00000191,0x00000076,0x70697473,0x42656c70,0x6c6f4367,
    0x0000726f,0x00070006,0x00000191,0x00000077,0x6974735f,0x656c7070,0x33646150,0x00000000,
    0x00070006,0x00000191,0x00000078,0x56766e69,0x50776569,0x306a6f72,0x00000000,0x00070006,
    0x00000191,0x00000079,0x56766e69,0x50776569,0x316a6f72,0x00000000,0x00070006,0x00000191,
    0x0000007a,0x56766e69,0x50776569,0x326a6f72,0x00000000,0x00070006,0x00000191,0x0000007b,
    0x56766e69,0x50776569,0x336a6f72,0x00000000,0x00070006,0x00000191,0x0000007c,0x6867696c,
    0x72694474,0x6c726f57,0x00000064,0x00050006,0x00000191,0x0000007d,0x5073735f,0x00306461,
    0x00070006,0x00000191,0x0000007e,0x6867696c,0x72635374,0x506e6565,0x0000736f,0x00070006,
    0x00000191,0x0000007f,0x52646f67,0x45737961,0x6c62616e,0x00006465,0x00080006,0x00000191,
    0x00000080,0x52646f67,0x49737961,0x6e65746e,0x79746973,0x00000000,0x00070006,0x00000191,
    0x00000081,0x52646f67,0x44737961,0x79616365,0x00000000,0x00070006,0x00000191,0x00000082,
    0x52646f67,0x44737961,0x69736e65,0x00007974,0x00070006,0x00000191,0x00000083,0x52646f67,
    0x53737961,0x6c706d61,0x00007365,0x00070006,0x00000191,0x00000084,0x52646f67,0x57737961,
    0x68676965,0x00000074,0x00070006,0x00000191,0x00000085,0x646f675f,0x73796152,0x30646150,
    0x00000000,0x00070006,0x00000191,0x00000086,0x646f675f,0x73796152,0x31646150,0x00000000,
    0x00060006,0x00000191,0x00000087,0x6f617373,0x62616e45,0x0064656c,0x00060006,0x00000191,
    0x00000088,0x6f617373,0x69646152,0x00007375,0x00070006,0x00000191,0x00000089,0x6f617373,
    0x65746e49,0x7469736e,0x00000079,0x00060006,0x00000191,0x0000008a,0x6f617373,0x73616942,
    0x00000000,0x00060006,0x00000191,0x0000008b,0x6f617373,0x706d6153,0x0073656c,0x00060006,
    0x00000191,0x0000008c,0x6173735f,0x6461506f,0x00000030,0x00060006,0x00000191,0x0000008d,
    0x6173735f,0x6461506f,0x00000031,0x00060006,0x00000191,0x0000008e,0x6173735f,0x6461506f,
    0x00000032,0x00090006,0x00000191,0x0000008f,0x746e6f63,0x53746361,0x6f646168,0x6e457377,
    0x656c6261,0x00000064,0x00090006,0x00000191,0x00000090,0x746e6f63,0x53746361,0x6f646168,
    0x654c7377,0x6874676e,0x00000000,0x00080006,0x00000191,0x00000091,0x746e6f63,0x53746361,
    0x6f646168,0x74537377,0x00737065,0x00090006,0x00000191,0x00000092,0x746e6f63,0x53746361,
    0x6f646168,0x6e497377,0x736e6574,0x00797469,0x00070006,0x00000191,0x00000093,0x73756163,
    0x73636974,0x62616e45,0x0064656c,0x00080006,0x00000191,0x00000094,0x73756163,0x73636974,
    0x65746e49,0x7469736e,0x00000079,0x00070006,0x00000191,0x00000095,0x73756163,0x73636974,
    0x6c616353,0x00000065,0x00070006,0x00000191,0x00000096,0x73756163,0x73636974,0x65657053,
    0x00000064,0x00070006,0x00000191,0x00000097,0x73756163,0x73636974,0x65746157,0x00005972,
    0x00070006,0x00000191,0x00000098,0x7561635f,0x63697473,0x64615073,0x00000030,0x00070006,
    0x00000191,0x00000099,0x7561635f,0x63697473,0x64615073,0x00000031,0x00070006,0x00000191,
    0x0000009a,0x7561635f,0x63697473,0x64615073,0x00000032,0x00080006,0x00000191,0x0000009b,
    0x53676f66,0x74666168,0x616e4573,0x64656c62,0x00000000,0x00080006,0x00000191,0x0000009c,
    0x53676f66,0x74666168,0x746e4973,0x69736e65,0x00007974,0x00080006,0x00000191,0x0000009d,
    0x53676f66,0x74666168,0x6e654473,0x79746973,0x00000000,0x00070006,0x00000191,0x0000009e,
    0x53676f66,0x74666168,0x63654473,0x00007961,0x00080006,0x00000191,0x0000009f,0x53676f66,
    0x74666168,0x6d615373,0x73656c70,0x00000000,0x00090006,0x00000191,0x000000a0,0x53676f66,
    0x74666168,0x78614d73,0x74736944,0x65636e61,0x00000000,0x00070006,0x00000191,0x000000a1,
    0x676f665f,0x66616853,0x61507374,0x00003064,0x00070006,0x00000191,0x000000a2,0x676f665f,
    0x66616853,0x61507374,0x00003164,0x00080006,0x00000191,0x000000a3,0x6f436161,0x7261706d,
    0x6e6f7369,0x62616e45,0x0064656c,0x00090006,0x00000191,0x000000a4,0x6f436161,0x7261706d,
    0x6e6f7369,0x65646f4d,0x7466654c,0x00000000,0x00090006,0x00000191,0x000000a5,0x6f436161,
    0x7261706d,0x6e6f7369,0x65646f4d,0x68676952,0x00000074,0x00080006,0x00000191,0x000000a6,
    0x6f436161,0x7261706d,0x6e6f7369,0x69766944,0x00726564,0x00050005,0x00000193,0x74746573,
    0x73676e69,0x00000000,0x00040005,0x000001a5,0x61726170,0x0000006d,0x00040005,0x000001aa,
    0x61726170,0x0000006d,0x00040005,0x000001ac,0x61726170,0x0000006d,0x00040005,0x000001b1,
    0x61726170,0x0000006d,0x00040005,0x000001b5,0x61726170,0x0000006d,0x00040005,0x000001b9,
    0x61726170,0x0000006d,0x00040005,0x000001cf,0x746e6563,0x00007265,0x00040005,0x000001d3,
    0x74736964,0x00000000,0x00050005,0x000001d6,0x6e676976,0x65747465,0x00000000,0x00050005,
    0x000001f6,0x696d756c,0x636e616e,0x00000065,0x00030005,0x0000021f,0x006d756c,0x00050005,
    0x0000022b,0x65727473,0x6874676e,0x00000000,0x00050005,0x0000022e,0x65736162,0x65646f4d,
    0x00000000,0x00050005,0x00000245,0x4d6d6973,0x69727461,0x00000078,0x00050005,0x00000273,
    0x436d6973,0x726f6c6f,0x00000000,0x00040005,0x0000027b,0x6f727265,0x00000072,0x00050005,
    0x0000027f,0x72726f63,0x69746365,0x00006e6f,0x00040005,0x000002a5,0x75736572,0x0000746c,
    0x00040005,0x000002b9,0x73696f6e,0x00000065,0x00060005,0x000002e0,0x6e656373,0x78655465,
    0x65727574,0x00000000,0x00050005,0x000002e6,0x65786574,0x7a69536c,0x00000065,0x00040005,
    0x000002f2,0x4e626772,0x00000057,0x00040005,0x000002fc,0x4e626772,0x00000045,0x00040005,
    0x00000305,0x53626772,0x00000057,0x00040005,0x0000030e,0x53626772,0x00000045,0x00040005,
    0x00000317,0x4d626772,0x00000000,0x00040005,0x0000031c,0x616d756c,0x0000574e,0x00040005,
    0x00000323,0x616d756c,0x0000454e,0x00040005,0x00000326,0x616d756c,0x00005753,0x00040005,
    0x00000329,0x616d756c,0x00004553,0x00040005,0x0000032c,0x616d756c,0x0000004d,0x00040005,
    0x0000032f,0x616d756c,0x006e694d,0x00040005,0x00000339,0x616d756c,0x0078614d,0x00030005,
    0x00000343,0x00726964,0x00050005,0x00000355,0x52726964,0x63756465,0x00000065,0x00050005,
    0x00000367,0x44706372,0x694d7269,0x0000006e,0x00040005,0x00000381,0x41626772,0x00000000,
    0x00040005,0x00000394,0x42626772,0x00000000,0x00040005,0x000003a9,0x616d756c,0x00000042,
    0x00050005,0x000003ba,0x65786574,0x7a69536c,0x00000065,0x00040005,0x000003c4,0x43626772,
    0x00000000,0x00040005,0x000003c9,0x4e626772,0x00000000,0x00040005,0x000003d2,0x53626772,
    0x00000000,0x00040005,0x000003db,0x57626772,0x00000000,0x00040005,0x000003e4,0x45626772,
    0x00000000,0x00040005,0x000003ed,0x616d756c,0x00000043,0x00040005,0x000003f0,0x616d756c,
    0x0000004e,0x00040005,0x000003f3,0x616d756c,0x00000053,0x00040005,0x000003f6,0x616d756c,
    0x00000057,0x00040005,0x000003f9,0x616d756c,0x00000045,0x00040005,0x000003fc,0x65676465,
    0x00000048,0x00040005,0x00000406,0x65676465,0x00000056,0x00040005,0x00000410,0x4e626772,
    0x00000057,0x00040005,0x00000418,0x4e626772,0x00000045,0x00040005,0x00000420,0x53626772,
    0x00000057,0x00040005,0x00000428,0x53626772,0x00000045,0x00040005,0x00000430,0x616d756c,
    0x0000574e,0x00040005,0x00000433,0x616d756c,0x0000454e,0x00040005,0x00000436,0x616d756c,
    0x00005753,0x00040005,0x00000439,0x616d756c,0x00004553,0x00040005,0x00000454,0x616d756c,
    0x006e694d,0x00040005,0x0000045e,0x616d756c,0x0078614d,0x00050005,0x00000468,0x616d756c,
    0x676e6152,0x00000065,0x00060005,0x0000046c,0x65676465,0x65726854,0x6c6f6873,0x00000064,
    0x00060005,0x00000478,0x6f487369,0x6f7a6972,0x6c61746e,0x00000000,0x00040005,0x0000047c,
    0x616d756c,0x00736f50,0x00040005,0x00000481,0x616d756c,0x0067654e,0x00040005,0x00000486,
    0x64617267,0x00736f50,0x00040005,0x0000048b,0x64617267,0x0067654e,0x00040005,0x00000490,
    0x64617267,0x0078614d,0x00050005,0x00000494,0x654e7369,0x72694467,0x00000000,0x00060005,
    0x00000498,0x50627573,0x6c657869,0x74636146,0x0000726f,0x00050005,0x000004b0,0x65676465,
    0x70657453,0x00000000,0x00050005,0x000004bd,0x65676465,0x6e676953,0x00000000,0x00050005,
    0x000004c0,0x6d726f6e,0x74536c61,0x00007065,0x00040005,0x000004d1,0x65676465,0x00005655,
    0x00050005,0x000004d6,0x616d756c,0x65676445,0x00000000,0x00060005,0x000004de,0x64617267,
    0x65726854,0x6c6f6873,0x00000064,0x00040005,0x000004e1,0x6f507675,0x00000073,0x00060005,
    0x000004e5,0x616d756c,0x746c6544,0x736f5061,0x00000000,0x00040005,0x000004ed,0x656e6f64,
    0x00736f50,0x00040005,0x000005c2,0x654e7675,0x00000067,0x00060005,0x000005c6,0x616d756c,
    0x746c6544,0x67654e61,0x00000000,0x00040005,0x000005ce,0x656e6f64,0x0067654e,0x00040005,
    0x000006a0,0x74736964,0x00736f50,0x00040005,0x000006b1,0x74736964,0x0067654e,0x00040005,
    0x000006c2,0x74736964,0x006e694d,0x00040005,0x000006c6,0x65676465,0x006e654c,0x00050005,
    0x000006ca,0x65676465,0x6e656c42,0x00000064,0x00070005,0x000006cf,0x754c7369,0x6543616d,
    0x7265746e,0x6c616d53,0x0072656c,0x00070005,0x000006d3,0x72726f63,0x56746365,0x61697261,
    0x6e6f6974,0x00000000,0x00050005,0x000006e2,0x616e6966,0x656c426c,0x0000646e,0x00040005,
    0x000006e8,0x616e6966,0x0056556c,0x00030005,0x000006fc,0x00007769,0x00030005,0x00000701,
    0x00006869,0x00050005,0x00000722,0x65726874,0x6c6f6873,0x00000064,0x00030005,0x00000723,
    0x00736f70,0x00030005,0x0000072c,0x00786469,0x00050005,0x0000073a,0x65646e69,0x6c626178,
    0x00000065,0x00030005,0x00000745,0x00786469,0x00050005,0x0000075c,0x65646e69,0x6c626178,
    0x00000065,0x00030005,0x00000763,0x00786469,0x00050005,0x000007a0,0x65646e69,0x6c626178,
    0x00000065,0x00040005,0x000007bf,0x6576656c,0x0000736c,0x00040005,0x000007dc,0x65726373,
    0x00596e65,0x00050005,0x000007e3,0x6e616373,0x656e696c,0x00000000,0x00050005,0x000007fd,
    0x746e6563,0x64657265,0x00000000,0x00030005,0x00000802,0x00003272,0x00050005,0x00000806,
    0x74736964,0x6974726f,0x00006e6f,0x00050005,0x0000080c,0x74736964,0x6574726f,0x00000064,
    0x00040005,0x0000082b,0x657a6973,0x00000000,0x00050005,0x00000834,0x65756c62,0x63696c53,
    0x00000065,0x00040005,0x0000083a,0x63696c73,0x00003065,0x00040005,0x0000083d,0x63696c73,
    0x00003165,0x00050005,0x00000843,0x6e656c62,0x63614664,0x00726f74,0x00030005,0x00000847,
    0x00307675,0x00030005,0x0000085f,0x00317675,0x00040005,0x00000877,0x3074756c,0x00000000,
    0x00050005,0x00000878,0x5474756c,0x75747865,0x00006572,0x00040005,0x0000087d,0x3174756c,
    0x00000000,0x00050005,0x00000882,0x4374756c,0x726f6c6f,0x00000000,0x00050005,0x00000899,
    0x65726373,0x6f506e65,0x00000073,0x00040005,0x000008a3,0x63746970,0x00000068,0x00040005,
    0x000008a8,0x6b73616d,0x00000000,0x00030005,0x000008a9,0x00007870,0x00030005,0x000008b0,
    0x00007970,0x00040005,0x000008bd,0x69727473,0x00006570,0x00030005,0x000008d6,0x006c6f63,
    0x00040005,0x000008db,0x5264646f,0x0000776f,0x00040005,0x000008e1,0x7366666f,0x00007465,
    0x00040005,0x000008e4,0x69727473,0x00006570,0x00030005,0x000008f9,0x006c6f63,0x00050005,
    0x000008fe,0x6e657665,0x746f6c53,0x00000000,0x00050005,0x0000091b,0x65786574,0x7a69536c,
    0x00000065,0x00040005,0x00000925,0x69646172,0x00007375,0x00040005,0x00000929,0x6d676973,
    0x00000061,0x00060005,0x0000092e,0x6e72656b,0x61526c65,0x73756964,0x00000000,0x00040005,
    0x00000934,0x6f6f6c62,0x0000006d,0x00050005,0x00000936,0x61746f74,0x6965576c,0x00746867,
    0x00030005,0x00000937,0x00007964,0x00030005,0x00000942,0x00007864,0x00040005,0x0000094d,
    0x7366666f,0x00007465,0x00040005,0x00000957,0x74736964,0x00000000,0x00040005,0x0000095e,
    0x67696577,0x00007468,0x00040005,0x0000097e,0x6b73616d,0x00006465,0x00040005,0x00000996,
    0x6769726f,0x00005655,0x00030005,0x00000998,0x00000074,0x00050005,0x000009a1,0x72616574,
    0x656e694c,0x00000000,0x00050005,0x000009bb,0x63617274,0x6e61426b,0x00000064,0x00040005,
    0x000009e7,0x65656c62,0x00000064,0x00030005,0x000009eb,0x00000072,0x00030005,0x000009f6,
    0x00000067,0x00030005,0x000009fb,0x00000062,0x00040005,0x00000a06,0x6f6c6f63,0x00000072,
    0x00050005,0x00000a0b,0x656e696c,0x73696f4e,0x00000065,0x00050005,0x00000a1d,0x65676465,
    0x74636146,0x0000726f,0x00040005,0x00000a3a,0x6d617266,0x00000065,0x00040005,0x00000a3f,
    0x656e696c,0x00000000,0x00040005,0x00000a57,0x706f7264,0x00000059,0x00040005,0x00000a5d,
    0x646e6162,0x00000031,0x00040005,0x00000a69,0x646e6162,0x00000032,0x00060005,0x00000a76,
    0x706f7264,0x65726854,0x6c6f6873,0x00000064,0x00040005,0x00000a7f,0x73696f6e,0x00000065,
    0x00030005,0x00000aa5,0x00000074,0x00050005,0x00000aac,0x65746e69,0x7469736e,0x00000079,
    0x00040005,0x00000ab0,0x76616577,0x00005865,0x00040005,0x00000ac5,0x76616577,0x00005965,
    0x00030005,0x00000aea,0x00000074,0x00050005,0x00000af1,0x65746e69,0x7469736e,0x00000079,
    0x00050005,0x00000af5,0x6b61656c,0x736f5031,0x00000000,0x00050005,0x00000b02,0x6b61656c,
    0x736f5032,0x00000000,0x00030005,0x00000b10,0x00003164,0x00030005,0x00000b17,0x00003264,
    0x00050005,0x00000b1e,0x6b61656c,0x6c6f4331,0x0000726f,0x00050005,0x00000b24,0x6b61656c,
    0x6c6f4332,0x0000726f,0x00040005,0x00000b2a,0x736c7570,0x00000065,0x00050005,0x00000b3c,
    0x74736562,0x74736944,0x00000000,0x00050005,0x00000b3e,0x74736562,0x6f6c6f43,0x00000072,
    0x00030005,0x00000b41,0x00000069,0x00040005,0x00000b4a,0x66666964,0x00000000,0x00030005,
    0x00000b50,0x00000064,0x00030005,0x00000b62,0x006d756c,0x00050005,0x00000b65,0x65726373,
    0x6f506e65,0x00000073,0x00040005,0x00000b6f,0x63746168,0x00000068,0x00040005,0x00000b74,
    0x656e696c,0x00000031,0x00040005,0x00000b7f,0x656e696c,0x00000032,0x00040005,0x00000b92,
    0x656e696c,0x00000031,0x00040005,0x00000b9d,0x656e696c,0x00000032,0x00040005,0x00000bd0,
    0x31746f64,0x00000000,0x00050005,0x00000bda,0x63746168,0x6c6f4368,0x0000726f,0x00050005,
    0x00000be1,0x65786574,0x7a69536c,0x00000065,0x00030005,0x00000beb,0x00004364,0x00060005,
    0x00000bec,0x74706564,0x78655468,0x65727574,0x00000000,0x00030005,0x00000bf1,0x00005264,
    0x00030005,0x00000bfa,0x00004464,0x00040005,0x00000c03,0x65676465,0x00000000,0x00030005,
    0x00000c14,0x006d756c,0x00040005,0x00000c17,0x6c6f6f70,0x00000000,0x00030005,0x00000c24,
    0x00000074,0x00040005,0x00000c27,0x69617267,0x0000006e,0x00030005,0x00000c32,0x00746173,
    0x00040005,0x00000c3d,0x72756c62,0x00000000,0x00030005,0x00000c3e,0x00000078,0x00030005,
    0x00000c47,0x00000079,0x00040005,0x00000c65,0x65676465,0x0078694d,0x00030005,0x00000c80,
    0x0000006e,0x00050005,0x00000c95,0x436c6170,0x746e756f,0x00000000,0x00030005,0x00000c9b,
    0x006c6170,0x00040005,0x00000d74,0x61726170,0x0000006d,0x00040005,0x00000d76,0x61726170,
    0x0000006d,0x00040005,0x00000d78,0x61726170,0x0000006d,0x00030005,0x00000d7d,0x00786469,
    0x00050005,0x00000d87,0x65646e69,0x6c626178,0x00000065,0x00030005,0x00000d8d,0x00786469,
    0x00050005,0x00000d97,0x65646e69,0x6c626178,0x00000065,0x00030005,0x00000d9d,0x00000070,
    0x00040005,0x00000daf,0x746e6563,0x00007265,0x00030005,0x00000dbc,0x00003164,0x00030005,
    0x00000dc5,0x00003264,0x00030005,0x00000dd5,0x00000070,0x00040005,0x00000dd8,0x59786568,
    0x00000000,0x00040005,0x00000ddc,0x7366666f,0x00007465,0x00040005,0x00000de0,0x58786568,
    0x00000000,0x00040005,0x00000de6,0x746e6563,0x00007265,0x00040005,0x00000de8,0x74736964,
    0x00000000,0x00030005,0x00000df6,0x00786469,0x00050005,0x00000e00,0x65646e69,0x6c626178,
    0x00000065,0x00040005,0x00000e06,0x73696f6e,0x00000065,0x00040005,0x00000e1a,0x6c616373,
    0x00000065,0x00030005,0x00000e1f,0x00736f70,0x00040005,0x00000e26,0x616d756c,0x00000000,
    0x00040005,0x00000e29,0x6b73616d,0x00000000,0x00050005,0x00000e2d,0x65726874,0x6c6f6873,
    0x00000064,0x00040005,0x00000e2e,0x6e756f63,0x00000074,0x00040005,0x00000e34,0x61726170,
    0x0000006d,0x00040005,0x00000e40,0x61726170,0x0000006d,0x00040005,0x00000e4c,0x61726170,
    0x0000006d,0x00040005,0x00000e59,0x61726170,0x0000006d,0x00040005,0x00000e65,0x61726170,
    0x0000006d,0x00040005,0x00000e72,0x61726170,0x0000006d,0x00040005,0x00000e7e,0x61726170,
    0x0000006d,0x00040005,0x00000e8b,0x61726170,0x0000006d,0x00040005,0x00000e8d,0x61726170,
    0x0000006d,0x00050005,0x00000e9c,0x73616962,0x754c6465,0x0000616d,0x00050005,0x00000ea9,
    0x70697473,0x64656c70,0x00000000,0x00040005,0x00000ecb,0x74636166,0x0000726f,0x00040005,
    0x00000ef6,0x70696c63,0x00000000,0x00040005,0x00000eff,0x6c726f77,0x00000064,0x00050005,
    0x00000f3c,0x65786574,0x7a69536c,0x00000065,0x00030005,0x00000f46,0x00004364,0x00030005,
    0x00000f4b,0x00005264,0x00030005,0x00000f54,0x00005564,0x00040005,0x00000f5d,0x43736f70,
    0x00000000,0x00040005,0x00000f5e,0x61726170,0x0000006d,0x00040005,0x00000f60,0x61726170,
    0x0000006d,0x00040005,0x00000f63,0x52736f70,0x00000000,0x00040005,0x00000f69,0x61726170,
    0x0000006d,0x00040005,0x00000f6a,0x61726170,0x0000006d,0x00040005,0x00000f6d,0x55736f70,
    0x00000000,0x00040005,0x00000f73,0x61726170,0x0000006d,0x00040005,0x00000f74,0x61726170,
    0x0000006d,0x00050005,0x00000f91,0x6867696c,0x736f5074,0x00000000,0x00060005,0x00000f96,
    0x52646f67,0x61537961,0x656c706d,0x00000073,0x00040005,0x00000f9c,0x746c6564,0x00565561,
    0x00050005,0x00000fa8,0x706d6173,0x5655656c,0x00000000,0x00060005,0x00000faa,0x756c6c69,
    0x616e696d,0x6e6f6974,0x00000000,0x00040005,0x00000fab,0x61636564,0x00000079,0x00030005,
    0x00000fac,0x00000069,0x00050005,0x00000fb8,0x6d616c63,0x55646570,0x00000056,0x00050005,
    0x00000fbf,0x706d6173,0x754c656c,0x0000616d,0x00040005,0x00000fea,0x74706564,0x00000068,
    0x00040005,0x00000ff6,0x67617266,0x00736f50,0x00040005,0x00000ff7,0x61726170,0x0000006d,
    0x00040005,0x00000ff9,0x61726170,0x0000006d,0x00040005,0x00000ffc,0x6d726f6e,0x00006c61,
    0x00040005,0x00000ffd,0x61726170,0x0000006d,0x00050005,0x00001000,0x65786574,0x7a69536c,
    0x00000065,0x00050005,0x0000100a,0x65726373,0x6f506e65,0x00000073,0x00050005,0x00001014,
    0x6c63636f,0x6f697375,0x0000006e,0x00050005,0x00001015,0x706d6173,0x6f43656c,0x00746e75,
    0x00030005,0x0000101a,0x00000069,0x00030005,0x00001023,0x00006966,0x00040005,0x00001026,
    0x73696f6e,0x00000065,0x00040005,0x0000102e,0x61726170,0x0000006d,0x00040005,0x00001030,
    0x6c676e61,0x00000065,0x00040005,0x00001038,0x69646172,0x00007375,0x00050005,0x00001043,
    0x706d6173,0x6944656c,0x00000072,0x00040005,0x00001053,0x676e6174,0x00746e65,0x00050005,
    0x00001060,0x61746962,0x6e65676e,0x00000074,0x00060005,0x00001064,0x706d6173,0x664f656c,
    0x74657366,0x00000000,0x00050005,0x00001073,0x706d6173,0x6f50656c,0x00000073,0x00050005,
    0x0000107b,0x6a6f7270,0x706d6153,0x0000656c,0x00050005,0x0000108c,0x7366666f,0x56557465,
    0x00000000,0x00050005,0x0000109c,0x706d6173,0x6544656c,0x00687470,0x00060005,0x000010a1,
    0x706d6173,0x694c656c,0x7261656e,0x00000000,0x00040005,0x000010a4,0x61726170,0x0000006d,
    0x00040005,0x000010a6,0x61726170,0x0000006d,0x00040005,0x000010a9,0x61726170,0x0000006d,
    0x00050005,0x000010ad,0x67617266,0x656e694c,0x00007261,0x00040005,0x000010ae,0x61726170,
    0x0000006d,0x00040005,0x000010b0,0x61726170,0x0000006d,0x00040005,0x000010b3,0x61726170,
    0x0000006d,0x00050005,0x000010b7,0x676e6172,0x65684365,0x00006b63,0x00040005,0x000010e7,
    0x74706564,0x00000068,0x00050005,0x000010f2,0x6867696c,0x72694474,0x00004432,0x00040005,
    0x000010f9,0x74537363,0x00737065,0x00040005,0x000010fe,0x70657473,0x00005655,0x00050005,
    0x00001108,0x67617266,0x656e694c,0x00007261,0x00040005,0x00001109,0x61726170,0x0000006d,
    0x00040005,0x0000110b,0x61726170,0x0000006d,0x00040005,0x0000110e,0x61726170,0x0000006d,
    0x00050005,0x00001112,0x706d6173,0x5655656c,0x00000000,0x00040005,0x00001114,0x64616873,
    0x0000776f,0x00030005,0x00001115,0x00000069,0x00050005,0x0000113c,0x706d6173,0x6544656c,
    0x00687470,0x00060005,0x00001141,0x706d6173,0x694c656c,0x7261656e,0x00000000,0x00040005,
    0x00001142,0x61726170,0x0000006d,0x00040005,0x00001144,0x61726170,0x0000006d,0x00040005,
    0x00001147,0x61726170,0x0000006d,0x00030005,0x0000114b,0x00000074,0x00060005,0x00001151,
    0x65707865,0x64657463,0x74706544,0x00000068,0x00050005,0x0000115a,0x63696874,0x73656e6b,
    0x00000073,0x00040005,0x00001186,0x74706564,0x00000068,0x00050005,0x00001191,0x6c726f77,
    0x736f5064,0x00000000,0x00040005,0x00001192,0x61726170,0x0000006d,0x00040005,0x00001194,
    0x61726170,0x0000006d,0x00030005,0x000011a1,0x00000074,0x00030005,0x000011a8,0x00000070,
    0x00050005,0x000011af,0x446e696d,0x31747369,0x00000000,0x00050005,0x000011b0,0x446e696d,
    0x32747369,0x00000000,0x00030005,0x000011b1,0x00000079,0x00030005,0x000011b9,0x00000078,
    0x00040005,0x000011c1,0x6c6c6563,0x00000000,0x00040005,0x000011c7,0x6c6c6563,0x00004449,
    0x00050005,0x000011cc,0x6c6c6563,0x746e6543,0x00007265,0x00030005,0x000011ef,0x00000064,
    0x00040005,0x0000120a,0x73756163,0x00636974,0x00060005,0x00001212,0x65746177,0x70654472,
    0x61466874,0x00006564,0x00040005,0x0000122e,0x74706564,0x00000068,0x00050005,0x00001233,
    0x67617266,0x656e694c,0x00007261,0x00040005,0x00001234,0x61726170,0x0000006d,0x00040005,
    0x00001236,0x61726170,0x0000006d,0x00040005,0x00001239,0x61726170,0x0000006d,0x00040005,
    0x0000123d,0x4478616d,0x00747369,0x00050005,0x00001243,0x65726373,0x6f506e65,0x00000073,
    0x00040005,0x0000124d,0x73696f6e,0x00003065,0x00040005,0x0000124e,0x61726170,0x0000006d,
    0x00050005,0x00001251,0x6867696c,0x72694474,0x00004432,0x00030005,0x00001258,0x00676f66,
    0x00040005,0x00001259,0x61636564,0x00000079,0x00050005,0x0000125a,0x706d6173,0x6f43656c,
    0x00746e75,0x00030005,0x0000125f,0x00000069,0x00030005,0x00001268,0x00000074,0x00050005,
    0x00001270,0x706d6173,0x5655656c,0x00000000,0x00050005,0x0000127b,0x706d6173,0x6544656c,
    0x00687470,0x00060005,0x00001280,0x706d6173,0x694c656c,0x7261656e,0x00000000,0x00040005,
    0x00001281,0x61726170,0x0000006d,0x00040005,0x00001283,0x61726170,0x0000006d,0x00040005,
    0x00001286,0x61726170,0x0000006d,0x00050005,0x0000128a,0x706d6173,0x6944656c,0x00007473,
    0x00060005,0x000012a1,0x6867696c,0x696c4174,0x656d6e67,0x0000746e,0x00050005,0x000012c5,
    0x65786574,0x7a69536c,0x00000065,0x00050005,0x000012cf,0x63696874,0x73656e6b,0x00000073,
    0x00030005,0x000012d9,0x0000436e,0x00040005,0x000012da,0x61726170,0x0000006d,0x00030005,
    0x000012dd,0x00004c6e,0x00040005,0x000012e2,0x61726170,0x0000006d,0x00030005,0x000012e4,
    0x0000526e,0x00040005,0x000012e9,0x61726170,0x0000006d,0x00030005,0x000012eb,0x0000556e,
    0x00040005,0x000012f0,0x61726170,0x0000006d,0x00030005,0x000012f2,0x0000446e,0x00040005,
    0x000012f7,0x61726170,0x0000006d,0x00050005,0x000012f9,0x6c70616c,0x61696361,0x0000006e,
    0x00050005,0x00001304,0x76727563,0x72757461,0x00000065,0x00030005,0x00001314,0x00303064,
    0x00030005,0x00001321,0x00303164,0x00030005,0x0000132c,0x00303264,0x00030005,0x00001338,
    0x00313064,0x00030005,0x00001343,0x00313264,0x00030005,0x0000134d,0x00323064,0x00030005,
    0x00001359,0x00323164,0x00030005,0x00001363,0x00323264,0x00040005,0x0000136d,0x65626f73,
    0x0000586c,0x00040005,0x0000137b,0x65626f73,0x0000596c,0x00050005,0x00001389,0x74706564,
    0x67644568,0x00000065,0x00050005,0x00001392,0x6d726f6e,0x64456c61,0x00006567,0x00030005,
    0x00001399,0x0030306e,0x00040005,0x000013a3,0x61726170,0x0000006d,0x00030005,0x000013a5,
    0x0030316e,0x00040005,0x000013ad,0x61726170,0x0000006d,0x00030005,0x000013af,0x0030326e,
    0x00040005,0x000013b8,0x61726170,0x0000006d,0x00030005,0x000013ba,0x0031306e,0x00040005,
    0x000013c2,0x61726170,0x0000006d,0x00030005,0x000013c4,0x0031326e,0x00040005,0x000013cb,
    0x61726170,0x0000006d,0x00030005,0x000013cd,0x0032306e,0x00040005,0x000013d6,0x61726170,
    0x0000006d,0x00030005,0x000013d8,0x0032316e,0x00040005,0x000013df,0x61726170,0x0000006d,
    0x00030005,0x000013e1,0x0032326e,0x00040005,0x000013e8,0x61726170,0x0000006d,0x00040005,
    0x000013ea,0x626f536e,0x00586c65,0x00040005,0x000013f8,0x626f536e,0x00596c65,0x00060005,
    0x0000140b,0x65676465,0x6e67614d,0x64757469,0x00000065,0x00040005,0x00001416,0x65676465,
    0x00000000,0x00040005,0x00001428,0x74706564,0x00000068,0x00050005,0x0000142d,0x656e696c,
    0x65447261,0x00687470,0x00040005,0x0000142e,0x61726170,0x0000006d,0x00040005,0x00001430,
    0x61726170,0x0000006d,0x00040005,0x00001433,0x61726170,0x0000006d,0x00030005,0x00001437,
    0x00636f63,0x00040005,0x00001442,0x53636f63,0x006e6769,0x00040005,0x00001445,0x4d636f63,
    0x00006761,0x00060005,0x00001449,0x72756c62,0x65727453,0x6874676e,0x00000000,0x00050005,
    0x0000147f,0x65786574,0x7a69536c,0x00000065,0x00040005,0x00001489,0x69646172,0x00007375,
    0x00040005,0x0000148f,0x75736572,0x0000746c,0x00050005,0x00001490,0x61746f74,0x6965576c,
    0x00746867,0x00030005,0x00001491,0x00000069,0x00050005,0x00001499,0x706d6173,0x5655656c,
    0x00000000,0x00050005,0x000014cf,0x65646e69,0x6c626178,0x00000065,0x00050005,0x000014d7,
    0x706d6173,0x6544656c,0x00687470,0x00060005,0x000014dc,0x706d6173,0x694c656c,0x7261656e,
    0x00000000,0x00040005,0x000014dd,0x61726170,0x0000006d,0x00040005,0x000014df,0x61726170,
    0x0000006d,0x00040005,0x000014e2,0x61726170,0x0000006d,0x00050005,0x000014e6,0x706d6173,
    0x6f43656c,0x00000043,0x00030005,0x000014f2,0x00000077,0x00040005,0x00001515,0x74736964,
    0x00000000,0x00050005,0x0000151d,0x666c6168,0x646e6142,0x00000000,0x00040005,0x00001522,
    0x72756c62,0x00000000,0x00050005,0x0000152e,0x65786574,0x7a69536c,0x00000065,0x00040005,
    0x00001538,0x69646172,0x00007375,0x00040005,0x0000153e,0x75736572,0x0000746c,0x00050005,
    0x0000153f,0x61746f74,0x6965576c,0x00746867,0x00030005,0x00001540,0x00000078,0x00030005,
    0x00001549,0x00000079,0x00040005,0x00001551,0x7366666f,0x00007465,0x00030005,0x0000155b,
    0x00000077,0x00040005,0x00001580,0x61726170,0x0000006d,0x00040005,0x00001589,0x61726170,
    0x0000006d,0x00030005,0x00001594,0x00007675,0x00040005,0x00001596,0x67617266,0x00005655,
    0x00040005,0x00001598,0x61726170,0x0000006d,0x00050005,0x000015a6,0x746e6563,0x64657265,
    0x00000000,0x00030005,0x000015ab,0x00003272,0x00040005,0x000015ba,0x61726170,0x0000006d,
    0x00040005,0x000015c2,0x6f6c6f63,0x00000072,0x00040005,0x000015c3,0x61726170,0x0000006d,
    0x00050005,0x000015cd,0x69766964,0x58726564,0x00000000,0x00040005,0x000015d8,0x61726170,
    0x0000006d,0x00040005,0x000015da,0x61726170,0x0000006d,0x00040005,0x000015e0,0x61726170,
    0x0000006d,0x00040005,0x000015e2,0x61726170,0x0000006d,0x00050005,0x000015e6,0x65786970,
    0x6469576c,0x00006874,0x00040005,0x000015fb,0x61726170,0x0000006d,0x00040005,0x00001604,
    0x61726170,0x0000006d,0x00050005,0x00001611,0x65436163,0x7265746e,0x00000000,0x00040005,
    0x00001615,0x664f6163,0x00000066,0x00040005,0x0000162d,0x61726170,0x0000006d,0x00040005,
    0x0000162f,0x61726170,0x0000006d,0x00040005,0x00001632,0x61726170,0x0000006d,0x00040005,
    0x00001634,0x61726170,0x0000006d,0x00040005,0x00001637,0x61726170,0x0000006d,0x00040005,
    0x00001639,0x61726170,0x0000006d,0x00040005,0x0000163c,0x61726170,0x0000006d,0x00040005,
    0x0000163e,0x61726170,0x0000006d,0x00040005,0x00001641,0x61726170,0x0000006d,0x00040005,
    0x00001643,0x61726170,0x0000006d,0x00040005,0x0000164c,0x61726170,0x0000006d,0x00040005,
    0x0000164e,0x61726170,0x0000006d,0x00040005,0x00001657,0x61726170,0x0000006d,0x00040005,
    0x00001659,0x61726170,0x0000006d,0x00040005,0x00001661,0x61726170,0x0000006d,0x00040005,
    0x00001664,0x61726170,0x0000006d,0x00040005,0x00001667,0x61726170,0x0000006d,0x00040005,
    0x0000166a,0x61726170,0x0000006d,0x00040005,0x0000166d,0x61726170,0x0000006d,0x00040005,
    0x0000166f,0x61726170,0x0000006d,0x00040005,0x00001672,0x61726170,0x0000006d,0x00040005,
    0x00001674,0x61726170,0x0000006d,0x00040005,0x00001677,0x61726170,0x0000006d,0x00040005,
    0x00001679,0x61726170,0x0000006d,0x00040005,0x0000167c,0x61726170,0x0000006d,0x00040005,
    0x0000167e,0x61726170,0x0000006d,0x00040005,0x00001687,0x61726170,0x0000006d,0x00040005,
    0x00001689,0x61726170,0x0000006d,0x00040005,0x00001692,0x61726170,0x0000006d,0x00040005,
    0x00001694,0x61726170,0x0000006d,0x00050005,0x00001697,0x65726373,0x6f506e65,0x00000073,
    0x00040005,0x000016a1,0x61726170,0x0000006d,0x00040005,0x000016a3,0x61726170,0x0000006d,
    0x00040005,0x000016a6,0x61726170,0x0000006d,0x00040005,0x000016a9,0x61726170,0x0000006d,
    0x00040005,0x000016ac,0x61726170,0x0000006d,0x00040005,0x000016ae,0x61726170,0x0000006d,
    0x00050005,0x000016b7,0x4374756f,0x726f6c6f,0x00000000,0x00040005,0x000016c6,0x61726170,
    0x0000006d,0x00040005,0x000016d5,0x61726170,0x0000006d,0x00040005,0x000016d7,0x61726170,
    0x0000006d,0x00040005,0x000016da,0x61726170,0x0000006d,0x00040005,0x000016dc,0x61726170,
    0x0000006d,0x00030047,0x00000191,0x00000002,0x00050048,0x00000191,0x00000000,0x00000023,
    0x00000000,0x00050048,0x00000191,0x00000001,0x00000023,0x00000004,0x00050048,0x00000191,
    0x00000002,0x00000023,0x00000008,0x00050048,0x00000191,0x00000003,0x00000023,0x0000000c,
    0x00050048,0x00000191,0x00000004,0x00000023,0x00000010,0x00050048,0x00000191,0x00000005,
    0x00000023,0x00000014,0x00050048,0x00000191,0x00000006,0x00000023,0x00000018,0x00050048,
    0x00000191,0x00000007,0x00000023,0x0000001c,0x00050048,0x00000191,0x00000008,0x00000023,
    0x00000020,0x00050048,0x00000191,0x00000009,0x00000023,0x00000024,0x00050048,0x00000191,
    0x0000000a,0x00000023,0x00000028,0x00050048,0x00000191,0x0000000b,0x00000023,0x0000002c,
    0x00050048,0x00000191,0x0000000c,0x00000023,0x00000030,0x00050048,0x00000191,0x0000000d,
    0x00000023,0x00000034,0x00050048,0x00000191,0x0000000e,0x00000023,0x00000038,0x00050048,
    0x00000191,0x0000000f,0x00000023,0x0000003c,0x00050048,0x00000191,0x00000010,0x00000023,
    0x00000040,0x00050048,0x00000191,0x00000011,0x00000023,0x0000004c,0x00050048,0x00000191,
    0x00000012,0x00000023,0x00000050,0x00050048,0x00000191,0x00000013,0x00000023,0x00000054,
    0x00050048,0x00000191,0x00000014,0x00000023,0x00000058,0x00050048,0x00000191,0x00000015,
    0x00000023,0x0000005c,0x00050048,0x00000191,0x00000016,0x00000023,0x00000060,0x00050048,
    0x00000191,0x00000017,0x00000023,0x00000064,0x00050048,0x00000191,0x00000018,0x00000023,
    0x00000068,0x00050048,0x00000191,0x00000019,0x00000023,0x0000006c,0x00050048,0x00000191,
    0x0000001a,0x00000023,0x00000070,0x00050048,0x00000191,0x0000001b,0x00000023,0x00000074,
    0x00050048,0x00000191,0x0000001c,0x00000023,0x00000078,0x00050048,0x00000191,0x0000001d,
    0x00000023,0x0000007c,0x00050048,0x00000191,0x0000001e,0x00000023,0x00000080,0x00050048,
    0x00000191,0x0000001f,0x00000023,0x00000084,0x00050048,0x00000191,0x00000020,0x00000023,
    0x00000088,0x00050048,0x00000191,0x00000021,0x00000023,0x0000008c,0x00050048,0x00000191,
    0x00000022,0x00000023,0x00000090,0x00050048,0x00000191,0x00000023,0x00000023,0x00000094,
    0x00050048,0x00000191,0x00000024,0x00000023,0x00000098,0x00050048,0x00000191,0x00000025,
    0x00000023,0x0000009c,0x00050048,0x00000191,0x00000026,0x00000023,0x000000a0,0x00050048,
    0x00000191,0x00000027,0x00000023,0x000000a4,0x00050048,0x00000191,0x00000028,0x00000023,
    0x000000a8,0x00050048,0x00000191,0x00000029,0x00000023,0x000000ac,0x00050048,0x00000191,
    0x0000002a,0x00000023,0x000000b0,0x00050048,0x00000191,0x0000002b,0x00000023,0x000000b4,
    0x00050048,0x00000191,0x0000002c,0x00000023,0x000000b8,0x00050048,0x00000191,0x0000002d,
    0x00000023,0x000000bc,0x00050048,0x00000191,0x0000002e,0x00000023,0x000000c0,0x00050048,
    0x00000191,0x0000002f,0x00000023,0x000000c4,0x00050048,0x00000191,0x00000030,0x00000023,
    0x000000c8,0x00050048,0x00000191,0x00000031,0x00000023,0x000000cc,0x00050048,0x00000191,
    0x00000032,0x00000023,0x000000d0,0x00050048,0x00000191,0x00000033,0x00000023,0x000000d4,
    0x00050048,0x00000191,0x00000034,0x00000023,0x000000d8,0x00050048,0x00000191,0x00000035,
    0x00000023,0x000000dc,0x00050048,0x00000191,0x00000036,0x00000023,0x000000e0,0x00050048,
    0x00000191,0x00000037,0x00000023,0x000000e4,0x00050048,0x00000191,0x00000038,0x00000023,
    0x000000e8,0x00050048,0x00000191,0x00000039,0x00000023,0x000000ec,0x00050048,0x00000191,
    0x0000003a,0x00000023,0x000000f0,0x00050048,0x00000191,0x0000003b,0x00000023,0x000000f4,
    0x00050048,0x00000191,0x0000003c,0x00000023,0x000000f8,0x00050048,0x00000191,0x0000003d,
    0x00000023,0x000000fc,0x00050048,0x00000191,0x0000003e,0x00000023,0x00000100,0x00050048,
    0x00000191,0x0000003f,0x00000023,0x00000104,0x00050048,0x00000191,0x00000040,0x00000023,
    0x00000108,0x00050048,0x00000191,0x00000041,0x00000023,0x0000010c,0x00050048,0x00000191,
    0x00000042,0x00000023,0x00000110,0x00050048,0x00000191,0x00000043,0x00000023,0x00000114,
    0x00050048,0x00000191,0x00000044,0x00000023,0x00000118,0x00050048,0x00000191,0x00000045,
    0x00000023,0x0000011c,0x00050048,0x00000191,0x00000046,0x00000023,0x00000120,0x00050048,
    0x00000191,0x00000047,0x00000023,0x00000124,0x00050048,0x00000191,0x00000048,0x00000023,
    0x00000128,0x00050048,0x00000191,0x00000049,0x00000023,0x0000012c,0x00050048,0x00000191,
    0x0000004a,0x00000023,0x00000130,0x00050048,0x00000191,0x0000004b,0x00000023,0x00000134,
    0x00050048,0x00000191,0x0000004c,0x00000023,0x00000138,0x00050048,0x00000191,0x0000004d,
    0x00000023,0x0000013c,0x00050048,0x00000191,0x0000004e,0x00000023,0x00000140,0x00050048,
    0x00000191,0x0000004f,0x00000023,0x00000144,0x00050048,0x00000191,0x00000050,0x00000023,
    0x00000148,0x00050048,0x00000191,0x00000051,0x00000023,0x0000014c,0x00050048,0x00000191,
    0x00000052,0x00000023,0x00000150,0x00050048,0x00000191,0x00000053,0x00000023,0x00000154,
    0x00050048,0x00000191,0x00000054,0x00000023,0x00000158,0x00050048,0x00000191,0x00000055,
    0x00000023,0x0000015c,0x00050048,0x00000191,0x00000056,0x00000023,0x00000160,0x00050048,
    0x00000191,0x00000057,0x00000023,0x00000164,0x00050048,0x00000191,0x00000058,0x00000023,
    0x00000168,0x00050048,0x00000191,0x00000059,0x00000023,0x0000016c,0x00050048,0x00000191,
    0x0000005a,0x00000023,0x00000170,0x00050048,0x00000191,0x0000005b,0x00000023,0x00000174,
    0x00050048,0x00000191,0x0000005c,0x00000023,0x00000178,0x00050048,0x00000191,0x0000005d,
    0x00000023,0x0000017c,0x00050048,0x00000191,0x0000005e,0x00000023,0x00000180,0x00050048,
    0x00000191,0x0000005f,0x00000023,0x00000184,0x00050048,0x00000191,0x00000060,0x00000023,
    0x00000188,0x00050048,0x00000191,0x00000061,0x00000023,0x0000018c,0x00050048,0x00000191,
    0x00000062,0x00000023,0x00000190,0x00050048,0x00000191,0x00000063,0x00000023,0x00000194,
    0x00050048,0x00000191,0x00000064,0x00000023,0x00000198,0x00050048,0x00000191,0x00000065,
    0x00000023,0x0000019c,0x00050048,0x00000191,0x00000066,0x00000023,0x000001a0,0x00050048,
    0x00000191,0x00000067,0x00000023,0x000001a4,0x00050048,0x00000191,0x00000068,0x00000023,
    0x000001a8,0x00050048,0x00000191,0x00000069,0x00000023,0x000001ac,0x00050048,0x00000191,
    0x0000006a,0x00000023,0x000001b0,0x00050048,0x00000191,0x0000006b,0x00000023,0x000001bc,
    0x00050048,0x00000191,0x0000006c,0x00000023,0x000001c0,0x00050048,0x00000191,0x0000006d,
    0x00000023,0x000001c4,0x00050048,0x00000191,0x0000006e,0x00000023,0x000001c8,0x00050048,
    0x00000191,0x0000006f,0x00000023,0x000001cc,0x00050048,0x00000191,0x00000070,0x00000023,
    0x000001d0,0x00050048,0x00000191,0x00000071,0x00000023,0x000001d4,0x00050048,0x00000191,
    0x00000072,0x00000023,0x000001d8,0x00050048,0x00000191,0x00000073,0x00000023,0x000001dc,
    0x00050048,0x00000191,0x00000074,0x00000023,0x000001e0,0x00050048,0x00000191,0x00000075,
    0x00000023,0x000001ec,0x00050048,0x00000191,0x00000076,0x00000023,0x000001f0,0x00050048,
    0x00000191,0x00000077,0x00000023,0x000001fc,0x00050048,0x00000191,0x00000078,0x00000023,
    0x00000200,0x00050048,0x00000191,0x00000079,0x00000023,0x00000210,0x00050048,0x00000191,
    0x0000007a,0x00000023,0x00000220,0x00050048,0x00000191,0x0000007b,0x00000023,0x00000230,
    0x00050048,0x00000191,0x0000007c,0x00000023,0x00000240,0x00050048,0x00000191,0x0000007d,
    0x00000023,0x0000024c,0x00050048,0x00000191,0x0000007e,0x00000023,0x00000250,0x00050048,
    0x00000191,0x0000007f,0x00000023,0x00000260,0x00050048,0x00000191,0x00000080,0x00000023,
    0x00000264,0x00050048,0x00000191,0x00000081,0x00000023,0x00000268,0x00050048,0x00000191,
    0x00000082,0x00000023,0x0000026c,0x00050048,0x00000191,0x00000083,0x00000023,0x00000270,
    0x00050048,0x00000191,0x00000084,0x00000023,0x00000274,0x00050048,0x00000191,0x00000085,
    0x00000023,0x00000278,0x00050048,0x00000191,0x00000086,0x00000023,0x0000027c,0x00050048,
    0x00000191,0x00000087,0x00000023,0x00000280,0x00050048,0x00000191,0x00000088,0x00000023,
    0x00000284,0x00050048,0x00000191,0x00000089,0x00000023,0x00000288,0x00050048,0x00000191,
    0x0000008a,0x00000023,0x0000028c,0x00050048,0x00000191,0x0000008b,0x00000023,0x00000290,
    0x00050048,0x00000191,0x0000008c,0x00000023,0x00000294,0x00050048,0x00000191,0x0000008d,
    0x00000023,0x00000298,0x00050048,0x00000191,0x0000008e,0x00000023,0x0000029c,0x00050048,
    0x00000191,0x0000008f,0x00000023,0x000002a0,0x00050048,0x00000191,0x00000090,0x00000023,
    0x000002a4,0x00050048,0x00000191,0x00000091,0x00000023,0x000002a8,0x00050048,0x00000191,
    0x00000092,0x00000023,0x000002ac,0x00050048,0x00000191,0x00000093,0x00000023,0x000002b0,
    0x00050048,0x00000191,0x00000094,0x00000023,0x000002b4,0x00050048,0x00000191,0x00000095,
    0x00000023,0x000002b8,0x00050048,0x00000191,0x00000096,0x00000023,0x000002bc,0x00050048,
    0x00000191,0x00000097,0x00000023,0x000002c0,0x00050048,0x00000191,0x00000098,0x00000023,
    0x000002c4,0x00050048,0x00000191,0x00000099,0x00000023,0x000002c8,0x00050048,0x00000191,
    0x0000009a,0x00000023,0x000002cc,0x00050048,0x00000191,0x0000009b,0x00000023,0x000002d0,
    0x00050048,0x00000191,0x0000009c,0x00000023,0x000002d4,0x00050048,0x00000191,0x0000009d,
    0x00000023,0x000002d8,0x00050048,0x00000191,0x0000009e,0x00000023,0x000002dc,0x00050048,
    0x00000191,0x0000009f,0x00000023,0x000002e0,0x00050048,0x00000191,0x000000a0,0x00000023,
    0x000002e4,0x00050048,0x00000191,0x000000a1,0x00000023,0x000002e8,0x00050048,0x00000191,
    0x000000a2,0x00000023,0x000002ec,0x00050048,0x00000191,0x000000a3,0x00000023,0x000002f0,
    0x00050048,0x00000191,0x000000a4,0x00000023,0x000002f4,0x00050048,0x00000191,0x000000a5,
    0x00000023,0x000002f8,0x00050048,0x00000191,0x000000a6,0x00000023,0x000002fc,0x00040047,
    0x00000193,0x00000021,0x00000001,0x00040047,0x00000193,0x00000022,0x00000000,0x00040047,
    0x000002e0,0x00000021,0x00000000,0x00040047,0x000002e0,0x00000022,0x00000000,0x00040047,
    0x00000878,0x00000021,0x00000002,0x00040047,0x00000878,0x00000022,0x00000000,0x00040047,
    0x00000bec,0x00000021,0x00000003,0x00040047,0x00000bec,0x00000022,0x00000000,0x00040047,
    0x00001596,0x0000001e,0x00000000,0x00040047,0x000016b7,0x0000001e,0x00000000,0x00020013,
    0x00000002,0x00030021,0x00000003,0x00000002,0x00030016,0x00000006,0x00000020,0x00040017,
    0x00000007,0x00000006,0x00000003,0x00040020,0x00000008,0x00000007,0x00000007,0x00040021,
    0x00000009,0x00000007,0x00000008,0x00040020,0x00000010,0x00000007,0x00000006,0x00050021,
    0x00000011,0x00000007,0x00000008,0x00000010,0x00040017,0x00000025,0x00000006,0x00000002,
    0x00040020,0x00000026,0x00000007,0x00000025,0x00050021,0x00000027,0x00000007,0x00000008,
    0x00000026,0x00040021,0x00000036,0x00000007,0x00000026,0x00040021,0x0000003d,0x00000025,
    0x00000026,0x00040015,0x0000005d,0x00000020,0x00000000,0x0004002b,0x0000005d,0x0000005e,
    0x00000010,0x0004001c,0x0000005f,0x00000007,0x0000005e,0x00040020,0x00000060,0x00000007,
    0x0000005f,0x00040015,0x00000061,0x00000020,0x00000001,0x00040020,0x00000062,0x00000007,
    0x00000061,0x00060021,0x00000063,0x00000007,0x00000008,0x00000060,0x00000062,0x00040017,
    0x00000074,0x00000061,0x00000002,0x00040020,0x00000075,0x00000007,0x00000074,0x00040021,
    0x00000076,0x00000006,0x00000075,0x00050021,0x0000008c,0x00000006,0x00000075,0x00000010,
    0x00060021,0x00000095,0x00000006,0x00000010,0x00000010,0x00000010,0x00040021,0x0000009b,
    0x00000006,0x00000026,0x00050021,0x0000009f,0x00000007,0x00000026,0x00000010,0x00040020,
    0x000000c7,0x00000007,0x0000005d,0x00050021,0x000000c8,0x00000007,0x00000026,0x000000c7,
    0x0004002b,0x00000006,0x000000cf,0x3e232000,0x0006002c,0x00000007,0x000000d0,0x000000cf,
    0x000000cf,0x000000cf,0x0004002b,0x00000006,0x000000d2,0x3f560000,0x0004002b,0x00000006,
    0x000000d3,0x4196d000,0x0004002b,0x00000006,0x000000d8,0x3f800000,0x0004002b,0x00000006,
    0x000000d9,0x41958000,0x0004002b,0x00000006,0x000000df,0x429db000,0x0006002c,0x00000007,
    0x000000e0,0x000000df,0x000000df,0x000000df,0x0006002c,0x00000007,0x000000e6,0x000000d8,
    0x000000d8,0x000000d8,0x0004002b,0x0000005d,0x000000ec,0x00000000,0x0004002b,0x0000005d,
    0x000000ef,0x00000001,0x0004002b,0x0000005d,0x000000f3,0x00000002,0x0004002b,0x00000006,
    0x0000010b,0x4020a3d7,0x0004002b,0x00000006,0x0000010e,0x3cf5c28f,0x0004002b,0x00000006,
    0x00000113,0x401b851f,0x0004002b,0x00000006,0x00000116,0x3f170a3d,0x0004002b,0x00000006,
    0x0000011a,0x3e0f5c29,0x0004002b,0x00000006,0x0000011e,0x00000000,0x0004002b,0x00000006,
    0x00000125,0x3e19999a,0x0004002b,0x00000006,0x00000128,0x3d4ccccd,0x0004002b,0x00000006,
    0x0000012c,0x3b83126f,0x0004002b,0x00000006,0x00000132,0x3f000000,0x0004002b,0x00000006,
    0x00000136,0x3d75c28f,0x0004002b,0x00000006,0x0000013a,0x3d888889,0x0004002b,0x00000006,
    0x00000144,0x41333333,0x0006002c,0x00000007,0x00000145,0x00000144,0x00000144,0x00000144,
    0x00040018,0x0000014f,0x00000007,0x00000003,0x0004002b,0x00000006,0x00000150,0x3f57acb5,
    0x0004002b,0x00000006,0x00000151,0x3d2d6061,0x0004002b,0x00000006,0x00000152,0x3d2d9218,
    0x0006002c,0x00000007,0x00000153,0x00000150,0x00000151,0x00000152,0x0004002b,0x00000006,
    0x00000154,0x3da0a1cc,0x0004002b,0x00000006,0x00000155,0x3f60e352,0x0006002c,0x00000007,
    0x00000156,0x00000154,0x00000155,0x00000154,0x0004002b,0x00000006,0x00000157,0x3da2400f,
    0x0004002b,0x00000006,0x00000158,0x3da221da,0x0004002b,0x00000006,0x00000159,0x3f610f84,
    0x0006002c,0x00000007,0x0000015a,0x00000157,0x00000158,0x00000159,0x0006002c,0x0000014f,
    0x0000015b,0x00000153,0x00000156,0x0000015a,0x0004002b,0x00000006,0x00000160,0xc1200000,
    0x0004002b,0x00000006,0x00000161,0x40d00000,0x0004002b,0x00000006,0x00000166,0x41200000,
    0x0004002b,0x00000006,0x00000169,0x41840000,0x0004002b,0x00000006,0x00000174,0x40400000,
    0x0004002b,0x00000006,0x00000175,0x40000000,0x0004002b,0x00000006,0x0000017b,0x3f993355,
    0x0004002b,0x00000006,0x0000017c,0xbd58aa5f,0x0004002b,0x00000006,0x0000017d,0xbd58f8c9,
    0x0006002c,0x00000007,0x0000017e,0x0000017b,0x0000017c,0x0000017d,0x0004002b,0x00000006,
    0x0000017f,0xbdc8bf2c,0x0004002b,0x00000006,0x00000180,0x3f937190,0x0004002b,0x00000006,
    0x00000181,0xbdc8cb01,0x0006002c,0x00000007,0x00000182,0x0000017f,0x00000180,0x00000181,
    0x0004002b,0x00000006,0x00000183,0xbdcad01b,0x0004002b,0x00000006,0x00000184,0xbdcaac28,
    0x0004002b,0x00000006,0x00000185,0x3f935662,0x0006002c,0x00000007,0x00000186,0x00000183,
    0x00000184,0x00000185,0x0006002c,0x0000014f,0x00000187,0x0000017e,0x00000182,0x00000186,
    0x00040017,0x00000190,0x00000006,0x00000004,0x00a9001e,0x00000191,0x0000005d,0x00000006,
    0x00000006,0x00000006,0x0000005d,0x00000006,0x00000006,0x00000006,0x0000005d,0x00000006,
    0x00000006,0x0000005d,0x0000005d,0x00000006,0x00000006,0x00000006,0x00000007,0x00000006,
    0x00000006,0x00000006,0x0000005d,0x00000006,0x0000005d,0x00000006,0x00000006,0x00000006,
    0x0000005d,0x00000006,0x00000006,0x00000006,0x0000005d,0x0000005d,0x0000005d,0x00000006,
    0x0000005d,0x0000005d,0x00000006,0x00000006,0x0000005d,0x0000005d,0x00000006,0x00000006,
    0x0000005d,0x0000005d,0x0000005d,0x0000005d,0x0000005d,0x00000006,0x00000006,0x00000006,
    0x0000005d,0x00000006,0x0000005d,0x00000006,0x0000005d,0x0000005d,0x00000006,0x00000006,
    0x00000006,0x00000006,0x00000006,0x00000006,0x0000005d,0x00000006,0x00000006,0x00000006,
    0x00000006,0x00000006,0x00000006,0x00000006,0x0000005d,0x00000006,0x0000005d,0x00000006,
    0x0000005d,0x00000006,0x00000006,0x0000005d,0x00000006,0x00000006,0x0000005d,0x0000005d,
    0x0000005d,0x0000005d,0x0000005d,0x0000005d,0x0000005d,0x00000006,0x00000006,0x00000006,
    0x00000006,0x00000006,0x0000005d,0x0000005d,0x00000006,0x00000006,0x00000006,0x00000006,
    0x0000005d,0x00000006,0x00000006,0x00000006,0x0000005d,0x00000006,0x00000006,0x00000006,
    0x00000007,0x00000006,0x00000006,0x0000005d,0x0000005d,0x0000005d,0x00000006,0x00000006,
    0x00000006,0x00000006,0x00000007,0x00000006,0x00000007,0x00000006,0x00000190,0x00000190,
    0x00000190,0x00000190,0x00000007,0x00000006,0x00000190,0x0000005d,0x00000006,0x00000006,
    0x00000006,0x0000005d,0x00000006,0x00000006,0x00000006,0x0000005d,0x00000006,0x00000006,
    0x00000006,0x0000005d,0x00000006,0x00000006,0x00000006,0x0000005d,0x00000006,0x0000005d,
    0x00000006,0x0000005d,0x00000006,0x00000006,0x00000006,0x00000006,0x00000006,0x00000006,
    0x00000006,0x0000005d,0x00000006,0x00000006,0x00000006,0x0000005d,0x00000006,0x00000006,
    0x00000006,0x0000005d,0x0000005d,0x0000005d,0x00000006,0x00040020,0x00000192,0x00000002,
    0x00000191,0x0004003b,0x00000192,0x00000193,0x00000002,0x0004002b,0x00000061,0x00000194,
    0x00000001,0x00040020,0x00000195,0x00000002,0x00000006,0x0004002b,0x00000061,0x0000019a,
    0x00000000,0x00040020,0x0000019b,0x00000002,0x0000005d,0x0004002b,0x00000061,0x000001a9,
    0x00000003,0x0004002b,0x00000061,0x000001c6,0x00000008,0x00020014,0x000001c9,0x0004002b,
    0x00000061,0x000001d7,0x0000000a,0x0004002b,0x00000061,0x000001dc,0x00000009,0x0004002b,
    0x00000061,0x000001e7,0x00000013,0x0004002b,0x00000061,0x000001f0,0x00000012,0x0004002b,
    0x00000006,0x000001f8,0x3e59b3d0,0x0004002b,0x00000006,0x000001f9,0x3f371759,0x0004002b,
    0x00000006,0x000001fa,0x3d93dd98,0x0006002c,0x00000007,0x000001fb,0x000001f8,0x000001f9,
    0x000001fa,0x0004002b,0x00000061,0x00000200,0x00000011,0x0004002b,0x00000061,0x00000205,
    0x00000010,0x00040020,0x00000206,0x00000002,0x00000007,0x0004002b,0x00000061,0x00000211,
    0x00000014,0x0004002b,0x0000005d,0x0000021b,0x00000007,0x0004002b,0x00000061,0x00000225,
    0x00000015,0x0004002b,0x0000005d,0x00000232,0x00000004,0x0004002b,0x0000005d,0x00000235,
    0x00000006,0x0004002b,0x0000005d,0x0000023b,0x00000003,0x0004002b,0x00000006,0x0000023d,
    0x3f19999a,0x00040020,0x00000244,0x00000007,0x0000014f,0x0004002b,0x00000006,0x00000246,
    0x3e1bf0dc,0x0004002b,0x00000006,0x00000247,0x3dea808d,0x0004002b,0x00000006,0x00000248,
    0xbb7e6927,0x0006002c,0x00000007,0x00000249,0x00000246,0x00000247,0x00000248,0x0004002b,
    0x00000006,0x0000024a,0x3f86bb0a,0x0004002b,0x00000006,0x0000024b,0x3f4949b6,0x0004002b,
    0x00000006,0x0000024c,0xbd451548,0x0006002c,0x00000007,0x0000024d,0x0000024a,0x0000024b,
    0x0000024c,0x0004002b,0x00000006,0x0000024e,0xbe51c8eb,0x0004002b,0x00000006,0x0000024f,
    0x3dcb31c2,0x0004002b,0x00000006,0x00000250,0x3f86a7df,0x0006002c,0x00000007,0x00000251,
    0x0000024e,0x0000024f,0x00000250,0x0006002c,0x0000014f,0x00000252,0x00000249,0x0000024d,
    0x00000251,0x0004002b,0x00000006,0x00000258,0x3ebc11a1,0x0004002b,0x00000006,0x00000259,
    0x3e8f674d,0x0004002b,0x00000006,0x0000025a,0xbc41a8ac,0x0006002c,0x00000007,0x0000025b,
    0x00000258,0x00000259,0x0000025a,0x0004002b,0x00000006,0x0000025c,0x3f5c534c,0x0004002b,
    0x00000006,0x0000025d,0x3f2c2907,0x0004002b,0x00000006,0x0000025e,0x3d2fe1da,0x0006002c,
    0x00000007,0x0000025f,0x0000025c,0x0000025d,0x0000025e,0x0004002b,0x00000006,0x00000260,
    0xbe697072,0x0004002b,0x00000006,0x00000261,0x3d423422,0x0004002b,0x00000006,0x00000262,
    0x3f780896,0x0006002c,0x00000007,0x00000263,0x00000260,0x00000261,0x00000262,0x0006002c,
    0x0000014f,0x00000264,0x0000025b,0x0000025f,0x00000263,0x0004002b,0x00000006,0x00000266,
    0x3fa0b524,0x0004002b,0x00000006,0x00000267,0xbda095f2,0x0004002b,0x00000006,0x00000268,
    0x3b9b1748,0x0006002c,0x00000007,0x00000269,0x00000266,0x00000267,0x00000268,0x0004002b,
    0x00000006,0x0000026a,0xbd9d2e94,0x0004002b,0x00000006,0x0000026b,0x3f6e4980,0x0004002b,
    0x00000006,0x0000026c,0x3f30fd6d,0x0006002c,0x00000007,0x0000026d,0x0000026a,0x0000026b,
    0x0000026c,0x0004002b,0x00000006,0x0000026e,0xbe3711d8,0x0004002b,0x00000006,0x0000026f,
    0x3e1724fb,0x0004002b,0x00000006,0x00000270,0x3e9b98c8,0x0006002c,0x00000007,0x00000271,
    0x0000026e,0x0000026f,0x00000270,0x0006002c,0x0000014f,0x00000272,0x00000269,0x0000026d,
    0x00000271,0x0004002b,0x00000006,0x00000285,0x3f333333,0x0004002b,0x00000061,0x000002b1,
    0x00000016,0x0004002b,0x00000061,0x000002bb,0x00000018,0x0004002b,0x00000006,0x000002c1,
    0x414fd639,0x0004002b,0x00000006,0x000002c2,0x429c774c,0x0005002c,0x00000025,0x000002c3,
    0x000002c1,0x000002c2,0x0004002b,0x00000006,0x000002c6,0x472aee8c,0x0004002b,0x00000061,
    0x000002cc,0x00000017,0x0004002b,0x00000061,0x000002d7,0x0000001a,0x00090019,0x000002dd,
    0x00000006,0x00000001,0x00000000,0x00000000,0x00000000,0x00000001,0x00000000,0x0003001b,
    0x000002de,0x000002dd,0x00040020,0x000002df,0x00000000,0x000002de,0x0004003b,0x000002df,
    0x000002e0,0x00000000,0x0004002b,0x00000061,0x000002e7,0x0000001e,0x0004002b,0x00000061,
    0x000002eb,0x0000001f,0x0004002b,0x00000006,0x000002f5,0xbf800000,0x0005002c,0x00000025,
    0x000002f6,0x000002f5,0x000002f5,0x0005002c,0x00000025,0x000002ff,0x000000d8,0x000002f5,
    0x0005002c,0x00000025,0x00000308,0x000002f5,0x000000d8,0x0005002c,0x00000025,0x00000311,
    0x000000d8,0x000000d8,0x0004002b,0x00000006,0x0000031e,0x3e991687,0x0004002b,0x00000006,
    0x0000031f,0x3f1645a2,0x0004002b,0x00000006,0x00000320,0x3de978d5,0x0006002c,0x00000007,
    0x00000321,0x0000031e,0x0000031f,0x00000320,0x0004002b,0x00000006,0x0000035d,0x3e800000,
    0x0004002b,0x00000061,0x0000035e,0x0000001d,0x0004002b,0x00000061,0x00000363,0x0000001c,
    0x0004002b,0x00000061,0x00000372,0x0000001b,0x0004002b,0x00000006,0x00000385,0xbe2aaaab,
    0x0004002b,0x00000006,0x0000038d,0x3e2aaaab,0x0004002b,0x00000006,0x0000039a,0xbf000000,
    0x0005002c,0x00000025,0x000003cc,0x0000011e,0x000002f5,0x0005002c,0x00000025,0x000003d5,
    0x0000011e,0x000000d8,0x0005002c,0x00000025,0x000003de,0x000002f5,0x0000011e,0x0005002c,
    0x00000025,0x000003e7,0x000000d8,0x0000011e,0x00040020,0x00000477,0x00000007,0x000001c9,
    0x0004002b,0x00000006,0x000004f7,0x3fc00000,0x0004002b,0x00000006,0x00000544,0x40800000,
    0x0004002b,0x00000006,0x0000057e,0x41000000,0x0004002b,0x00000006,0x000006e5,0x3f400000,
    0x0004002b,0x00000061,0x000006f4,0x0000002a,0x0004002b,0x00000061,0x000006fd,0x0000002b,
    0x0004002b,0x00000061,0x00000702,0x0000002c,0x0004002b,0x00000061,0x0000071a,0x00000022,
    0x0004002b,0x00000061,0x00000726,0x00000023,0x0004002b,0x00000061,0x0000072f,0x00000002,
    0x0004001c,0x00000736,0x00000006,0x00000232,0x0007002c,0x00000736,0x00000737,0x0000011e,
    0x00000175,0x00000174,0x000000d8,0x00040020,0x00000739,0x00000007,0x00000736,0x0004002b,
    0x00000061,0x00000748,0x00000004,0x0004001c,0x0000074f,0x00000006,0x0000005e,0x0004002b,
    0x00000006,0x00000750,0x41400000,0x0004002b,0x00000006,0x00000751,0x41600000,0x0004002b,
    0x00000006,0x00000752,0x40c00000,0x0004002b,0x00000006,0x00000753,0x41300000,0x0004002b,
    0x00000006,0x00000754,0x41100000,0x0004002b,0x00000006,0x00000755,0x41700000,0x0004002b,
    0x00000006,0x00000756,0x40e00000,0x0004002b,0x00000006,0x00000757,0x41500000,0x0004002b,
    0x00000006,0x00000758,0x40a00000,0x0013002c,0x0000074f,0x00000759,0x0000011e,0x0000057e,
    0x00000175,0x00000166,0x00000750,0x00000544,0x00000751,0x00000752,0x00000174,0x00000753,
    0x000000d8,0x00000754,0x00000755,0x00000756,0x00000757,0x00000758,0x00040020,0x0000075b,
    0x00000007,0x0000074f,0x0004002b,0x00000006,0x0000075f,0x41800000,0x0004002b,0x0000005d,
    0x0000076c,0x00000040,0x0004001c,0x0000076d,0x00000006,0x0000076c,0x0004002b,0x00000006,
    0x0000076e,0x42000000,0x0004002b,0x00000006,0x0000076f,0x42200000,0x0004002b,0x00000006,
    0x00000770,0x42080000,0x0004002b,0x00000006,0x00000771,0x42280000,0x0004002b,0x00000006,
    0x00000772,0x42400000,0x0004002b,0x00000006,0x00000773,0x42600000,0x0004002b,0x00000006,
    0x00000774,0x41c00000,0x0004002b,0x00000006,0x00000775,0x42480000,0x0004002b,0x00000006,
    0x00000776,0x41900000,0x0004002b,0x00000006,0x00000777,0x42680000,0x0004002b,0x00000006,
    0x00000778,0x41d00000,0x0004002b,0x00000006,0x00000779,0x42300000,0x0004002b,0x00000006,
    0x0000077a,0x42100000,0x0004002b,0x00000006,0x0000077b,0x42380000,0x0004002b,0x00000006,
    0x0000077c,0x42180000,0x0004002b,0x00000006,0x0000077d,0x42700000,0x0004002b,0x00000006,
    0x0000077e,0x41e00000,0x0004002b,0x00000006,0x0000077f,0x42500000,0x0004002b,0x00000006,
    0x00000780,0x41a00000,0x0004002b,0x00000006,0x00000781,0x42780000,0x0004002b,0x00000006,
    0x00000782,0x41f00000,0x0004002b,0x00000006,0x00000783,0x42580000,0x0004002b,0x00000006,
    0x00000784,0x41b00000,0x0004002b,0x00000006,0x00000785,0x420c0000,0x0004002b,0x00000006,
    0x00000786,0x422c0000,0x0004002b,0x00000006,0x00000787,0x42040000,0x0004002b,0x00000006,
    0x00000788,0x42240000,0x0004002b,0x00000006,0x00000789,0x424c0000,0x0004002b,0x00000006,
    0x0000078a,0x41980000,0x0004002b,0x00000006,0x0000078b,0x426c0000,0x0004002b,0x00000006,
    0x0000078c,0x41d80000,0x0004002b,0x00000006,0x0000078d,0x42440000,0x0004002b,0x00000006,
    0x0000078e,0x41880000,0x0004002b,0x00000006,0x0000078f,0x42640000,0x0004002b,0x00000006,
    0x00000790,0x41c80000,0x0004002b,0x00000006,0x00000791,0x423c0000,0x0004002b,0x00000006,
    0x00000792,0x421c0000,0x0004002b,0x00000006,0x00000793,0x42340000,0x0004002b,0x00000006,
    0x00000794,0x42140000,0x0004002b,0x00000006,0x00000795,0x427c0000,0x0004002b,0x00000006,
    0x00000796,0x41f80000,0x0004002b,0x00000006,0x00000797,0x425c0000,0x0004002b,0x00000006,
    0x00000798,0x41b80000,0x0004002b,0x00000006,0x00000799,0x42740000,0x0004002b,0x00000006,
    0x0000079a,0x41e80000,0x0004002b,0x00000006,0x0000079b,0x42540000,0x0004002b,0x00000006,
    0x0000079c,0x41a80000,0x0043002c,0x0000076d,0x0000079d,0x0000011e,0x0000076e,0x0000057e,
    0x0000076f,0x00000175,0x00000770,0x00000166,0x00000771,0x00000772,0x0000075f,0x00000773,
    0x00000774,0x00000775,0x00000776,0x00000777,0x00000778,0x00000750,0x00000779,0x00000544,
    0x0000077a,0x00000751,0x0000077b,0x00000752,0x0000077c,0x0000077d,0x0000077e,0x0000077f,
    0x00000780,0x00000781,0x00000782,0x00000783,0x00000784,0x00000174,0x00000785,0x00000753,
    0x00000786,0x000000d8,0x00000787,0x00000754,0x00000788,0x00000789,0x0000078a,0x0000078b,
    0x0000078c,0x0000078d,0x0000078e,0x0000078f,0x00000790,0x00000755,0x00000791,0x00000756,
    0x00000792,0x00000757,0x00000793,0x00000758,0x00000794,0x00000795,0x00000796,0x00000797,
    0x00000798,0x00000799,0x0000079a,0x0000079b,0x0000079c,0x00040020,0x0000079f,0x00000007,
    0x0000076d,0x0004002b,0x00000006,0x000007a3,0x42800000,0x0004002b,0x00000061,0x000007a7,
    0x00000024,0x0004002b,0x00000061,0x000007ab,0x00000027,0x0004002b,0x00000061,0x000007b7,
    0x00000026,0x0004002b,0x00000061,0x000007d4,0x0000002e,0x0004002b,0x00000006,0x000007e5,
    0x40490fd0,0x0004002b,0x00000061,0x000007e7,0x00000030,0x0004002b,0x00000061,0x000007f0,
    0x0000002f,0x0004002b,0x00000061,0x000007f7,0x00000031,0x0004002b,0x00000061,0x00000823,
    0x00000032,0x0004002b,0x00000061,0x0000082c,0x00000034,0x0004003b,0x000002df,0x00000878,
    0x00000000,0x0004002b,0x00000061,0x0000088a,0x00000033,0x0004002b,0x00000061,0x00000891,
    0x00000036,0x0004002b,0x00000061,0x000008a4,0x00000038,0x0004002b,0x00000061,0x000008b7,
    0x00000037,0x0004002b,0x00000006,0x000008c6,0x3e99999a,0x0006002c,0x00000007,0x000008c7,
    0x000000d8,0x000008c6,0x000008c6,0x0006002c,0x00000007,0x000008cd,0x000008c6,0x000000d8,
    0x000008c6,0x0006002c,0x00000007,0x000008cf,0x000008c6,0x000008c6,0x000000d8,0x0006002c,
    0x00000007,0x000008ef,0x000000d8,0x0000035d,0x0000035d,0x0006002c,0x00000007,0x000008f5,
    0x0000035d,0x000000d8,0x0000035d,0x0006002c,0x00000007,0x000008f7,0x0000035d,0x0000035d,
    0x000000d8,0x0004002b,0x00000006,0x00000911,0x3e4ccccd,0x0006002c,0x00000007,0x00000912,
    0x000000d8,0x00000911,0x00000911,0x0006002c,0x00000007,0x00000918,0x00000911,0x000000d8,
    0x00000911,0x0006002c,0x00000007,0x0000091a,0x00000911,0x00000911,0x000000d8,0x0004002b,
    0x00000061,0x00000926,0x00000039,0x0004002b,0x00000061,0x0000092a,0x0000003b,0x0006002c,
    0x00000007,0x00000935,0x0000011e,0x0000011e,0x0000011e,0x0004002b,0x00000061,0x00000984,
    0x0000003a,0x0004002b,0x00000061,0x0000098b,0x0000003e,0x0004002b,0x00000061,0x0000099b,
    0x00000046,0x0004002b,0x00000006,0x000009a3,0x3e051eb8,0x0004002b,0x00000061,0x000009ad,
    0x00000047,0x0004002b,0x00000006,0x000009b1,0x406ccccd,0x0004002b,0x00000006,0x000009b5,
    0x3ca3d70a,0x0004002b,0x00000061,0x000009c0,0x00000040,0x0004002b,0x00000006,0x000009c7,
    0x3f4ccccd,0x0004002b,0x00000061,0x000009cb,0x0000003f,0x0004002b,0x00000061,0x000009d8,
    0x00000042,0x0004002b,0x00000061,0x000009df,0x00000041,0x0004002b,0x00000061,0x000009e8,
    0x00000043,0x0004002b,0x00000006,0x00000a0e,0x447a0000,0x0004002b,0x00000061,0x00000a19,
    0x00000044,0x0004002b,0x00000061,0x00000a2a,0x00000045,0x0004002b,0x00000061,0x00000a34,
    0x00000048,0x0004002b,0x00000006,0x00000a4e,0x3f59999a,0x0004002b,0x00000061,0x00000a51,
    0x00000049,0x0004002b,0x00000006,0x00000a64,0x42fe3333,0x0004002b,0x00000006,0x00000a6b,
    0x42a00000,0x0004002b,0x00000006,0x00000a71,0x439bd99a,0x0004002b,0x00000006,0x00000a81,
    0x43fa0000,0x0004002b,0x00000061,0x00000a9d,0x0000004a,0x0004002b,0x00000061,0x00000aa8,
    0x0000004c,0x0004002b,0x00000061,0x00000aad,0x0000004b,0x0004002b,0x00000006,0x00000ab2,
    0x402ccccd,0x0004002b,0x00000006,0x00000ab4,0x3fa66666,0x0004002b,0x00000006,0x00000ab9,
    0x40c33333,0x0004002b,0x00000006,0x00000abf,0x415b3333,0x0004002b,0x00000006,0x00000ac2,
    0x3dcccccd,0x0004002b,0x00000006,0x00000ac7,0x40466666,0x0004002b,0x00000006,0x00000acd,
    0x40e9999a,0x0004002b,0x00000006,0x00000ad0,0x3eb33333,0x0004002b,0x00000006,0x00000ad4,
    0x4134cccd,0x0004002b,0x00000061,0x00000ae2,0x0000004d,0x0004002b,0x00000061,0x00000aed,
    0x0000004f,0x0004002b,0x00000061,0x00000af2,0x0000004e,0x0004002b,0x00000006,0x00000b0a,
    0x3ecccccd,0x0006002c,0x00000007,0x00000b1f,0x000000d8,0x0000023d,0x00000911,0x0006002c,
    0x00000007,0x00000b25,0x000000d8,0x00000b0a,0x00000125,0x0004002b,0x00000006,0x00000b3d,
    0x47c34f80,0x0004002b,0x00000006,0x00000ba6,0x3f266666,0x0004002b,0x00000006,0x00000bb9,
    0x3f0ccccd,0x0004003b,0x000002df,0x00000bec,0x00000000,0x0004002b,0x00000006,0x00000c1d,
    0x3f666666,0x0004002b,0x00000006,0x00000c1e,0x3f8ccccd,0x0006002c,0x00000007,0x00000c1f,
    0x00000c1d,0x00000a4e,0x00000c1e,0x0004002b,0x00000061,0x00000c3f,0xffffffff,0x0004002b,
    0x00000006,0x00000c66,0x3c23d70a,0x0004002b,0x00000061,0x00000c72,0x00000052,0x0004002b,
    0x00000061,0x00000c7a,0x00000054,0x0004002b,0x00000061,0x00000c81,0x00000053,0x0004002b,
    0x00000006,0x00000c9d,0x3e2d0e56,0x0004002b,0x00000006,0x00000c9e,0x3ea6e979,0x0006002c,
    0x00000007,0x00000c9f,0x00000320,0x00000c9d,0x00000c9e,0x0004002b,0x00000006,0x00000ca1,
    0x3efced91,0x0004002b,0x00000006,0x00000ca2,0x3e147ae1,0x0006002c,0x00000007,0x00000ca3,
    0x00000ca1,0x00000ca2,0x00000c9e,0x0004002b,0x00000006,0x00000ca5,0x3f076c8b,0x0004002b,
    0x00000006,0x00000ca6,0x3ea2d0e5,0x0006002c,0x00000007,0x00000ca7,0x0000011e,0x00000ca5,
    0x00000ca6,0x0004002b,0x00000006,0x00000ca9,0x3f2bc6a8,0x0004002b,0x00000006,0x00000caa,
    0x3ea4dd2f,0x0004002b,0x00000006,0x00000cab,0x3e591687,0x0006002c,0x00000007,0x00000cac,
    0x00000ca9,0x00000caa,0x00000cab,0x0004002b,0x00000061,0x00000cae,0x00000005,0x0004002b,
    0x00000006,0x00000caf,0x3ebef9db,0x0004002b,0x00000006,0x00000cb0,0x3eae978d,0x0004002b,
    0x00000006,0x00000cb1,0x3e9eb852,0x0006002c,0x00000007,0x00000cb2,0x00000caf,0x00000cb0,
    0x00000cb1,0x0004002b,0x00000061,0x00000cb4,0x00000006,0x0004002b,0x00000006,0x00000cb5,
    0x3f42d0e5,0x0004002b,0x00000006,0x00000cb6,0x3f43d70a,0x0004002b,0x00000006,0x00000cb7,
    0x3f47ae14,0x0006002c,0x00000007,0x00000cb8,0x00000cb5,0x00000cb6,0x00000cb7,0x0004002b,
    0x00000061,0x00000cba,0x00000007,0x0004002b,0x00000006,0x00000cbb,0x3f71eb85,0x0004002b,
    0x00000006,0x00000cbc,0x3f68f5c3,0x0006002c,0x00000007,0x00000cbd,0x000000d8,0x00000cbb,
    0x00000cbc,0x0004002b,0x00000006,0x00000cbf,0x3e9a9fbe,0x0006002c,0x00000007,0x00000cc0,
    0x000000d8,0x0000011e,0x00000cbf,0x0004002b,0x00000006,0x00000cc2,0x3f239581,0x0006002c,
    0x00000007,0x00000cc3,0x000000d8,0x00000cc2,0x0000011e,0x0004002b,0x00000006,0x00000cc5,
    0x3f6ccccd,0x0004002b,0x00000006,0x00000cc6,0x3e1cac08,0x0006002c,0x00000007,0x00000cc7,
    0x000000d8,0x00000cc5,0x00000cc6,0x0004002b,0x00000061,0x00000cc9,0x0000000b,0x0004002b,
    0x00000006,0x00000cca,0x3f64dd2f,0x0006002c,0x00000007,0x00000ccb,0x0000011e,0x00000cca,
    0x00000cab,0x0004002b,0x00000061,0x00000ccd,0x0000000c,0x0004002b,0x00000006,0x00000cce,
    0x3e24dd2f,0x0004002b,0x00000006,0x00000ccf,0x3f2d9168,0x0006002c,0x00000007,0x00000cd0,
    0x00000cce,0x00000ccf,0x000000d8,0x0004002b,0x00000061,0x00000cd2,0x0000000d,0x0004002b,
    0x00000006,0x00000cd3,0x3f039581,0x0004002b,0x00000006,0x00000cd4,0x3eed0e56,0x0004002b,
    0x00000006,0x00000cd5,0x3f1cac08,0x0006002c,0x00000007,0x00000cd6,0x00000cd3,0x00000cd4,
    0x00000cd5,0x0004002b,0x00000061,0x00000cd8,0x0000000e,0x0004002b,0x00000006,0x00000cd9,
    0x3eef1aa0,0x0004002b,0x00000006,0x00000cda,0x3f28b439,0x0006002c,0x00000007,0x00000cdb,
    0x000000d8,0x00000cd9,0x00000cda,0x0004002b,0x00000061,0x00000cdd,0x0000000f,0x0004002b,
    0x00000006,0x00000cde,0x3f2ac083,0x0006002c,0x00000007,0x00000cdf,0x000000d8,0x000009c7,
    0x00000cde,0x0004002b,0x00000006,0x00000ce7,0x3d71a9fc,0x0004002b,0x00000006,0x00000ce8,
    0x3e6147ae,0x0006002c,0x00000007,0x00000ce9,0x00000ce7,0x00000ce8,0x00000ce7,0x0004002b,
    0x00000006,0x00000ceb,0x3e408312,0x0004002b,0x00000006,0x00000cec,0x3ec49ba6,0x0006002c,
    0x00000007,0x00000ced,0x00000ceb,0x00000cec,0x00000ceb,0x0004002b,0x00000006,0x00000cef,
    0x3f0b851f,0x0004002b,0x00000006,0x00000cf0,0x3f2c8b44,0x0006002c,0x00000007,0x00000cf1,
    0x00000cef,0x00000cf0,0x00000ce7,0x0004002b,0x00000006,0x00000cf3,0x3f1ba5e3,0x0004002b,
    0x00000006,0x00000cf4,0x3f3cac08,0x0006002c,0x00000007,0x00000cf5,0x00000cf3,0x00000cf4,
    0x00000ce7,0x0004002b,0x00000006,0x00000cfe,0x3f7ced91,0x0006002c,0x00000007,0x00000cff,
    0x00000cfe,0x00000cfe,0x00000cfe,0x0006002c,0x00000007,0x00000d01,0x00000ca9,0x00000ca9,
    0x00000ca9,0x0004002b,0x00000006,0x00000d03,0x3ec08312,0x0006002c,0x00000007,0x00000d04,
    0x00000d03,0x00000d03,0x00000d03,0x0004002b,0x00000006,0x00000d06,0x3e189375,0x0004002b,
    0x00000006,0x00000d07,0x3e3126e9,0x0006002c,0x00000007,0x00000d08,0x00000cca,0x00000d06,
    0x00000d07,0x0006002c,0x00000007,0x00000d0a,0x00000cfe,0x00000ca1,0x00000cd4,0x0006002c,
    0x00000007,0x00000d0c,0x0000011e,0x0000011e,0x00000cda,0x0004002b,0x00000006,0x00000d0e,
    0x3e54fdf4,0x0006002c,0x00000007,0x00000d0f,0x00000d0e,0x00000cd4,0x00000cfe,0x0004002b,
    0x00000006,0x00000d11,0x3ef126e9,0x0006002c,0x00000007,0x00000d12,0x0000011e,0x00000d11,
    0x0000011e,0x0004002b,0x00000006,0x00000d14,0x3e989375,0x0004002b,0x00000006,0x00000d15,
    0x3f3eb852,0x0006002c,0x00000007,0x00000d16,0x00000d14,0x00000d15,0x00000d14,0x0004002b,
    0x00000006,0x00000d18,0x3f57ced9,0x0006002c,0x00000007,0x00000d19,0x00000cfe,0x00000d18,
    0x0000011e,0x0004002b,0x00000006,0x00000d1b,0x3f218937,0x0004002b,0x00000006,0x00000d1c,
    0x3e90624e,0x0006002c,0x00000007,0x00000d1d,0x00000cfe,0x00000d1b,0x00000d1c,0x0006002c,
    0x00000007,0x00000d1f,0x00000d11,0x00000c9d,0x00000ca5,0x0004002b,0x00000006,0x00000d21,
    0x3f56c8b4,0x0006002c,0x00000007,0x00000d22,0x00000cfe,0x00000cf3,0x00000d21,0x0006002c,
    0x00000007,0x00000d24,0x0000011e,0x00000cda,0x00000cda,0x0004002b,0x00000006,0x00000d26,
    0x3ea66666,0x0006002c,0x00000007,0x00000d27,0x00000cda,0x00000d11,0x00000d26,0x0004002b,
    0x00000006,0x00000d30,0x3eaa7efa,0x0006002c,0x00000007,0x00000d31,0x00000d30,0x000000d8,
    0x000000d8,0x0006002c,0x00000007,0x00000d33,0x000000d8,0x00000d30,0x000000d8,0x0004002b,
    0x0000005d,0x00000d39,0x00000005,0x0004002b,0x00000006,0x00000d3f,0x3f0872b0,0x0006002c,
    0x00000007,0x00000d40,0x00000d3f,0x00000d0e,0x00000d07,0x0004002b,0x00000006,0x00000d42,
    0x3f3a9fbe,0x0004002b,0x00000006,0x00000d43,0x3f44dd2f,0x0006002c,0x00000007,0x00000d44,
    0x00000b0a,0x00000d42,0x00000d43,0x0004002b,0x00000006,0x00000d46,0x3e6c8b44,0x0004002b,
    0x00000006,0x00000d47,0x3f147ae1,0x0006002c,0x00000007,0x00000d48,0x00000cef,0x00000d46,
    0x00000d47,0x0004002b,0x00000006,0x00000d4a,0x3eb2b021,0x0004002b,0x00000006,0x00000d4b,
    0x3f1db22d,0x0004002b,0x00000006,0x00000d4c,0x3e86a7f0,0x0006002c,0x00000007,0x00000d4d,
    0x00000d4a,0x00000d4b,0x00000d4c,0x0004002b,0x00000006,0x00000d4f,0x3e20c49c,0x0004002b,
    0x00000006,0x00000d50,0x3ef33333,0x0006002c,0x00000007,0x00000d51,0x00000d0e,0x00000d4f,
    0x00000d50,0x0004002b,0x00000006,0x00000d53,0x3f4ed917,0x0004002b,0x00000006,0x00000d54,
    0x3f008312,0x0006002c,0x00000007,0x00000d55,0x00000d53,0x00000d53,0x00000d54,0x0004002b,
    0x00000006,0x00000d57,0x3eb0a3d7,0x0004002b,0x00000006,0x00000d58,0x3dd91687,0x0006002c,
    0x00000007,0x00000d59,0x00000cef,0x00000d57,0x00000d58,0x0004002b,0x00000006,0x00000d5b,
    0x3e78d4fe,0x0006002c,0x00000007,0x00000d5c,0x00000d4a,0x00000d5b,0x0000011e,0x0004002b,
    0x00000006,0x00000d5e,0x3f3ba5e3,0x0004002b,0x00000006,0x00000d5f,0x3eda9fbe,0x0004002b,
    0x00000006,0x00000d60,0x3ec8b439,0x0006002c,0x00000007,0x00000d61,0x00000d5e,0x00000d5f,
    0x00000d60,0x0004002b,0x00000006,0x00000d63,0x3ea0c49c,0x0006002c,0x00000007,0x00000d64,
    0x00000d63,0x00000d63,0x00000d63,0x0006002c,0x00000007,0x00000d66,0x00000d11,0x00000d11,
    0x00000d11,0x0004002b,0x00000006,0x00000d68,0x3f16872b,0x0004002b,0x00000006,0x00000d69,
    0x3f5be76d,0x0004002b,0x00000006,0x00000d6a,0x3ef6c8b4,0x0006002c,0x00000007,0x00000d6b,
    0x00000d68,0x00000d69,0x00000d6a,0x0004002b,0x00000006,0x00000d6d,0x3ed91687,0x0004002b,
    0x00000006,0x00000d6e,0x3f31a9fc,0x0006002c,0x00000007,0x00000d6f,0x00000d6d,0x00000caf,
    0x00000d6e,0x0004002b,0x00000006,0x00000d71,0x3f208312,0x0006002c,0x00000007,0x00000d72,
    0x00000d71,0x00000d71,0x00000d71,0x0004002b,0x00000006,0x00000da0,0x4253ee82,0x0004002b,
    0x00000006,0x00000da1,0x3d897143,0x0004002b,0x00000006,0x00000da5,0x3bbf4590,0x0004002b,
    0x00000006,0x00000db4,0x40600000,0x0004002b,0x00000061,0x00000dcb,0x00000320,0x0005002c,
    0x00000025,0x00000de7,0x00000174,0x00000174,0x0004002b,0x00000061,0x00000e12,0x0000006d,
    0x0004002b,0x00000061,0x00000e1b,0x00000070,0x0004002b,0x00000061,0x00000e2a,0x0000006e,
    0x0004002b,0x0000005d,0x00000e54,0x00000008,0x0004002b,0x0000005d,0x00000e6d,0x00000020,
    0x0004002b,0x0000005d,0x00000e86,0x00000080,0x0004002b,0x00000061,0x00000e9e,0x00000071,
    0x0004002b,0x00000061,0x00000ea3,0x0000006f,0x0004002b,0x00000061,0x00000eb0,0x00000074,
    0x0004002b,0x00000061,0x00000eb4,0x00000076,0x0004002b,0x00000061,0x00000ed5,0x00000072,
    0x00040020,0x00000ef5,0x00000007,0x00000190,0x0004002b,0x00000061,0x00000f01,0x00000078,
    0x0004002b,0x00000061,0x00000f04,0x00000079,0x0004002b,0x00000061,0x00000f07,0x0000007a,
    0x0004002b,0x00000061,0x00000f0a,0x0000007b,0x0004002b,0x00000061,0x00000f81,0x0000007f,
    0x0004002b,0x00000061,0x00000f89,0x0000007e,0x00040020,0x00000f92,0x00000002,0x00000190,
    0x0004002b,0x00000061,0x00000f97,0x00000083,0x0004002b,0x0000005d,0x00000f9a,0x00000100,
    0x0004002b,0x00000061,0x00000fa0,0x00000082,0x0004002b,0x00000006,0x00000fba,0x3a83126f,
    0x0004002b,0x00000006,0x00000fbb,0x3f7fbe77,0x0004002b,0x00000061,0x00000fcb,0x00000084,
    0x0004002b,0x00000061,0x00000fd1,0x00000081,0x0004002b,0x00000061,0x00000fda,0x00000080,
    0x0004002b,0x00000061,0x00000fe2,0x00000087,0x0004002b,0x00000006,0x00000ff0,0x38d1b717,
    0x0004002b,0x00000061,0x00001016,0x0000008b,0x0004002b,0x00000006,0x00001032,0x401998fe,
    0x0004002b,0x00000006,0x00001035,0x40c90fdb,0x0006002c,0x00000007,0x00001058,0x0000011e,
    0x000000d8,0x0000011e,0x0006002c,0x00000007,0x00001059,0x000000d8,0x0000011e,0x0000011e,
    0x00040017,0x0000105a,0x000001c9,0x00000003,0x0004002b,0x00000061,0x00001076,0x00000088,
    0x0004002b,0x00000006,0x00001095,0x42c80000,0x0004002b,0x00000061,0x000010a2,0x0000005e,
    0x0004002b,0x00000061,0x000010a3,0x0000005f,0x0004002b,0x00000061,0x000010c3,0x0000008a,
    0x0004002b,0x00000061,0x000010d3,0x00000089,0x0004002b,0x00000061,0x000010df,0x0000008f,
    0x0004002b,0x00000061,0x000010fa,0x00000091,0x0004002b,0x00000061,0x00001100,0x00000090,
    0x0004002b,0x00000061,0x00001173,0x00000092,0x0004002b,0x00000061,0x0000117e,0x00000093,
    0x0004002b,0x00000061,0x00001199,0x00000097,0x0004002b,0x00000061,0x000011a4,0x00000096,
    0x0004002b,0x00000061,0x000011ab,0x00000095,0x0005002c,0x00000025,0x000011cf,0x00000a64,
    0x00000a71,0x0004002b,0x00000006,0x000011d5,0x4386c000,0x0004002b,0x00000006,0x000011d6,
    0x43374ccd,0x0005002c,0x00000025,0x000011d7,0x000011d5,0x000011d6,0x0004002b,0x00000006,
    0x000011e1,0x40c8f5c3,0x0004002b,0x00000061,0x0000121c,0x00000094,0x0004002b,0x00000061,
    0x00001226,0x0000009b,0x0004002b,0x00000061,0x0000123f,0x000000a0,0x0004002b,0x00000061,
    0x0000125b,0x0000009f,0x0004002b,0x00000061,0x00001293,0x0000009d,0x0004002b,0x00000061,
    0x0000129a,0x0000009e,0x0005002c,0x00000025,0x000012a5,0x00000132,0x00000132,0x0004002b,
    0x00000061,0x000012af,0x0000009c,0x0004002b,0x00000061,0x000012bd,0x00000066,0x0004002b,
    0x00000061,0x000012d0,0x00000067,0x0004002b,0x00000061,0x000012d3,0x0000006c,0x0004002b,
    0x00000061,0x00001393,0x00000069,0x0004002b,0x00000061,0x0000140d,0x0000006b,0x0004002b,
    0x00000061,0x00001417,0x00000068,0x0004002b,0x00000061,0x00001420,0x0000006a,0x0004002b,
    0x00000061,0x00001439,0x00000057,0x0004002b,0x00000061,0x0000143d,0x00000058,0x0004002b,
    0x00000061,0x0000144f,0x00000059,0x0004002b,0x00000061,0x00001453,0x0000005a,0x0004002b,
    0x00000061,0x0000145a,0x0000005d,0x0006002c,0x00000007,0x00001465,0x0000011e,0x0000011e,
    0x000000d8,0x0004002b,0x00000061,0x0000148a,0x0000005b,0x0004001c,0x0000149b,0x00000025,
    0x0000005e,0x0004002b,0x00000006,0x0000149c,0xbf7127fa,0x0004002b,0x00000006,0x0000149d,
    0xbecc51e0,0x0005002c,0x00000025,0x0000149e,0x0000149c,0x0000149d,0x0004002b,0x00000006,
    0x0000149f,0x3f7211ee,0x0004002b,0x00000006,0x000014a0,0xbf44d71b,0x0005002c,0x00000025,
    0x000014a1,0x0000149f,0x000014a0,0x0004002b,0x00000006,0x000014a2,0xbdc0e398,0x0004002b,
    0x00000006,0x000014a3,0xbf6dec6b,0x0005002c,0x00000025,0x000014a4,0x000014a2,0x000014a3,
    0x0004002b,0x00000006,0x000014a5,0x3eb09e84,0x0004002b,0x00000006,0x000014a6,0x3e967720,
    0x0005002c,0x00000025,0x000014a7,0x000014a5,0x000014a6,0x0004002b,0x00000006,0x000014a8,
    0xbf6a777e,0x0004002b,0x00000006,0x000014a9,0x3eea5988,0x0005002c,0x00000025,0x000014aa,
    0x000014a8,0x000014a9,0x0004002b,0x00000006,0x000014ab,0xbf50c0d4,0x0004002b,0x00000006,
    0x000014ac,0xbf610e50,0x0005002c,0x00000025,0x000014ad,0x000014ab,0x000014ac,0x0004002b,
    0x00000006,0x000014ae,0xbec3fb24,0x0004002b,0x00000006,0x000014af,0x3e8db498,0x0005002c,
    0x00000025,0x000014b0,0x000014ae,0x000014af,0x0004002b,0x00000006,0x000014b1,0x3f798f60,
    0x0004002b,0x00000006,0x000014b2,0x3f41a8ec,0x0005002c,0x00000025,0x000014b3,0x000014b1,
    0x000014b2,0x0004002b,0x00000006,0x000014b4,0x3ee2ef78,0x0004002b,0x00000006,0x000014b5,
    0xbf79a12c,0x0005002c,0x00000025,0x000014b6,0x000014b4,0x000014b5,0x0004002b,0x00000006,
    0x000014b7,0x3f099500,0x0004002b,0x00000006,0x000014b8,0xbef28d4a,0x0005002c,0x00000025,
    0x000014b9,0x000014b7,0x000014b8,0x0004002b,0x00000006,0x000014ba,0xbe87aa08,0x0004002b,
    0x00000006,0x000014bb,0xbed67e06,0x0005002c,0x00000025,0x000014bc,0x000014ba,0x000014bb,
    0x0004002b,0x00000006,0x000014bd,0x3f4abee2,0x0004002b,0x00000006,0x000014be,0x3e437bc8,
    0x0005002c,0x00000025,0x000014bf,0x000014bd,0x000014be,0x0004002b,0x00000006,0x000014c0,
    0xbe77b198,0x0004002b,0x00000006,0x000014c1,0x3f7f3fa8,0x0005002c,0x00000025,0x000014c2,
    0x000014c0,0x000014c1,0x0004002b,0x00000006,0x000014c3,0xbf5068d4,0x0004002b,0x00000006,
    0x000014c4,0x3f6a148a,0x0005002c,0x00000025,0x000014c5,0x000014c3,0x000014c4,0x0004002b,
    0x00000006,0x000014c6,0x3e4ca330,0x0004002b,0x00000006,0x000014c7,0x3f495268,0x0005002c,
    0x00000025,0x000014c8,0x000014c6,0x000014c7,0x0004002b,0x00000006,0x000014c9,0x3e134898,
    0x0004002b,0x00000006,0x000014ca,0xbe106460,0x0005002c,0x00000025,0x000014cb,0x000014c9,
    0x000014ca,0x0013002c,0x0000149b,0x000014cc,0x0000149e,0x000014a1,0x000014a4,0x000014a7,
    0x000014aa,0x000014ad,0x000014b0,0x000014b3,0x000014b6,0x000014b9,0x000014bc,0x000014bf,
    0x000014c2,0x000014c5,0x000014c8,0x000014cb,0x00040020,0x000014ce,0x00000007,0x0000149b,
    0x0004002b,0x00000061,0x00001518,0x00000063,0x0004002b,0x00000061,0x0000151e,0x00000064,
    0x0004002b,0x00000061,0x00001539,0x00000065,0x0004002b,0x00000061,0x00001541,0xfffffffe,
    0x00040020,0x00001595,0x00000001,0x00000025,0x0004003b,0x00001595,0x00001596,0x00000001,
    0x0004002b,0x00000061,0x000015c7,0x000000a3,0x0004002b,0x00000061,0x000015ce,0x000000a6,
    0x0004002b,0x00000061,0x000015d7,0x000000a4,0x0004002b,0x00000061,0x000015df,0x000000a5,
    0x0004002b,0x00000061,0x000015f5,0x00000020,0x0004002b,0x00000061,0x00001646,0x00000056,
    0x0004002b,0x00000061,0x00001651,0x00000062,0x0004002b,0x00000061,0x00001681,0x00000051,
    0x0004002b,0x00000061,0x0000168c,0x00000050,0x00040020,0x000016b6,0x00000003,0x00000190,
    0x0004003b,0x000016b6,0x000016b7,0x00000003,0x0004002b,0x00000006,0x000016c4,0x3ca64c30,
    0x00050036,0x00000002,0x00000004,0x00000000,0x00000003,0x000200f8,0x00000005,0x0004003b,
    0x00000026,0x00001594,0x00000007,0x0004003b,0x00000026,0x00001598,0x00000007,0x0004003b,
    0x00000026,0x000015a6,0x00000007,0x0004003b,0x00000010,0x000015ab,0x00000007,0x0004003b,
    0x00000026,0x000015ba,0x00000007,0x0004003b,0x00000008,0x000015c2,0x00000007,0x0004003b,
    0x00000026,0x000015c3,0x00000007,0x0004003b,0x00000010,0x000015cd,0x00000007,0x0004003b,
    0x00000026,0x000015d8,0x00000007,0x0004003b,0x000000c7,0x000015da,0x00000007,0x0004003b,
    0x00000026,0x000015e0,0x00000007,0x0004003b,0x000000c7,0x000015e2,0x00000007,0x0004003b,
    0x00000010,0x000015e6,0x00000007,0x0004003b,0x00000026,0x000015fb,0x00000007,0x0004003b,
    0x00000026,0x00001604,0x00000007,0x0004003b,0x00000026,0x00001611,0x00000007,0x0004003b,
    0x00000010,0x00001615,0x00000007,0x0004003b,0x00000008,0x0000162d,0x00000007,0x0004003b,
    0x00000026,0x0000162f,0x00000007,0x0004003b,0x00000008,0x00001632,0x00000007,0x0004003b,
    0x00000026,0x00001634,0x00000007,0x0004003b,0x00000008,0x00001637,0x00000007,0x0004003b,
    0x00000026,0x00001639,0x00000007,0x0004003b,0x00000008,0x0000163c,0x00000007,0x0004003b,
    0x00000026,0x0000163e,0x00000007,0x0004003b,0x00000008,0x00001641,0x00000007,0x0004003b,
    0x00000026,0x00001643,0x00000007,0x0004003b,0x00000008,0x0000164c,0x00000007,0x0004003b,
    0x00000026,0x0000164e,0x00000007,0x0004003b,0x00000008,0x00001657,0x00000007,0x0004003b,
    0x00000026,0x00001659,0x00000007,0x0004003b,0x00000008,0x00001661,0x00000007,0x0004003b,
    0x00000008,0x00001664,0x00000007,0x0004003b,0x00000008,0x00001667,0x00000007,0x0004003b,
    0x00000008,0x0000166a,0x00000007,0x0004003b,0x00000008,0x0000166d,0x00000007,0x0004003b,
    0x00000026,0x0000166f,0x00000007,0x0004003b,0x00000008,0x00001672,0x00000007,0x0004003b,
    0x00000026,0x00001674,0x00000007,0x0004003b,0x00000008,0x00001677,0x00000007,0x0004003b,
    0x00000026,0x00001679,0x00000007,0x0004003b,0x00000008,0x0000167c,0x00000007,0x0004003b,
    0x00000026,0x0000167e,0x00000007,0x0004003b,0x00000008,0x00001687,0x00000007,0x0004003b,
    0x00000026,0x00001689,0x00000007,0x0004003b,0x00000008,0x00001692,0x00000007,0x0004003b,
    0x00000026,0x00001694,0x00000007,0x0004003b,0x00000026,0x00001697,0x00000007,0x0004003b,
    0x00000008,0x000016a1,0x00000007,0x0004003b,0x00000026,0x000016a3,0x00000007,0x0004003b,
    0x00000008,0x000016a6,0x00000007,0x0004003b,0x00000008,0x000016a9,0x00000007,0x0004003b,
    0x00000008,0x000016ac,0x00000007,0x0004003b,0x00000026,0x000016ae,0x00000007,0x0004003b,
    0x00000008,0x000016c6,0x00000007,0x0004003b,0x00000008,0x000016d5,0x00000007,0x0004003b,
    0x00000026,0x000016d7,0x00000007,0x0004003b,0x00000008,0x000016da,0x00000007,0x0004003b,
    0x00000026,0x000016dc,0x00000007,0x0004003d,0x00000025,0x00001597,0x00001596,0x0003003e,
    0x00001594,0x00001597,0x0004003d,0x00000025,0x00001599,0x00001594,0x0003003e,0x00001598,
    0x00001599,0x00050039,0x00000025,0x0000159a,0x0000003f,0x00001598,0x0003003e,0x00001594,
    0x0000159a,0x00050041,0x0000019b,0x0000159b,0x00000193,0x000007d4,0x0004003d,0x0000005d,
    0x0000159c,0x0000159b,0x000500ab,0x000001c9,0x0000159d,0x0000159c,0x000000ec,0x000300f7,
    0x0000159f,0x00000000,0x000400fa,0x0000159d,0x0000159e,0x0000159f,0x000200f8,0x0000159e,
    0x00050041,0x00000195,0x000015a0,0x00000193,0x000007f7,0x0004003d,0x00000006,0x000015a1,
    0x000015a0,0x000500ba,0x000001c9,0x000015a2,0x000015a1,0x0000011e,0x000200f9,0x0000159f,
    0x000200f8,0x0000159f,0x000700f5,0x000001c9,0x000015a3,0x0000159d,0x00000005,0x000015a2,
    0x0000159e,0x000300f7,0x000015a5,0x00000000,0x000400fa,0x000015a3,0x000015a4,0x000015a5,
    0x000200f8,0x000015a4,0x0004003d,0x00000025,0x000015a7,0x00001594,0x0005008e,0x00000025,
    0x000015a8,0x000015a7,0x00000175,0x00050050,0x00000025,0x000015a9,0x000000d8,0x000000d8,
    0x00050083,0x00000025,0x000015aa,0x000015a8,0x000015a9,0x0003003e,0x000015a6,0x000015aa,
    0x0004003d,0x00000025,0x000015ac,0x000015a6,0x0004003d,0x00000025,0x000015ad,0x000015a6,
    0x00050094,0x00000006,0x000015ae,0x000015ac,0x000015ad,0x0003003e,0x000015ab,0x000015ae,
    0x0004003d,0x00000006,0x000015af,0x000015ab,0x00050041,0x00000195,0x000015b0,0x00000193,
    0x000007f7,0x0004003d,0x00000006,0x000015b1,0x000015b0,0x00050085,0x00000006,0x000015b2,
    0x000015af,0x000015b1,0x00050081,0x00000006,0x000015b3,0x000000d8,0x000015b2,0x0004003d,
    0x00000025,0x000015b4,0x000015a6,0x0005008e,0x00000025,0x000015b5,0x000015b4,0x000015b3,
    0x0003003e,0x000015a6,0x000015b5,0x0004003d,0x00000025,0x000015b6,0x000015a6,0x0005008e,
    0x00000025,0x000015b7,0x000015b6,0x00000132,0x00050050,0x00000025,0x000015b8,0x00000132,
    0x00000132,0x00050081,0x00000025,0x000015b9,0x000015b7,0x000015b8,0x0003003e,0x00001594,
    0x000015b9,0x000200f9,0x000015a5,0x000200f8,0x000015a5,0x0004003d,0x00000025,0x000015bb,
    0x00001594,0x0003003e,0x000015ba,0x000015bb,0x00050039,0x00000025,0x000015bc,0x00000057,
    0x000015ba,0x0003003e,0x00001594,0x000015bc,0x00050041,0x0000019b,0x000015bd,0x00000193,
    0x0000098b,0x0004003d,0x0000005d,0x000015be,0x000015bd,0x000500ab,0x000001c9,0x000015bf,
    0x000015be,0x000000ec,0x000300f7,0x000015c1,0x00000000,0x000400fa,0x000015bf,0x000015c0,
    0x000015c6,0x000200f8,0x000015c0,0x0004003d,0x00000025,0x000015c4,0x00001594,0x0003003e,
    0x000015c3,0x000015c4,0x00050039,0x00000007,0x000015c5,0x00000054,0x000015c3,0x0003003e,
    0x000015c2,0x000015c5,0x000200f9,0x000015c1,0x000200f8,0x000015c6,0x00050041,0x0000019b,
    0x000015c8,0x00000193,0x000015c7,0x0004003d,0x0000005d,0x000015c9,0x000015c8,0x000500ab,
    0x000001c9,0x000015ca,0x000015c9,0x000000ec,0x000300f7,0x000015cc,0x00000000,0x000400fa,
    0x000015ca,0x000015cb,0x000015f4,0x000200f8,0x000015cb,0x00050041,0x00000195,0x000015cf,
    0x00000193,0x000015ce,0x0004003d,0x00000006,0x000015d0,0x000015cf,0x0003003e,0x000015cd,
    0x000015d0,0x00050041,0x00000010,0x000015d1,0x00001594,0x000000ec,0x0004003d,0x00000006,
    0x000015d2,0x000015d1,0x0004003d,0x00000006,0x000015d3,0x000015cd,0x000500b8,0x000001c9,
    0x000015d4,0x000015d2,0x000015d3,0x000300f7,0x000015d6,0x00000000,0x000400fa,0x000015d4,
    0x000015d5,0x000015de,0x000200f8,0x000015d5,0x0004003d,0x00000025,0x000015d9,0x00001594,
    0x0003003e,0x000015d8,0x000015d9,0x00050041,0x0000019b,0x000015db,0x00000193,0x000015d7,
    0x0004003d,0x0000005d,0x000015dc,0x000015db,0x0003003e,0x000015da,0x000015dc,0x00060039,
    0x00000007,0x000015dd,0x000000cb,0x000015d8,0x000015da,0x0003003e,0x000015c2,0x000015dd,
    0x000200f9,0x000015d6,0x000200f8,0x000015de,0x0004003d,0x00000025,0x000015e1,0x00001594,
    0x0003003e,0x000015e0,0x000015e1,0x00050041,0x0000019b,0x000015e3,0x00000193,0x000015df,
    0x0004003d,0x0000005d,0x000015e4,0x000015e3,0x0003003e,0x000015e2,0x000015e4,0x00060039,
    0x00000007,0x000015e5,0x000000cb,0x000015e0,0x000015e2,0x0003003e,0x000015c2,0x000015e5,
    0x000200f9,0x000015d6,0x000200f8,0x000015d6,0x00050041,0x0000019b,0x000015e7,0x00000193,
    0x000002e7,0x0004003d,0x0000005d,0x000015e8,0x000015e7,0x00040070,0x00000006,0x000015e9,
    0x000015e8,0x00050088,0x00000006,0x000015ea,0x000000d8,0x000015e9,0x0003003e,0x000015e6,
    0x000015ea,0x00050041,0x00000010,0x000015eb,0x00001594,0x000000ec,0x0004003d,0x00000006,
    0x000015ec,0x000015eb,0x0004003d,0x00000006,0x000015ed,0x000015cd,0x00050083,0x00000006,
    0x000015ee,0x000015ec,0x000015ed,0x0006000c,0x00000006,0x000015ef,0x00000001,0x00000004,
    0x000015ee,0x0004003d,0x00000006,0x000015f0,0x000015e6,0x000500b8,0x000001c9,0x000015f1,
    0x000015ef,0x000015f0,0x000300f7,0x000015f3,0x00000000,0x000400fa,0x000015f1,0x000015f2,
    0x000015f3,0x000200f8,0x000015f2,0x0003003e,0x000015c2,0x000000e6,0x000200f9,0x000015f3,
    0x000200f8,0x000015f3,0x000200f9,0x000015cc,0x000200f8,0x000015f4,0x00050041,0x0000019b,
    0x000015f6,0x00000193,0x000015f5,0x0004003d,0x0000005d,0x000015f7,0x000015f6,0x000500aa,
    0x000001c9,0x000015f8,0x000015f7,0x0000023b,0x000300f7,0x000015fa,0x00000000,0x000400fa,
    0x000015f8,0x000015f9,0x000015fe,0x000200f8,0x000015f9,0x0004003d,0x00000025,0x000015fc,
    0x00001594,0x0003003e,0x000015fb,0x000015fc,0x00050039,0x00000007,0x000015fd,0x0000003b,
    0x000015fb,0x0003003e,0x000015c2,0x000015fd,0x000200f9,0x000015fa,0x000200f8,0x000015fe,
    0x00050041,0x0000019b,0x000015ff,0x00000193,0x000015f5,0x0004003d,0x0000005d,0x00001600,
    0x000015ff,0x000500aa,0x000001c9,0x00001601,0x00001600,0x000000ef,0x000300f7,0x00001603,
    0x00000000,0x000400fa,0x00001601,0x00001602,0x00001607,0x000200f8,0x00001602,0x0004003d,
    0x00000025,0x00001605,0x00001594,0x0003003e,0x00001604,0x00001605,0x00050039,0x00000007,
    0x00001606,0x00000038,0x00001604,0x0003003e,0x000015c2,0x00001606,0x000200f9,0x00001603,
    0x000200f8,0x00001607,0x0004003d,0x000002de,0x00001608,0x000002e0,0x0004003d,0x00000025,
    0x00001609,0x00001594,0x00050057,0x00000190,0x0000160a,0x00001608,0x00001609,0x0008004f,
    0x00000007,0x0000160b,0x0000160a,0x0000160a,0x00000000,0x00000001,0x00000002,0x0003003e,
    0x000015c2,0x0000160b,0x000200f9,0x00001603,0x000200f8,0x00001603,0x000200f9,0x000015fa,
    0x000200f8,0x000015fa,0x00050041,0x0000019b,0x0000160c,0x00000193,0x00000ccd,0x0004003d,
    0x0000005d,0x0000160d,0x0000160c,0x000500ab,0x000001c9,0x0000160e,0x0000160d,0x000000ec,
    0x000300f7,0x00001610,0x00000000,0x000400fa,0x0000160e,0x0000160f,0x00001610,0x000200f8,
    0x0000160f,0x0004003d,0x00000025,0x00001612,0x00001594,0x00050050,0x00000025,0x00001613,
    0x00000132,0x00000132,0x00050083,0x00000025,0x00001614,0x00001612,0x00001613,0x0003003e,
    0x00001611,0x00001614,0x00050041,0x00000195,0x00001616,0x00000193,0x00000cd2,0x0004003d,
    0x00000006,0x00001617,0x00001616,0x0004003d,0x00000025,0x00001618,0x00001611,0x0006000c,
    0x00000006,0x00001619,0x00000001,0x00000042,0x00001618,0x00050085,0x00000006,0x0000161a,
    0x00001617,0x00001619,0x0003003e,0x00001615,0x0000161a,0x0004003d,0x000002de,0x0000161b,
    0x000002e0,0x0004003d,0x00000025,0x0000161c,0x00001594,0x0004003d,0x00000025,0x0000161d,
    0x00001611,0x0004003d,0x00000006,0x0000161e,0x00001615,0x0005008e,0x00000025,0x0000161f,
    0x0000161d,0x0000161e,0x00050081,0x00000025,0x00001620,0x0000161c,0x0000161f,0x00050057,
    0x00000190,0x00001621,0x0000161b,0x00001620,0x00050051,0x00000006,0x00001622,0x00001621,
    0x00000000,0x00050041,0x00000010,0x00001623,0x000015c2,0x000000ec,0x0003003e,0x00001623,
    0x00001622,0x0004003d,0x000002de,0x00001624,0x000002e0,0x0004003d,0x00000025,0x00001625,
    0x00001594,0x0004003d,0x00000025,0x00001626,0x00001611,0x0004003d,0x00000006,0x00001627,
    0x00001615,0x0005008e,0x00000025,0x00001628,0x00001626,0x00001627,0x00050083,0x00000025,
    0x00001629,0x00001625,0x00001628,0x00050057,0x00000190,0x0000162a,0x00001624,0x00001629,
    0x00050051,0x00000006,0x0000162b,0x0000162a,0x00000002,0x00050041,0x00000010,0x0000162c,
    0x000015c2,0x000000f3,0x0003003e,0x0000162c,0x0000162b,0x000200f9,0x00001610,0x000200f8,
    0x00001610,0x000200f9,0x000015cc,0x000200f8,0x000015cc,0x000200f9,0x000015c1,0x000200f8,
    0x000015c1,0x0004003d,0x00000007,0x0000162e,0x000015c2,0x0003003e,0x0000162d,0x0000162e,
    0x0004003d,0x00000025,0x00001630,0x00001594,0x0003003e,0x0000162f,0x00001630,0x00060039,
    0x00000007,0x00001631,0x000000ad,0x0000162d,0x0000162f,0x0003003e,0x000015c2,0x00001631,
    0x0004003d,0x00000007,0x00001633,0x000015c2,0x0003003e,0x00001632,0x00001633,0x0004003d,
    0x00000025,0x00001635,0x00001594,0x0003003e,0x00001634,0x00001635,0x00060039,0x00000007,
    0x00001636,0x000000b1,0x00001632,0x00001634,0x0003003e,0x000015c2,0x00001636,0x0004003d,
    0x00000007,0x00001638,0x000015c2,0x0003003e,0x00001637,0x00001638,0x0004003d,0x00000025,
    0x0000163a,0x00001594,0x0003003e,0x00001639,0x0000163a,0x00060039,0x00000007,0x0000163b,
    0x000000b5,0x00001637,0x00001639,0x0003003e,0x000015c2,0x0000163b,0x0004003d,0x00000007,
    0x0000163d,0x000015c2,0x0003003e,0x0000163c,0x0000163d,0x0004003d,0x00000025,0x0000163f,
    0x00001594,0x0003003e,0x0000163e,0x0000163f,0x00060039,0x00000007,0x00001640,0x000000a9,
    0x0000163c,0x0000163e,0x0003003e,0x000015c2,0x00001640,0x0004003d,0x00000007,0x00001642,
    0x000015c2,0x0003003e,0x00001641,0x00001642,0x0004003d,0x00000025,0x00001644,0x00001594,
    0x0003003e,0x00001643,0x00001644,0x00060039,0x00000007,0x00001645,0x000000b9,0x00001641,
    0x00001643,0x0003003e,0x000015c2,0x00001645,0x00050041,0x0000019b,0x00001647,0x00000193,
    0x00001646,0x0004003d,0x0000005d,0x00001648,0x00001647,0x000500ab,0x000001c9,0x00001649,
    0x00001648,0x000000ec,0x000300f7,0x0000164b,0x00000000,0x000400fa,0x00001649,0x0000164a,
    0x0000164b,0x000200f8,0x0000164a,0x0004003d,0x00000007,0x0000164d,0x000015c2,0x0003003e,
    0x0000164c,0x0000164d,0x0004003d,0x00000025,0x0000164f,0x00001594,0x0003003e,0x0000164e,
    0x0000164f,0x00060039,0x00000007,0x00001650,0x000000c1,0x0000164c,0x0000164e,0x0003003e,
    0x000015c2,0x00001650,0x000200f9,0x0000164b,0x000200f8,0x0000164b,0x00050041,0x0000019b,
    0x00001652,0x00000193,0x00001651,0x0004003d,0x0000005d,0x00001653,0x00001652,0x000500ab,
    0x000001c9,0x00001654,0x00001653,0x000000ec,0x000300f7,0x00001656,0x00000000,0x000400fa,
    0x00001654,0x00001655,0x00001656,0x000200f8,0x00001655,0x0004003d,0x00000007,0x00001658,
    0x000015c2,0x0003003e,0x00001657,0x00001658,0x0004003d,0x00000025,0x0000165a,0x00001594,
    0x0003003e,0x00001659,0x0000165a,0x00060039,0x00000007,0x0000165b,0x000000c5,0x00001657,
    0x00001659,0x0003003e,0x000015c2,0x0000165b,0x000200f9,0x00001656,0x000200f8,0x00001656,
    0x00050041,0x0000019b,0x0000165c,0x00000193,0x0000019a,0x0004003d,0x0000005d,0x0000165d,
    0x0000165c,0x000500ab,0x000001c9,0x0000165e,0x0000165d,0x000000ec,0x000300f7,0x00001660,
    0x00000000,0x000400fa,0x0000165e,0x0000165f,0x00001660,0x000200f8,0x0000165f,0x0004003d,
    0x00000007,0x00001662,0x000015c2,0x0003003e,0x00001661,0x00001662,0x00050039,0x00000007,
    0x00001663,0x00000023,0x00001661,0x0003003e,0x000015c2,0x00001663,0x000200f9,0x00001660,
    0x000200f8,0x00001660,0x0004003d,0x00000007,0x00001665,0x000015c2,0x0003003e,0x00001664,
    0x00001665,0x00050039,0x00000007,0x00001666,0x0000004d,0x00001664,0x0003003e,0x000015c2,
    0x00001666,0x0004003d,0x00000007,0x00001668,0x000015c2,0x0003003e,0x00001667,0x00001668,
    0x00050039,0x00000007,0x00001669,0x0000002d,0x00001667,0x0003003e,0x000015c2,0x00001669,
    0x0004003d,0x00000007,0x0000166b,0x000015c2,0x0003003e,0x0000166a,0x0000166b,0x00050039,
    0x00000007,0x0000166c,0x00000030,0x0000166a,0x0003003e,0x000015c2,0x0000166c,0x0004003d,
    0x00000007,0x0000166e,0x000015c2,0x0003003e,0x0000166d,0x0000166e,0x0004003d,0x00000025,
    0x00001670,0x00001594,0x0003003e,0x0000166f,0x00001670,0x00060039,0x00000007,0x00001671,
    0x000000bd,0x0000166d,0x0000166f,0x0003003e,0x000015c2,0x00001671,0x0004003d,0x00000007,
    0x00001673,0x000015c2,0x0003003e,0x00001672,0x00001673,0x0004003d,0x00000025,0x00001675,
    0x00001594,0x0003003e,0x00001674,0x00001675,0x00060039,0x00000007,0x00001676,0x0000002a,
    0x00001672,0x00001674,0x0003003e,0x000015c2,0x00001676,0x0004003d,0x00000007,0x00001678,
    0x000015c2,0x0003003e,0x00001677,0x00001678,0x0004003d,0x00000025,0x0000167a,0x00001594,
    0x0003003e,0x00001679,0x0000167a,0x00060039,0x00000007,0x0000167b,0x00000034,0x00001677,
    0x00001679,0x0003003e,0x000015c2,0x0000167b,0x0004003d,0x00000007,0x0000167d,0x000015c2,
    0x0003003e,0x0000167c,0x0000167d,0x0004003d,0x00000025,0x0000167f,0x00001594,0x0003003e,
    0x0000167e,0x0000167f,0x00060039,0x00000007,0x00001680,0x0000005b,0x0000167c,0x0000167e,
    0x0003003e,0x000015c2,0x00001680,0x00050041,0x0000019b,0x00001682,0x00000193,0x00001681,
    0x0004003d,0x0000005d,0x00001683,0x00001682,0x000500ab,0x000001c9,0x00001684,0x00001683,
    0x000000ec,0x000300f7,0x00001686,0x00000000,0x000400fa,0x00001684,0x00001685,0x00001686,
    0x000200f8,0x00001685,0x0004003d,0x00000007,0x00001688,0x000015c2,0x0003003e,0x00001687,
    0x00001688,0x0004003d,0x00000025,0x0000168a,0x00001594,0x0003003e,0x00001689,0x0000168a,
    0x00060039,0x00000007,0x0000168b,0x0000006f,0x00001687,0x00001689,0x0003003e,0x000015c2,
    0x0000168b,0x000200f9,0x00001686,0x000200f8,0x00001686,0x00050041,0x0000019b,0x0000168d,
    0x00000193,0x0000168c,0x0004003d,0x0000005d,0x0000168e,0x0000168d,0x000500ab,0x000001c9,
    0x0000168f,0x0000168e,0x000000ec,0x000300f7,0x00001691,0x00000000,0x000400fa,0x0000168f,
    0x00001690,0x00001691,0x000200f8,0x00001690,0x0004003d,0x00000007,0x00001693,0x000015c2,
    0x0003003e,0x00001692,0x00001693,0x0004003d,0x00000025,0x00001695,0x00001594,0x0003003e,
    0x00001694,0x00001695,0x00060039,0x00000007,0x00001696,0x0000006b,0x00001692,0x00001694,
    0x0003003e,0x000015c2,0x00001696,0x000200f9,0x00001691,0x000200f8,0x00001691,0x0004003d,
    0x00000025,0x00001698,0x00001596,0x00050041,0x0000019b,0x00001699,0x00000193,0x000002e7,
    0x0004003d,0x0000005d,0x0000169a,0x00001699,0x00040070,0x00000006,0x0000169b,0x0000169a,
    0x00050041,0x0000019b,0x0000169c,0x00000193,0x000002eb,0x0004003d,0x0000005d,0x0000169d,
    0x0000169c,0x00040070,0x00000006,0x0000169e,0x0000169d,0x00050050,0x00000025,0x0000169f,
    0x0000169b,0x0000169e,0x00050085,0x00000025,0x000016a0,0x00001698,0x0000169f,0x0003003e,
    0x00001697,0x000016a0,0x0004003d,0x00000007,0x000016a2,0x000015c2,0x0003003e,0x000016a1,
    0x000016a2,0x0004003d,0x00000025,0x000016a4,0x00001697,0x0003003e,0x000016a3,0x000016a4,
    0x00060039,0x00000007,0x000016a5,0x00000043,0x000016a1,0x000016a3,0x0003003e,0x000015c2,
    0x000016a5,0x0004003d,0x00000007,0x000016a7,0x000015c2,0x0003003e,0x000016a6,0x000016a7,
    0x00050039,0x00000007,0x000016a8,0x00000046,0x000016a6,0x0003003e,0x000015c2,0x000016a8,
    0x0004003d,0x00000007,0x000016aa,0x000015c2,0x0003003e,0x000016a9,0x000016aa,0x00050039,
    0x00000007,0x000016ab,0x00000072,0x000016a9,0x0003003e,0x000015c2,0x000016ab,0x0004003d,
    0x00000007,0x000016ad,0x000015c2,0x0003003e,0x000016ac,0x000016ad,0x0004003d,0x00000025,
    0x000016af,0x00001697,0x0003003e,0x000016ae,0x000016af,0x00060039,0x00000007,0x000016b0,
    0x00000093,0x000016ac,0x000016ae,0x0003003e,0x000015c2,0x000016b0,0x00050041,0x0000019b,
    0x000016b1,0x00000193,0x00000cc9,0x0004003d,0x0000005d,0x000016b2,0x000016b1,0x000500aa,
    0x000001c9,0x000016b3,0x000016b2,0x000000ef,0x000300f7,0x000016b5,0x00000000,0x000400fa,
    0x000016b3,0x000016b4,0x000016bd,0x000200f8,0x000016b4,0x0004003d,0x00000007,0x000016b8,
    0x000015c2,0x00050051,0x00000006,0x000016b9,0x000016b8,0x00000000,0x00050051,0x00000006,
    0x000016ba,0x000016b8,0x00000001,0x00050051,0x00000006,0x000016bb,0x000016b8,0x00000002,
    0x00070050,0x00000190,0x000016bc,0x000016b9,0x000016ba,0x000016bb,0x000000d8,0x0003003e,
    0x000016b7,0x000016bc,0x000200f9,0x000016b5,0x000200f8,0x000016bd,0x00050041,0x0000019b,
    0x000016be,0x00000193,0x00000cc9,0x0004003d,0x0000005d,0x000016bf,0x000016be,0x000500aa,
    0x000001c9,0x000016c0,0x000016bf,0x000000f3,0x000300f7,0x000016c2,0x00000000,0x000400fa,
    0x000016c0,0x000016c1,0x000016ce,0x000200f8,0x000016c1,0x0004003d,0x00000007,0x000016c3,
    0x000015c2,0x0005008e,0x00000007,0x000016c5,0x000016c3,0x000016c4,0x0003003e,0x000015c2,
    0x000016c5,0x0004003d,0x00000007,0x000016c7,0x000015c2,0x0003003e,0x000016c6,0x000016c7,
    0x00050039,0x00000007,0x000016c8,0x0000000b,0x000016c6,0x0003003e,0x000015c2,0x000016c8,
    0x0004003d,0x00000007,0x000016c9,0x000015c2,0x00050051,0x00000006,0x000016ca,0x000016c9,
    0x00000000,0x00050051,0x00000006,0x000016cb,0x000016c9,0x00000001,0x00050051,0x00000006,
    0x000016cc,0x000016c9,0x00000002,0x00070050,0x00000190,0x000016cd,0x000016ca,0x000016cb,
    0x000016cc,0x000000d8,0x0003003e,0x000016b7,0x000016cd,0x000200f9,0x000016c2,0x000200f8,
    0x000016ce,0x0004003d,0x00000007,0x000016cf,0x000015c2,0x00050041,0x00000195,0x000016d0,
    0x00000193,0x0000072f,0x0004003d,0x00000006,0x000016d1,0x000016d0,0x00050088,0x00000006,
    0x000016d2,0x000000d8,0x000016d1,0x00060050,0x00000007,0x000016d3,0x000016d2,0x000016d2,
    0x000016d2,0x0007000c,0x00000007,0x000016d4,0x00000001,0x0000001a,0x000016cf,0x000016d3,
    0x0003003e,0x000015c2,0x000016d4,0x0004003d,0x00000007,0x000016d6,0x000015c2,0x0003003e,
    0x000016d5,0x000016d6,0x0004003d,0x00000025,0x000016d8,0x00001596,0x0003003e,0x000016d7,
    0x000016d8,0x00060039,0x00000007,0x000016d9,0x00000051,0x000016d5,0x000016d7,0x0003003e,
    0x000015c2,0x000016d9,0x0004003d,0x00000007,0x000016db,0x000015c2,0x0003003e,0x000016da,
    0x000016db,0x0004003d,0x00000025,0x000016dd,0x00001596,0x0003003e,0x000016dc,0x000016dd,
    0x00060039,0x00000007,0x000016de,0x0000004a,0x000016da,0x000016dc,0x0003003e,0x000015c2,
    0x000016de,0x0004003d,0x00000007,0x000016df,0x000015c2,0x00050051,0x00000006,0x000016e0,
    0x000016df,0x00000000,0x00050051,0x00000006,0x000016e1,0x000016df,0x00000001,0x00050051,
    0x00000006,0x000016e2,0x000016df,0x00000002,0x00070050,0x00000190,0x000016e3,0x000016e0,
    0x000016e1,0x000016e2,0x000000d8,0x0003003e,0x000016b7,0x000016e3,0x000200f9,0x000016c2,
    0x000200f8,0x000016c2,0x000200f9,0x000016b5,0x000200f8,0x000016b5,0x000100fd,0x00010038,
    0x00050036,0x00000007,0x0000000b,0x00000000,0x00000009,0x00030037,0x00000008,0x0000000a,
    0x000200f8,0x0000000c,0x0004003b,0x00000008,0x000000cd,0x00000007,0x0004003d,0x00000007,
    0x000000ce,0x0000000a,0x0007000c,0x00000007,0x000000d1,0x00000001,0x0000001a,0x000000ce,
    0x000000d0,0x0003003e,0x000000cd,0x000000d1,0x0004003d,0x00000007,0x000000d4,0x000000cd,
    0x0005008e,0x00000007,0x000000d5,0x000000d4,0x000000d3,0x00060050,0x00000007,0x000000d6,
    0x000000d2,0x000000d2,0x000000d2,0x00050081,0x00000007,0x000000d7,0x000000d6,0x000000d5,
    0x0004003d,0x00000007,0x000000da,0x000000cd,0x0005008e,0x00000007,0x000000db,0x000000da,
    0x000000d9,0x00060050,0x00000007,0x000000dc,0x000000d8,0x000000d8,0x000000d8,0x00050081,
    0x00000007,0x000000dd,0x000000dc,0x000000db,0x00050088,0x00000007,0x000000de,0x000000d7,
    0x000000dd,0x0007000c,0x00000007,0x000000e1,0x00000001,0x0000001a,0x000000de,0x000000e0,
    0x000200fe,0x000000e1,0x00010038,0x00050036,0x00000007,0x0000000e,0x00000000,0x00000009,
    0x00030037,0x00000008,0x0000000d,0x000200f8,0x0000000f,0x0004003d,0x00000007,0x000000e4,
    0x0000000d,0x0004003d,0x00000007,0x000000e5,0x0000000d,0x00050081,0x00000007,0x000000e7,
    0x000000e5,0x000000e6,0x00050088,0x00000007,0x000000e8,0x000000e4,0x000000e7,0x000200fe,
    0x000000e8,0x00010038,0x00050036,0x00000007,0x00000014,0x00000000,0x00000011,0x00030037,
    0x00000008,0x00000012,0x00030037,0x00000010,0x00000013,0x000200f8,0x00000015,0x0004003b,
    0x00000010,0x000000eb,0x00000007,0x0004003b,0x00000010,0x000000f7,0x00000007,0x00050041,
    0x00000010,0x000000ed,0x00000012,0x000000ec,0x0004003d,0x00000006,0x000000ee,0x000000ed,
    0x00050041,0x00000010,0x000000f0,0x00000012,0x000000ef,0x0004003d,0x00000006,0x000000f1,
    0x000000f0,0x0007000c,0x00000006,0x000000f2,0x00000001,0x00000028,0x000000ee,0x000000f1,
    0x00050041,0x00000010,0x000000f4,0x00000012,0x000000f3,0x0004003d,0x00000006,0x000000f5,
    0x000000f4,0x0007000c,0x00000006,0x000000f6,0x00000001,0x00000028,0x000000f2,0x000000f5,
    0x0003003e,0x000000eb,0x000000f6,0x0004003d,0x00000006,0x000000f8,0x000000eb,0x0004003d,
    0x00000006,0x000000f9,0x000000eb,0x0004003d,0x00000006,0x000000fa,0x00000013,0x0004003d,
    0x00000006,0x000000fb,0x00000013,0x00050085,0x00000006,0x000000fc,0x000000fa,0x000000fb,
    0x00050088,0x00000006,0x000000fd,0x000000f9,0x000000fc,0x00050081,0x00000006,0x000000fe,
    0x000000d8,0x000000fd,0x00050085,0x00000006,0x000000ff,0x000000f8,0x000000fe,0x0004003d,
    0x00000006,0x00000100,0x000000eb,0x00050081,0x00000006,0x00000101,0x000000d8,0x00000100,
    0x00050088,0x00000006,0x00000102,0x000000ff,0x00000101,0x0003003e,0x000000f7,0x00000102,
    0x0004003d,0x00000007,0x00000103,0x00000012,0x0004003d,0x00000006,0x00000104,0x000000f7,
    0x0004003d,0x00000006,0x00000105,0x000000eb,0x00050088,0x00000006,0x00000106,0x00000104,
    0x00000105,0x0005008e,0x00000007,0x00000107,0x00000103,0x00000106,0x000200fe,0x00000107,
    0x00010038,0x00050036,0x00000007,0x00000017,0x00000000,0x00000009,0x00030037,0x00000008,
    0x00000016,0x000200f8,0x00000018,0x0004003d,0x00000007,0x0000010a,0x00000016,0x0004003d,
    0x00000007,0x0000010c,0x00000016,0x0005008e,0x00000007,0x0000010d,0x0000010c,0x0000010b,
    0x00060050,0x00000007,0x0000010f,0x0000010e,0x0000010e,0x0000010e,0x00050081,0x00000007,
    0x00000110,0x0000010d,0x0000010f,0x00050085,0x00000007,0x00000111,0x0000010a,0x00000110,
    0x0004003d,0x00000007,0x00000112,0x00000016,0x0004003d,0x00000007,0x00000114,0x00000016,
    0x0005008e,0x00000007,0x00000115,0x00000114,0x00000113,0x00060050,0x00000007,0x00000117,
    0x00000116,0x00000116,0x00000116,0x00050081,0x00000007,0x00000118,0x00000115,0x00000117,
    0x00050085,0x00000007,0x00000119,0x00000112,0x00000118,0x00060050,0x00000007,0x0000011b,
    0x0000011a,0x0000011a,0x0000011a,0x00050081,0x00000007,0x0000011c,0x00000119,0x0000011b,
    0x00050088,0x00000007,0x0000011d,0x00000111,0x0000011c,0x00060050,0x00000007,0x0000011f,
    0x0000011e,0x0000011e,0x0000011e,0x00060050,0x00000007,0x00000120,0x000000d8,0x000000d8,
    0x000000d8,0x0008000c,0x00000007,0x00000121,0x00000001,0x0000002b,0x0000011d,0x0000011f,
    0x00000120,0x000200fe,0x00000121,0x00010038,0x00050036,0x00000007,0x0000001a,0x00000000,
    0x00000009,0x00030037,0x00000008,0x00000019,0x000200f8,0x0000001b,0x0004003d,0x00000007,
    0x00000124,0x00000019,0x0004003d,0x00000007,0x00000126,0x00000019,0x0005008e,0x00000007,
    0x00000127,0x00000126,0x00000125,0x00060050,0x00000007,0x00000129,0x00000128,0x00000128,
    0x00000128,0x00050081,0x00000007,0x0000012a,0x00000127,0x00000129,0x00050085,0x00000007,
    0x0000012b,0x00000124,0x0000012a,0x00060050,0x00000007,0x0000012d,0x0000012c,0x0000012c,
    0x0000012c,0x00050081,0x00000007,0x0000012e,0x0000012b,0x0000012d,0x0004003d,0x00000007,
    0x0000012f,0x00000019,0x0004003d,0x00000007,0x00000130,0x00000019,0x0005008e,0x00000007,
    0x00000131,0x00000130,0x00000125,0x00060050,0x00000007,0x00000133,0x00000132,0x00000132,
    0x00000132,0x00050081,0x00000007,0x00000134,0x00000131,0x00000133,0x00050085,0x00000007,
    0x00000135,0x0000012f,0x00000134,0x00060050,0x00000007,0x00000137,0x00000136,0x00000136,
    0x00000136,0x00050081,0x00000007,0x00000138,0x00000135,0x00000137,0x00050088,0x00000007,
    0x00000139,0x0000012e,0x00000138,0x00060050,0x00000007,0x0000013b,0x0000013a,0x0000013a,
    0x0000013a,0x00050083,0x00000007,0x0000013c,0x00000139,0x0000013b,0x000200fe,0x0000013c,
    0x00010038,0x00050036,0x00000007,0x0000001d,0x00000000,0x00000009,0x00030037,0x00000008,
    0x0000001c,0x000200f8,0x0000001e,0x0004003b,0x00000008,0x0000013f,0x00000007,0x0004003b,
    0x00000008,0x00000140,0x00000007,0x0004003b,0x00000008,0x00000143,0x00000007,0x0004003b,
    0x00000008,0x00000146,0x00000007,0x0004003d,0x00000007,0x00000141,0x0000001c,0x0003003e,
    0x00000140,0x00000141,0x00050039,0x00000007,0x00000142,0x0000001a,0x00000140,0x0003003e,
    0x0000013f,0x00000142,0x0003003e,0x00000146,0x00000145,0x00050039,0x00000007,0x00000147,
    0x0000001a,0x00000146,0x00060050,0x00000007,0x00000148,0x000000d8,0x000000d8,0x000000d8,
    0x00050088,0x00000007,0x00000149,0x00000148,0x00000147,0x0003003e,0x00000143,0x00000149,
    0x0004003d,0x00000007,0x0000014a,0x0000013f,0x0004003d,0x00000007,0x0000014b,0x00000143,
    0x00050085,0x00000007,0x0000014c,0x0000014a,0x0000014b,0x000200fe,0x0000014c,0x00010038,
    0x00050036,0x00000007,0x00000020,0x00000000,0x00000009,0x00030037,0x00000008,0x0000001f,
    0x000200f8,0x00000021,0x0004003b,0x00000008,0x0000016c,0x00000007,0x0004003d,0x00000007,
    0x0000015c,0x0000001f,0x00050091,0x00000007,0x0000015d,0x0000015b,0x0000015c,0x0003003e,
    0x0000001f,0x0000015d,0x0004003d,0x00000007,0x0000015e,0x0000001f,0x0006000c,0x00000007,
    0x0000015f,0x00000001,0x0000001e,0x0000015e,0x00060050,0x00000007,0x00000162,0x00000160,
    0x00000160,0x00000160,0x00060050,0x00000007,0x00000163,0x00000161,0x00000161,0x00000161,
    0x0008000c,0x00000007,0x00000164,0x00000001,0x0000002b,0x0000015f,0x00000162,0x00000163,
    0x0003003e,0x0000001f,0x00000164,0x0004003d,0x00000007,0x00000165,0x0000001f,0x00060050,
    0x00000007,0x00000167,0x00000166,0x00000166,0x00000166,0x00050081,0x00000007,0x00000168,
    0x00000165,0x00000167,0x00060050,0x00000007,0x0000016a,0x00000169,0x00000169,0x00000169,
    0x00050088,0x00000007,0x0000016b,0x00000168,0x0000016a,0x0003003e,0x0000001f,0x0000016b,
    0x0004003d,0x00000007,0x0000016d,0x0000001f,0x00060050,0x00000007,0x0000016e,0x0000011e,
    0x0000011e,0x0000011e,0x00060050,0x00000007,0x0000016f,0x000000d8,0x000000d8,0x000000d8,
    0x0008000c,0x00000007,0x00000170,0x00000001,0x0000002b,0x0000016d,0x0000016e,0x0000016f,
    0x0003003e,0x0000016c,0x00000170,0x0004003d,0x00000007,0x00000171,0x0000016c,0x0004003d,
    0x00000007,0x00000172,0x0000016c,0x00050085,0x00000007,0x00000173,0x00000171,0x00000172,
    0x0004003d,0x00000007,0x00000176,0x0000016c,0x0005008e,0x00000007,0x00000177,0x00000176,
    0x00000175,0x00060050,0x00000007,0x00000178,0x00000174,0x00000174,0x00000174,0x00050083,
    0x00000007,0x00000179,0x00000178,0x00000177,0x00050085,0x00000007,0x0000017a,0x00000173,
    0x00000179,0x0003003e,0x0000016c,0x0000017a,0x0004003d,0x00000007,0x00000188,0x0000016c,
    0x00050091,0x00000007,0x00000189,0x00000187,0x00000188,0x0003003e,0x0000001f,0x00000189,
    0x0004003d,0x00000007,0x0000018a,0x0000001f,0x00060050,0x00000007,0x0000018b,0x0000011e,
    0x0000011e,0x0000011e,0x00060050,0x00000007,0x0000018c,0x000000d8,0x000000d8,0x000000d8,
    0x0008000c,0x00000007,0x0000018d,0x00000001,0x0000002b,0x0000018a,0x0000018b,0x0000018c,
    0x000200fe,0x0000018d,0x00010038,0x00050036,0x00000007,0x00000023,0x00000000,0x00000009,
    0x00030037,0x00000008,0x00000022,0x000200f8,0x00000024,0x0004003b,0x00000008,0x000001a5,
    0x00000007,0x0004003b,0x00000008,0x000001aa,0x00000007,0x0004003b,0x00000010,0x000001ac,
    0x00000007,0x0004003b,0x00000008,0x000001b1,0x00000007,0x0004003b,0x00000008,0x000001b5,
    0x00000007,0x0004003b,0x00000008,0x000001b9,0x00000007,0x00050041,0x00000195,0x00000196,
    0x00000193,0x00000194,0x0004003d,0x00000006,0x00000197,0x00000196,0x0004003d,0x00000007,
    0x00000198,0x00000022,0x0005008e,0x00000007,0x00000199,0x00000198,0x00000197,0x0003003e,
    0x00000022,0x00000199,0x00050041,0x0000019b,0x0000019c,0x00000193,0x0000019a,0x0004003d,
    0x0000005d,0x0000019d,0x0000019c,0x000300f7,0x000001a4,0x00000000,0x000d00fb,0x0000019d,
    0x000001a3,0x00000001,0x0000019e,0x00000002,0x0000019f,0x00000003,0x000001a0,0x00000004,
    0x000001a1,0x00000005,0x000001a2,0x000200f8,0x000001a3,0x0004003d,0x00000007,0x000001bd,
    0x00000022,0x00060050,0x00000007,0x000001be,0x0000011e,0x0000011e,0x0000011e,0x00060050,
    0x00000007,0x000001bf,0x000000d8,0x000000d8,0x000000d8,0x0008000c,0x00000007,0x000001c0,
    0x00000001,0x0000002b,0x000001bd,0x000001be,0x000001bf,0x0003003e,0x00000022,0x000001c0,
    0x000200f9,0x000001a4,0x000200f8,0x0000019e,0x0004003d,0x00000007,0x000001a6,0x00000022,
    0x0003003e,0x000001a5,0x000001a6,0x00050039,0x00000007,0x000001a7,0x0000000e,0x000001a5,
    0x0003003e,0x00000022,0x000001a7,0x000200f9,0x000001a4,0x000200f8,0x0000019f,0x0004003d,
    0x00000007,0x000001ab,0x00000022,0x0003003e,0x000001aa,0x000001ab,0x00050041,0x00000195,
    0x000001ad,0x00000193,0x000001a9,0x0004003d,0x00000006,0x000001ae,0x000001ad,0x0003003e,
    0x000001ac,0x000001ae,0x00060039,0x00000007,0x000001af,0x00000014,0x000001aa,0x000001ac,
    0x0003003e,0x00000022,0x000001af,0x000200f9,0x000001a4,0x000200f8,0x000001a0,0x0004003d,
    0x00000007,0x000001b2,0x00000022,0x0003003e,0x000001b1,0x000001b2,0x00050039,0x00000007,
    0x000001b3,0x00000017,0x000001b1,0x0003003e,0x00000022,0x000001b3,0x000200f9,0x000001a4,
    0x000200f8,0x000001a1,0x0004003d,0x00000007,0x000001b6,0x00000022,0x0003003e,0x000001b5,
    0x000001b6,0x00050039,0x00000007,0x000001b7,0x0000001d,0x000001b5,0x0003003e,0x00000022,
    0x000001b7,0x000200f9,0x000001a4,0x000200f8,0x000001a2,0x0004003d,0x00000007,0x000001ba,
    0x00000022,0x0003003e,0x000001b9,0x000001ba,0x00050039,0x00000007,0x000001bb,0x00000020,
    0x000001b9,0x0003003e,0x00000022,0x000001bb,0x000200f9,0x000001a4,0x000200f8,0x000001a4,
    0x0004003d,0x00000007,0x000001c3,0x00000022,0x000200fe,0x000001c3,0x00010038,0x00050036,
    0x00000007,0x0000002a,0x00000000,0x00000027,0x00030037,0x00000008,0x00000028,0x00030037,
    0x00000026,0x00000029,0x000200f8,0x0000002b,0x0004003b,0x00000026,0x000001cf,0x00000007,
    0x0004003b,0x00000010,0x000001d3,0x00000007,0x0004003b,0x00000010,0x000001d6,0x00000007,
    0x00050041,0x0000019b,0x000001c7,0x00000193,0x000001c6,0x0004003d,0x0000005d,0x000001c8,
    0x000001c7,0x000500aa,0x000001c9,0x000001ca,0x000001c8,0x000000ec,0x000300f7,0x000001cc,
    0x00000000,0x000400fa,0x000001ca,0x000001cb,0x000001cc,0x000200f8,0x000001cb,0x0004003d,
    0x00000007,0x000001cd,0x00000028,0x000200fe,0x000001cd,0x000200f8,0x000001cc,0x0004003d,
    0x00000025,0x000001d0,0x00000029,0x00050050,0x00000025,0x000001d1,0x00000132,0x00000132,
    0x00050083,0x00000025,0x000001d2,0x000001d0,0x000001d1,0x0003003e,0x000001cf,0x000001d2,
    0x0004003d,0x00000025,0x000001d4,0x000001cf,0x0006000c,0x00000006,0x000001d5,0x00000001,
    0x00000042,0x000001d4,0x0003003e,0x000001d3,0x000001d5,0x00050041,0x00000195,0x000001d8,
    0x00000193,0x000001d7,0x0004003d,0x00000006,0x000001d9,0x000001d8,0x00050083,0x00000006,
    0x000001da,0x00000132,0x000001d9,0x0004003d,0x00000006,0x000001db,0x000001d3,0x00050041,
    0x00000195,0x000001dd,0x00000193,0x000001dc,0x0004003d,0x00000006,0x000001de,0x000001dd,
    0x00050085,0x00000006,0x000001df,0x000001db,0x000001de,0x0008000c,0x00000006,0x000001e0,
    0x00000001,0x00000031,0x000001da,0x00000132,0x000001df,0x00050083,0x00000006,0x000001e1,
    0x000000d8,0x000001e0,0x0003003e,0x000001d6,0x000001e1,0x0004003d,0x00000007,0x000001e2,
    0x00000028,0x0004003d,0x00000006,0x000001e3,0x000001d6,0x0005008e,0x00000007,0x000001e4,
    0x000001e2,0x000001e3,0x000200fe,0x000001e4,0x00010038,0x00050036,0x00000007,0x0000002d,
    0x00000000,0x00000009,0x00030037,0x00000008,0x0000002c,0x000200f8,0x0000002e,0x0004003b,
    0x00000010,0x000001f6,0x00000007,0x00050041,0x00000195,0x000001e8,0x00000193,0x000001e7,
    0x0004003d,0x00000006,0x000001e9,0x000001e8,0x0004003d,0x00000007,0x000001ea,0x0000002c,
    0x00060050,0x00000007,0x000001eb,0x000001e9,0x000001e9,0x000001e9,0x00050081,0x00000007,
    0x000001ec,0x000001ea,0x000001eb,0x0003003e,0x0000002c,0x000001ec,0x0004003d,0x00000007,
    0x000001ed,0x0000002c,0x00060050,0x00000007,0x000001ee,0x00000132,0x00000132,0x00000132,
    0x00050083,0x00000007,0x000001ef,0x000001ed,0x000001ee,0x00050041,0x00000195,0x000001f1,
    0x00000193,0x000001f0,0x0004003d,0x00000006,0x000001f2,0x000001f1,0x0005008e,0x00000007,
    0x000001f3,0x000001ef,0x000001f2,0x00060050,0x00000007,0x000001f4,0x00000132,0x00000132,
    0x00000132,0x00050081,0x00000007,0x000001f5,0x000001f3,0x000001f4,0x0003003e,0x0000002c,
    0x000001f5,0x0004003d,0x00000007,0x000001f7,0x0000002c,0x00050094,0x00000006,0x000001fc,
    0x000001f7,0x000001fb,0x0003003e,0x000001f6,0x000001fc,0x0004003d,0x00000006,0x000001fd,
    0x000001f6,0x00060050,0x00000007,0x000001fe,0x000001fd,0x000001fd,0x000001fd,0x0004003d,
    0x00000007,0x000001ff,0x0000002c,0x00050041,0x00000195,0x00000201,0x00000193,0x00000200,
    0x0004003d,0x00000006,0x00000202,0x00000201,0x00060050,0x00000007,0x00000203,0x00000202,
    0x00000202,0x00000202,0x0008000c,0x00000007,0x00000204,0x00000001,0x0000002e,0x000001fe,
    0x000001ff,0x00000203,0x0003003e,0x0000002c,0x00000204,0x00050041,0x00000206,0x00000207,
    0x00000193,0x00000205,0x0004003d,0x00000007,0x00000208,0x00000207,0x0004003d,0x00000007,
    0x00000209,0x0000002c,0x00050085,0x00000007,0x0000020a,0x00000209,0x00000208,0x0003003e,
    0x0000002c,0x0000020a,0x0004003d,0x00000007,0x0000020b,0x0000002c,0x00060050,0x00000007,
    0x0000020c,0x0000011e,0x0000011e,0x0000011e,0x00060050,0x00000007,0x0000020d,0x000000d8,
    0x000000d8,0x000000d8,0x0008000c,0x00000007,0x0000020e,0x00000001,0x0000002b,0x0000020b,
    0x0000020c,0x0000020d,0x000200fe,0x0000020e,0x00010038,0x00050036,0x00000007,0x00000030,
    0x00000000,0x00000009,0x00030037,0x00000008,0x0000002f,0x000200f8,0x00000031,0x0004003b,
    0x00000010,0x0000021f,0x00000007,0x0004003b,0x00000010,0x0000022b,0x00000007,0x0004003b,
    0x000000c7,0x0000022e,0x00000007,0x0004003b,0x00000244,0x00000245,0x00000007,0x0004003b,
    0x00000008,0x00000273,0x00000007,0x0004003b,0x00000008,0x0000027b,0x00000007,0x0004003b,
    0x00000008,0x0000027f,0x00000007,0x0004003b,0x00000008,0x000002a5,0x00000007,0x00050041,
    0x0000019b,0x00000212,0x00000193,0x00000211,0x0004003d,0x0000005d,0x00000213,0x00000212,
    0x000500aa,0x000001c9,0x00000214,0x00000213,0x000000ec,0x000300f7,0x00000216,0x00000000,
    0x000400fa,0x00000214,0x00000215,0x00000216,0x000200f8,0x00000215,0x0004003d,0x00000007,
    0x00000217,0x0000002f,0x000200fe,0x00000217,0x000200f8,0x00000216,0x00050041,0x0000019b,
    0x00000219,0x00000193,0x00000211,0x0004003d,0x0000005d,0x0000021a,0x00000219,0x000500aa,
    0x000001c9,0x0000021c,0x0000021a,0x0000021b,0x000300f7,0x0000021e,0x00000000,0x000400fa,
    0x0000021c,0x0000021d,0x0000021e,0x000200f8,0x0000021d,0x0004003d,0x00000007,0x00000220,
    0x0000002f,0x00050094,0x00000006,0x00000221,0x00000220,0x000001fb,0x0003003e,0x0000021f,
    0x00000221,0x0004003d,0x00000007,0x00000222,0x0000002f,0x0004003d,0x00000006,0x00000223,
    0x0000021f,0x00060050,0x00000007,0x00000224,0x00000223,0x00000223,0x00000223,0x00050041,
    0x00000195,0x00000226,0x00000193,0x00000225,0x0004003d,0x00000006,0x00000227,0x00000226,
    0x00060050,0x00000007,0x00000228,0x00000227,0x00000227,0x00000227,0x0008000c,0x00000007,
    0x00000229,0x00000001,0x0000002e,0x00000222,0x00000224,0x00000228,0x000200fe,0x00000229,
    0x000200f8,0x0000021e,0x00050041,0x00000195,0x0000022c,0x00000193,0x00000225,0x0004003d,
    0x00000006,0x0000022d,0x0000022c,0x0003003e,0x0000022b,0x0000022d,0x00050041,0x0000019b,
    0x0000022f,0x00000193,0x00000211,0x0004003d,0x0000005d,0x00000230,0x0000022f,0x0003003e,
    0x0000022e,0x00000230,0x0004003d,0x0000005d,0x00000231,0x0000022e,0x000500ae,0x000001c9,
    0x00000233,0x00000231,0x00000232,0x0004003d,0x0000005d,0x00000234,0x0000022e,0x000500b2,
    0x000001c9,0x00000236,0x00000234,0x00000235,0x000500a7,0x000001c9,0x00000237,0x00000233,
    0x00000236,0x000300f7,0x00000239,0x00000000,0x000400fa,0x00000237,0x00000238,0x00000239,
    0x000200f8,0x00000238,0x0004003d,0x0000005d,0x0000023a,0x0000022e,0x00050082,0x0000005d,
    0x0000023c,0x0000023a,0x0000023b,0x0003003e,0x0000022e,0x0000023c,0x0004003d,0x00000006,
    0x0000023e,0x0000022b,0x00050085,0x00000006,0x0000023f,0x0000023e,0x0000023d,0x0003003e,
    0x0000022b,0x0000023f,0x000200f9,0x00000239,0x000200f8,0x00000239,0x0004003d,0x0000005d,
    0x00000240,0x0000022e,0x000500aa,0x000001c9,0x00000241,0x00000240,0x000000ef,0x000300f7,
    0x00000243,0x00000000,0x000400fa,0x00000241,0x00000242,0x00000253,0x000200f8,0x00000242,
    0x0003003e,0x00000245,0x00000252,0x000200f9,0x00000243,0x000200f8,0x00000253,0x0004003d,
    0x0000005d,0x00000254,0x0000022e,0x000500aa,0x000001c9,0x00000255,0x00000254,0x000000f3,
    0x000300f7,0x00000257,0x00000000,0x000400fa,0x00000255,0x00000256,0x00000265,0x000200f8,
    0x00000256,0x0003003e,0x00000245,0x00000264,0x000200f9,0x00000257,0x000200f8,0x00000265,
    0x0003003e,0x00000245,0x00000272,0x000200f9,0x00000257,0x000200f8,0x00000257,0x000200f9,
    0x00000243,0x000200f8,0x00000243,0x0004003d,0x0000014f,0x00000274,0x00000245,0x0004003d,
    0x00000007,0x00000275,0x0000002f,0x00050091,0x00000007,0x00000276,0x00000274,0x00000275,
    0x0003003e,0x00000273,0x00000276,0x0004003d,0x00000007,0x00000277,0x00000273,0x00060050,
    0x00000007,0x00000278,0x0000011e,0x0000011e,0x0000011e,0x00060050,0x00000007,0x00000279,
    0x000000d8,0x000000d8,0x000000d8,0x0008000c,0x00000007,0x0000027a,0x00000001,0x0000002b,
    0x00000277,0x00000278,0x00000279,0x0003003e,0x00000273,0x0000027a,0x0004003d,0x00000007,
    0x0000027c,0x0000002f,0x0004003d,0x00000007,0x0000027d,0x00000273,0x00050083,0x00000007,
    0x0000027e,0x0000027c,0x0000027d,0x0003003e,0x0000027b,0x0000027e,0x00050041,0x00000010,
    0x00000280,0x0000027b,0x000000ec,0x0004003d,0x00000006,0x00000281,0x00000280,0x00050085,
    0x00000006,0x00000282,0x00000281,0x0000011e,0x00050041,0x00000010,0x00000283,0x0000027b,
    0x000000ef,0x0004003d,0x00000006,0x00000284,0x00000283,0x00050085,0x00000006,0x00000286,
    0x00000284,0x00000285,0x00050081,0x00000006,0x00000287,0x00000282,0x00000286,0x00050041,
    0x00000010,0x00000288,0x0000027b,0x000000f3,0x0004003d,0x00000006,0x00000289,0x00000288,
    0x00050085,0x00000006,0x0000028a,0x00000289,0x00000285,0x00050081,0x00000006,0x0000028b,
    0x00000287,0x0000028a,0x00050041,0x00000010,0x0000028c,0x0000027f,0x000000ec,0x0003003e,
    0x0000028c,0x0000028b,0x00050041,0x00000010,0x0000028d,0x0000027b,0x000000ec,0x0004003d,
    0x00000006,0x0000028e,0x0000028d,0x00050085,0x00000006,0x0000028f,0x0000028e,0x00000285,
    0x00050041,0x00000010,0x00000290,0x0000027b,0x000000ef,0x0004003d,0x00000006,0x00000291,
    0x00000290,0x00050085,0x00000006,0x00000292,0x00000291,0x0000011e,0x00050081,0x00000006,
    0x00000293,0x0000028f,0x00000292,0x00050041,0x00000010,0x00000294,0x0000027b,0x000000f3,
    0x0004003d,0x00000006,0x00000295,0x00000294,0x00050085,0x00000006,0x00000296,0x00000295,
    0x00000285,0x00050081,0x00000006,0x00000297,0x00000293,0x00000296,0x00050041,0x00000010,
    0x00000298,0x0000027f,0x000000ef,0x0003003e,0x00000298,0x00000297,0x00050041,0x00000010,
    0x00000299,0x0000027b,0x000000ec,0x0004003d,0x00000006,0x0000029a,0x00000299,0x00050085,
    0x00000006,0x0000029b,0x0000029a,0x00000285,0x00050041,0x00000010,0x0000029c,0x0000027b,
    0x000000ef,0x0004003d,0x00000006,0x0000029d,0x0000029c,0x00050085,0x00000006,0x0000029e,
    0x0000029d,0x00000285,0x00050081,0x00000006,0x0000029f,0x0000029b,0x0000029e,0x00050041,
    0x00000010,0x000002a0,0x0000027b,0x000000f3,0x0004003d,0x00000006,0x000002a1,0x000002a0,
    0x00050085,0x00000006,0x000002a2,0x000002a1,0x0000011e,0x00050081,0x00000006,0x000002a3,
    0x0000029f,0x000002a2,0x00050041,0x00000010,0x000002a4,0x0000027f,0x000000f3,0x0003003e,
    0x000002a4,0x000002a3,0x0004003d,0x00000007,0x000002a6,0x0000002f,0x0004003d,0x00000007,
    0x000002a7,0x0000027f,0x0004003d,0x00000006,0x000002a8,0x0000022b,0x0005008e,0x00000007,
    0x000002a9,0x000002a7,0x000002a8,0x00050081,0x00000007,0x000002aa,0x000002a6,0x000002a9,
    0x0003003e,0x000002a5,0x000002aa,0x0004003d,0x00000007,0x000002ab,0x000002a5,0x00060050,
    0x00000007,0x000002ac,0x0000011e,0x0000011e,0x0000011e,0x00060050,0x00000007,0x000002ad,
    0x000000d8,0x000000d8,0x000000d8,0x0008000c,0x00000007,0x000002ae,0x00000001,0x0000002b,
    0x000002ab,0x000002ac,0x000002ad,0x000200fe,0x000002ae,0x00010038,0x00050036,0x00000007,
    0x00000034,0x00000000,0x00000027,0x00030037,0x00000008,0x00000032,0x00030037,0x00000026,
    0x00000033,0x000200f8,0x00000035,0x0004003b,0x00000010,0x000002b9,0x00000007,0x00050041,
    0x0000019b,0x000002b2,0x00000193,0x000002b1,0x0004003d,0x0000005d,0x000002b3,0x000002b2,
    0x000500aa,0x000001c9,0x000002b4,0x000002b3,0x000000ec,0x000300f7,0x000002b6,0x00000000,
    0x000400fa,0x000002b4,0x000002b5,0x000002b6,0x000200f8,0x000002b5,0x0004003d,0x00000007,
    0x000002b7,0x00000032,0x000200fe,0x000002b7,0x000200f8,0x000002b6,0x0004003d,0x00000025,
    0x000002ba,0x00000033,0x00050041,0x00000195,0x000002bc,0x00000193,0x000002bb,0x0004003d,
    0x00000006,0x000002bd,0x000002bc,0x0006000c,0x00000006,0x000002be,0x00000001,0x0000000a,
    0x000002bd,0x00050050,0x00000025,0x000002bf,0x000002be,0x000002be,0x00050081,0x00000025,
    0x000002c0,0x000002ba,0x000002bf,0x00050094,0x00000006,0x000002c4,0x000002c0,0x000002c3,
    0x0006000c,0x00000006,0x000002c5,0x00000001,0x0000000d,0x000002c4,0x00050085,0x00000006,
    0x000002c7,0x000002c5,0x000002c6,0x0006000c,0x00000006,0x000002c8,0x00000001,0x0000000a,
    0x000002c7,0x0003003e,0x000002b9,0x000002c8,0x0004003d,0x00000006,0x000002c9,0x000002b9,
    0x00050085,0x00000006,0x000002ca,0x000002c9,0x00000175,0x00050083,0x00000006,0x000002cb,
    0x000002ca,0x000000d8,0x0003003e,0x000002b9,0x000002cb,0x00050041,0x00000195,0x000002cd,
    0x00000193,0x000002cc,0x0004003d,0x00000006,0x000002ce,0x000002cd,0x0004003d,0x00000006,
    0x000002cf,0x000002b9,0x00050085,0x00000006,0x000002d0,0x000002cf,0x000002ce,0x0003003e,
    0x000002b9,0x000002d0,0x0004003d,0x00000007,0x000002d1,0x00000032,0x0004003d,0x00000006,
    0x000002d2,0x000002b9,0x00060050,0x00000007,0x000002d3,0x000002d2,0x000002d2,0x000002d2,
    0x00050081,0x00000007,0x000002d4,0x000002d1,0x000002d3,0x000200fe,0x000002d4,0x00010038,
    0x00050036,0x00000007,0x00000038,0x00000000,0x00000036,0x00030037,0x00000026,0x00000037,
    0x000200f8,0x00000039,0x0004003b,0x00000026,0x000002e6,0x00000007,0x0004003b,0x00000008,
    0x000002f2,0x00000007,0x0004003b,0x00000008,0x000002fc,0x00000007,0x0004003b,0x00000008,
    0x00000305,0x00000007,0x0004003b,0x00000008,0x0000030e,0x00000007,0x0004003b,0x00000008,
    0x00000317,0x00000007,0x0004003b,0x00000010,0x0000031c,0x00000007,0x0004003b,0x00000010,
    0x00000323,0x00000007,0x0004003b,0x00000010,0x00000326,0x00000007,0x0004003b,0x00000010,
    0x00000329,0x00000007,0x0004003b,0x00000010,0x0000032c,0x00000007,0x0004003b,0x00000010,
    0x0000032f,0x00000007,0x0004003b,0x00000010,0x00000339,0x00000007,0x0004003b,0x00000026,
    0x00000343,0x00000007,0x0004003b,0x00000010,0x00000355,0x00000007,0x0004003b,0x00000010,
    0x00000367,0x00000007,0x0004003b,0x00000008,0x00000381,0x00000007,0x0004003b,0x00000008,
    0x00000394,0x00000007,0x0004003b,0x00000010,0x000003a9,0x00000007,0x00050041,0x0000019b,
    0x000002d8,0x00000193,0x000002d7,0x0004003d,0x0000005d,0x000002d9,0x000002d8,0x000500aa,
    0x000001c9,0x000002da,0x000002d9,0x000000ec,0x000300f7,0x000002dc,0x00000000,0x000400fa,
    0x000002da,0x000002db,0x000002dc,0x000200f8,0x000002db,0x0004003d,0x000002de,0x000002e1,
    0x000002e0,0x0004003d,0x00000025,0x000002e2,0x00000037,0x00050057,0x00000190,0x000002e3,
    0x000002e1,0x000002e2,0x0008004f,0x00000007,0x000002e4,0x000002e3,0x000002e3,0x00000000,
    0x00000001,0x00000002,0x000200fe,0x000002e4,0x000200f8,0x000002dc,0x00050041,0x0000019b,
    0x000002e8,0x00000193,0x000002e7,0x0004003d,0x0000005d,0x000002e9,0x000002e8,0x00040070,
    0x00000006,0x000002ea,0x000002e9,0x00050041,0x0000019b,0x000002ec,0x00000193,0x000002eb,
    0x0004003d,0x0000005d,0x000002ed,0x000002ec,0x00040070,0x00000006,0x000002ee,0x000002ed,
    0x00050050,0x00000025,0x000002ef,0x000002ea,0x000002ee,0x00050050,0x00000025,0x000002f0,
    0x000000d8,0x000000d8,0x00050088,0x00000025,0x000002f1,0x000002f0,0x000002ef,0x0003003e,
    0x000002e6,0x000002f1,0x0004003d,0x000002de,0x000002f3,0x000002e0,0x0004003d,0x00000025,
    0x000002f4,0x00000037,0x0004003d,0x00000025,0x000002f7,0x000002e6,0x00050085,0x00000025,
    0x000002f8,0x000002f6,0x000002f7,0x00050081,0x00000025,0x000002f9,0x000002f4,0x000002f8,
    0x00050057,0x00000190,0x000002fa,0x000002f3,0x000002f9,0x0008004f,0x00000007,0x000002fb,
    0x000002fa,0x000002fa,0x00000000,0x00000001,0x00000002,0x0003003e,0x000002f2,0x000002fb,
    0x0004003d,0x000002de,0x000002fd,0x000002e0,0x0004003d,0x00000025,0x000002fe,0x00000037,
    0x0004003d,0x00000025,0x00000300,0x000002e6,0x00050085,0x00000025,0x00000301,0x000002ff,
    0x00000300,0x00050081,0x00000025,0x00000302,0x000002fe,0x00000301,0x00050057,0x00000190,
    0x00000303,0x000002fd,0x00000302,0x0008004f,0x00000007,0x00000304,0x00000303,0x00000303,
    0x00000000,0x00000001,0x00000002,0x0003003e,0x000002fc,0x00000304,0x0004003d,0x000002de,
    0x00000306,0x000002e0,0x0004003d,0x00000025,0x00000307,0x00000037,0x0004003d,0x00000025,
    0x00000309,0x000002e6,0x00050085,0x00000025,0x0000030a,0x00000308,0x00000309,0x00050081,
    0x00000025,0x0000030b,0x00000307,0x0000030a,0x00050057,0x00000190,0x0000030c,0x00000306,
    0x0000030b,0x0008004f,0x00000007,0x0000030d,0x0000030c,0x0000030c,0x00000000,0x00000001,
    0x00000002,0x0003003e,0x00000305,0x0000030d,0x0004003d,0x000002de,0x0000030f,0x000002e0,
    0x0004003d,0x00000025,0x00000310,0x00000037,0x0004003d,0x00000025,0x00000312,0x000002e6,
    0x00050085,0x00000025,0x00000313,0x00000311,0x00000312,0x00050081,0x00000025,0x00000314,
    0x00000310,0x00000313,0x00050057,0x00000190,0x00000315,0x0000030f,0x00000314,0x0008004f,
    0x00000007,0x00000316,0x00000315,0x00000315,0x00000000,0x00000001,0x00000002,0x0003003e,
    0x0000030e,0x00000316,0x0004003d,0x000002de,0x00000318,0x000002e0,0x0004003d,0x00000025,
    0x00000319,0x00000037,0x00050057,0x00000190,0x0000031a,0x00000318,0x00000319,0x0008004f,
    0x00000007,0x0000031b,0x0000031a,0x0000031a,0x00000000,0x00000001,0x00000002,0x0003003e,
    0x00000317,0x0000031b,0x0004003d,0x00000007,0x0000031d,0x000002f2,0x00050094,0x00000006,
    0x00000322,0x0000031d,0x00000321,0x0003003e,0x0000031c,0x00000322,0x0004003d,0x00000007,
    0x00000324,0x000002fc,0x00050094,0x00000006,0x00000325,0x00000324,0x00000321,0x0003003e,
    0x00000323,0x00000325,0x0004003d,0x00000007,0x00000327,0x00000305,0x00050094,0x00000006,
    0x00000328,0x00000327,0x00000321,0x0003003e,0x00000326,0x00000328,0x0004003d,0x00000007,
    0x0000032a,0x0000030e,0x00050094,0x00000006,0x0000032b,0x0000032a,0x00000321,0x0003003e,
    0x00000329,0x0000032b,0x0004003d,0x00000007,0x0000032d,0x00000317,0x00050094,0x00000006,
    0x0000032e,0x0000032d,0x00000321,0x0003003e,0x0000032c,0x0000032e,0x0004003d,0x00000006,
    0x00000330,0x0000032c,0x0004003d,0x00000006,0x00000331,0x0000031c,0x0004003d,0x00000006,
    0x00000332,0x00000323,0x0007000c,0x00000006,0x00000333,0x00000001,0x00000025,0x00000331,
    0x00000332,0x0004003d,0x00000006,0x00000334,0x00000326,0x0004003d,0x00000006,0x00000335,
    0x00000329,0x0007000c,0x00000006,0x00000336,0x00000001,0x00000025,0x00000334,0x00000335,
    0x0007000c,0x00000006,0x00000337,0x00000001,0x00000025,0x00000333,0x00000336,0x0007000c,
    0x00000006,0x00000338,0x00000001,0x00000025,0x00000330,0x00000337,0x0003003e,0x0000032f,
    0x00000338,0x0004003d,0x00000006,0x0000033a,0x0000032c,0x0004003d,0x00000006,0x0000033b,
    0x0000031c,0x0004003d,0x00000006,0x0000033c,0x00000323,0x0007000c,0x00000006,0x0000033d,
    0x00000001,0x00000028,0x0000033b,0x0000033c,0x0004003d,0x00000006,0x0000033e,0x00000326,
    0x0004003d,0x00000006,0x0000033f,0x00000329,0x0007000c,0x00000006,0x00000340,0x00000001,
    0x00000028,0x0000033e,0x0000033f,0x0007000c,0x00000006,0x00000341,0x00000001,0x00000028,
    0x0000033d,0x00000340,0x0007000c,0x00000006,0x00000342,0x00000001,0x00000028,0x0000033a,
    0x00000341,0x0003003e,0x00000339,0x00000342,0x0004003d,0x00000006,0x00000344,0x0000031c,
    0x0004003d,0x00000006,0x00000345,0x00000323,0x00050081,0x00000006,0x00000346,0x00000344,
    0x00000345,0x0004003d,0x00000006,0x00000347,0x00000326,0x0004003d,0x00000006,0x00000348,
    0x00000329,0x00050081,0x00000006,0x00000349,0x00000347,0x00000348,0x00050083,0x00000006,
    0x0000034a,0x00000346,0x00000349,0x0004007f,0x00000006,0x0000034b,0x0000034a,0x00050041,
    0x00000010,0x0000034c,0x00000343,0x000000ec,0x0003003e,0x0000034c,0x0000034b,0x0004003d,
    0x00000006,0x0000034d,0x0000031c,0x0004003d,0x00000006,0x0000034e,0x00000326,0x00050081,
    0x00000006,0x0000034f,0x0000034d,0x0000034e,0x0004003d,0x00000006,0x00000350,0x00000323,
    0x0004003d,0x00000006,0x00000351,0x00000329,0x00050081,0x00000006,0x00000352,0x00000350,
    0x00000351,0x00050083,0x00000006,0x00000353,0x0000034f,0x00000352,0x00050041,0x00000010,
    0x00000354,0x00000343,0x000000ef,0x0003003e,0x00000354,0x00000353,0x0004003d,0x00000006,
    0x00000356,0x0000031c,0x0004003d,0x00000006,0x00000357,0x00000323,0x00050081,0x00000006,
    0x00000358,0x00000356,0x00000357,0x0004003d,0x00000006,0x00000359,0x00000326,0x00050081,
    0x00000006,0x0000035a,0x00000358,0x00000359,0x0004003d,0x00000006,0x0000035b,0x00000329,
    0x00050081,0x00000006,0x0000035c,0x0000035a,0x0000035b,0x00050041,0x00000195,0x0000035f,
    0x00000193,0x0000035e,0x0004003d,0x00000006,0x00000360,0x0000035f,0x00050085,0x00000006,
    0x00000361,0x0000035d,0x00000360,0x00050085,0x00000006,0x00000362,0x0000035c,0x00000361,
    0x00050041,0x00000195,0x00000364,0x00000193,0x00000363,0x0004003d,0x00000006,0x00000365,
    0x00000364,0x0007000c,0x00000006,0x00000366,0x00000001,0x00000028,0x00000362,0x00000365,
    0x0003003e,0x00000355,0x00000366,0x00050041,0x00000010,0x00000368,0x00000343,0x000000ec,
    0x0004003d,0x00000006,0x00000369,0x00000368,0x0006000c,0x00000006,0x0000036a,0x00000001,
    0x00000004,0x00000369,0x00050041,0x00000010,0x0000036b,0x00000343,0x000000ef,0x0004003d,
    0x00000006,0x0000036c,0x0000036b,0x0006000c,0x00000006,0x0000036d,0x00000001,0x00000004,
    0x0000036c,0x0007000c,0x00000006,0x0000036e,0x00000001,0x00000025,0x0000036a,0x0000036d,
    0x0004003d,0x00000006,0x0000036f,0x00000355,0x00050081,0x00000006,0x00000370,0x0000036e,
    0x0000036f,0x00050088,0x00000006,0x00000371,0x000000d8,0x00000370,0x0003003e,0x00000367,
    0x00000371,0x00050041,0x00000195,0x00000373,0x00000193,0x00000372,0x0004003d,0x00000006,
    0x00000374,0x00000373,0x00050050,0x00000025,0x00000375,0x00000374,0x00000374,0x00050041,
    0x00000195,0x00000376,0x00000193,0x00000372,0x0004003d,0x00000006,0x00000377,0x00000376,
    0x0004007f,0x00000006,0x00000378,0x00000377,0x00050050,0x00000025,0x00000379,0x00000378,
    0x00000378,0x0004003d,0x00000025,0x0000037a,0x00000343,0x0004003d,0x00000006,0x0000037b,
    0x00000367,0x0005008e,0x00000025,0x0000037c,0x0000037a,0x0000037b,0x0007000c,0x00000025,
    0x0000037d,0x00000001,0x00000028,0x00000379,0x0000037c,0x0007000c,0x00000025,0x0000037e,
    0x00000001,0x00000025,0x00000375,0x0000037d,0x0004003d,0x00000025,0x0000037f,0x000002e6,
    0x00050085,0x00000025,0x00000380,0x0000037e,0x0000037f,0x0003003e,0x00000343,0x00000380,
    0x0004003d,0x000002de,0x00000382,0x000002e0,0x0004003d,0x00000025,0x00000383,0x00000037,
    0x0004003d,0x00000025,0x00000384,0x00000343,0x0005008e,0x00000025,0x00000386,0x00000384,
    0x00000385,0x00050081,0x00000025,0x00000387,0x00000383,0x00000386,0x00050057,0x00000190,
    0x00000388,0x00000382,0x00000387,0x0008004f,0x00000007,0x00000389,0x00000388,0x00000388,
    0x00000000,0x00000001,0x00000002,0x0004003d,0x000002de,0x0000038a,0x000002e0,0x0004003d,
    0x00000025,0x0000038b,0x00000037,0x0004003d,0x00000025,0x0000038c,0x00000343,0x0005008e,
    0x00000025,0x0000038e,0x0000038c,0x0000038d,0x00050081,0x00000025,0x0000038f,0x0000038b,
    0x0000038e,0x00050057,0x00000190,0x00000390,0x0000038a,0x0000038f,0x0008004f,0x00000007,
    0x00000391,0x00000390,0x00000390,0x00000000,0x00000001,0x00000002,0x00050081,0x00000007,
    0x00000392,0x00000389,0x00000391,0x0005008e,0x00000007,0x00000393,0x00000392,0x00000132,
    0x0003003e,0x00000381,0x00000393,0x0004003d,0x00000007,0x00000395,0x00000381,0x0005008e,
    0x00000007,0x00000396,0x00000395,0x00000132,0x0004003d,0x000002de,0x00000397,0x000002e0,
    0x0004003d,0x00000025,0x00000398,0x00000037,0x0004003d,0x00000025,0x00000399,0x00000343,
    0x0005008e,0x00000025,0x0000039b,0x00000399,0x0000039a,0x00050081,0x00000025,0x0000039c,
    0x00000398,0x0000039b,0x00050057,0x00000190,0x0000039d,0x00000397,0x0000039c,0x0008004f,
    0x00000007,0x0000039e,0x0000039d,0x0000039d,0x00000000,0x00000001,0x00000002,0x0004003d,
    0x000002de,0x0000039f,0x000002e0,0x0004003d,0x00000025,0x000003a0,0x00000037,0x0004003d,
    0x00000025,0x000003a1,0x00000343,0x0005008e,0x00000025,0x000003a2,0x000003a1,0x00000132,
    0x00050081,0x00000025,0x000003a3,0x000003a0,0x000003a2,0x00050057,0x00000190,0x000003a4,
    0x0000039f,0x000003a3,0x0008004f,0x00000007,0x000003a5,0x000003a4,0x000003a4,0x00000000,
    0x00000001,0x00000002,0x00050081,0x00000007,0x000003a6,0x0000039e,0x000003a5,0x0005008e,
    0x00000007,0x000003a7,0x000003a6,0x0000035d,0x00050081,0x00000007,0x000003a8,0x00000396,
    0x000003a7,0x0003003e,0x00000394,0x000003a8,0x0004003d,0x00000007,0x000003aa,0x00000394,
    0x00050094,0x00000006,0x000003ab,0x000003aa,0x00000321,0x0003003e,0x000003a9,0x000003ab,
    0x0004003d,0x00000006,0x000003ac,0x000003a9,0x0004003d,0x00000006,0x000003ad,0x0000032f,
    0x000500b8,0x000001c9,0x000003ae,0x000003ac,0x000003ad,0x0004003d,0x00000006,0x000003af,
    0x000003a9,0x0004003d,0x00000006,0x000003b0,0x00000339,0x000500ba,0x000001c9,0x000003b1,
    0x000003af,0x000003b0,0x000500a6,0x000001c9,0x000003b2,0x000003ae,0x000003b1,0x000300f7,
    0x000003b4,0x00000000,0x000400fa,0x000003b2,0x000003b3,0x000003b4,0x000200f8,0x000003b3,
    0x0004003d,0x00000007,0x000003b5,0x00000381,0x000200fe,0x000003b5,0x000200f8,0x000003b4,
    0x0004003d,0x00000007,0x000003b7,0x00000394,0x000200fe,0x000003b7,0x00010038,0x00050036,
    0x00000007,0x0000003b,0x00000000,0x00000036,0x00030037,0x00000026,0x0000003a,0x000200f8,
    0x0000003c,0x0004003b,0x00000026,0x000003ba,0x00000007,0x0004003b,0x00000008,0x000003c4,
    0x00000007,0x0004003b,0x00000008,0x000003c9,0x00000007,0x0004003b,0x00000008,0x000003d2,
    0x00000007,0x0004003b,0x00000008,0x000003db,0x00000007,0x0004003b,0x00000008,0x000003e4,
    0x00000007,0x0004003b,0x00000010,0x000003ed,0x00000007,0x0004003b,0x00000010,0x000003f0,
    0x00000007,0x0004003b,0x00000010,0x000003f3,0x00000007,0x0004003b,0x00000010,0x000003f6,
    0x00000007,0x0004003b,0x00000010,0x000003f9,0x00000007,0x0004003b,0x00000010,0x000003fc,
    0x00000007,0x0004003b,0x00000010,0x00000406,0x00000007,0x0004003b,0x00000008,0x00000410,
    0x00000007,0x0004003b,0x00000008,0x00000418,0x00000007,0x0004003b,0x00000008,0x00000420,
    0x00000007,0x0004003b,0x00000008,0x00000428,0x00000007,0x0004003b,0x00000010,0x00000430,
    0x00000007,0x0004003b,0x00000010,0x00000433,0x00000007,0x0004003b,0x00000010,0x00000436,
    0x00000007,0x0004003b,0x00000010,0x00000439,0x00000007,0x0004003b,0x00000010,0x00000454,
    0x00000007,0x0004003b,0x00000010,0x0000045e,0x00000007,0x0004003b,0x00000010,0x00000468,
    0x00000007,0x0004003b,0x00000010,0x0000046c,0x00000007,0x0004003b,0x00000477,0x00000478,
    0x00000007,0x0004003b,0x00000010,0x0000047c,0x00000007,0x0004003b,0x00000010,0x00000481,
    0x00000007,0x0004003b,0x00000010,0x00000486,0x00000007,0x0004003b,0x00000010,0x0000048b,
    0x00000007,0x0004003b,0x00000010,0x00000490,0x00000007,0x0004003b,0x00000477,0x00000494,
    0x00000007,0x0004003b,0x00000010,0x00000498,0x00000007,0x0004003b,0x00000026,0x000004b0,
    0x00000007,0x0004003b,0x00000026,0x000004b2,0x00000007,0x0004003b,0x00000010,0x000004bd,
    0x00000007,0x0004003b,0x00000026,0x000004c0,0x00000007,0x0004003b,0x00000026,0x000004c2,
    0x00000007,0x0004003b,0x00000026,0x000004d1,0x00000007,0x0004003b,0x00000010,0x000004d6,
    0x00000007,0x0004003b,0x00000010,0x000004de,0x00000007,0x0004003b,0x00000026,0x000004e1,
    0x00000007,0x0004003b,0x00000010,0x000004e5,0x00000007,0x0004003b,0x00000477,0x000004ed,
    0x00000007,0x0004003b,0x00000026,0x000005c2,0x00000007,0x0004003b,0x00000010,0x000005c6,
    0x00000007,0x0004003b,0x00000477,0x000005ce,0x00000007,0x0004003b,0x00000010,0x000006a0,
    0x00000007,0x0004003b,0x00000010,0x000006a2,0x00000007,0x0004003b,0x00000010,0x000006b1,
    0x00000007,0x0004003b,0x00000010,0x000006b3,0x00000007,0x0004003b,0x00000010,0x000006c2,
    0x00000007,0x0004003b,0x00000010,0x000006c6,0x00000007,0x0004003b,0x00000010,0x000006ca,
    0x00000007,0x0004003b,0x00000477,0x000006cf,0x00000007,0x0004003b,0x00000477,0x000006d3,
    0x00000007,0x0004003b,0x00000010,0x000006e2,0x00000007,0x0004003b,0x00000026,0x000006e8,
    0x00000007,0x00050041,0x0000019b,0x000003bb,0x00000193,0x000002e7,0x0004003d,0x0000005d,
    0x000003bc,0x000003bb,0x00040070,0x00000006,0x000003bd,0x000003bc,0x00050041,0x0000019b,
    0x000003be,0x00000193,0x000002eb,0x0004003d,0x0000005d,0x000003bf,0x000003be,0x00040070,
    0x00000006,0x000003c0,0x000003bf,0x00050050,0x00000025,0x000003c1,0x000003bd,0x000003c0,
    0x00050050,0x00000025,0x000003c2,0x000000d8,0x000000d8,0x00050088,0x00000025,0x000003c3,
    0x000003c2,0x000003c1,0x0003003e,0x000003ba,0x000003c3,0x0004003d,0x000002de,0x000003c5,
    0x000002e0,0x0004003d,0x00000025,0x000003c6,0x0000003a,0x00050057,0x00000190,0x000003c7,
    0x000003c5,0x000003c6,0x0008004f,0x00000007,0x000003c8,0x000003c7,0x000003c7,0x00000000,
    0x00000001,0x00000002,0x0003003e,0x000003c4,0x000003c8,0x0004003d,0x000002de,0x000003ca,
    0x000002e0,0x0004003d,0x00000025,0x000003cb,0x0000003a,0x0004003d,0x00000025,0x000003cd,
    0x000003ba,0x00050085,0x00000025,0x000003ce,0x000003cc,0x000003cd,0x00050081,0x00000025,
    0x000003cf,0x000003cb,0x000003ce,0x00050057,0x00000190,0x000003d0,0x000003ca,0x000003cf,
    0x0008004f,0x00000007,0x000003d1,0x000003d0,0x000003d0,0x00000000,0x00000001,0x00000002,
    0x0003003e,0x000003c9,0x000003d1,0x0004003d,0x000002de,0x000003d3,0x000002e0,0x0004003d,
    0x00000025,0x000003d4,0x0000003a,0x0004003d,0x00000025,0x000003d6,0x000003ba,0x00050085,
    0x00000025,0x000003d7,0x000003d5,0x000003d6,0x00050081,0x00000025,0x000003d8,0x000003d4,
    0x000003d7,0x00050057,0x00000190,0x000003d9,0x000003d3,0x000003d8,0x0008004f,0x00000007,
    0x000003da,0x000003d9,0x000003d9,0x00000000,0x00000001,0x00000002,0x0003003e,0x000003d2,
    0x000003da,0x0004003d,0x000002de,0x000003dc,0x000002e0,0x0004003d,0x00000025,0x000003dd,
    0x0000003a,0x0004003d,0x00000025,0x000003df,0x000003ba,0x00050085,0x00000025,0x000003e0,
    0x000003de,0x000003df,0x00050081,0x00000025,0x000003e1,0x000003dd,0x000003e0,0x00050057,
    0x00000190,0x000003e2,0x000003dc,0x000003e1,0x0008004f,0x00000007,0x000003e3,0x000003e2,
    0x000003e2,0x00000000,0x00000001,0x00000002,0x0003003e,0x000003db,0x000003e3,0x0004003d,
    0x000002de,0x000003e5,0x000002e0,0x0004003d,0x00000025,0x000003e6,0x0000003a,0x0004003d,
    0x00000025,0x000003e8,0x000003ba,0x00050085,0x00000025,0x000003e9,0x000003e7,0x000003e8,
    0x00050081,0x00000025,0x000003ea,0x000003e6,0x000003e9,0x00050057,0x00000190,0x000003eb,
    0x000003e5,0x000003ea,0x0008004f,0x00000007,0x000003ec,0x000003eb,0x000003eb,0x00000000,
    0x00000001,0x00000002,0x0003003e,0x000003e4,0x000003ec,0x0004003d,0x00000007,0x000003ee,
    0x000003c4,0x00050094,0x00000006,0x000003ef,0x000003ee,0x000001fb,0x0003003e,0x000003ed,
    0x000003ef,0x0004003d,0x00000007,0x000003f1,0x000003c9,0x00050094,0x00000006,0x000003f2,
    0x000003f1,0x000001fb,0x0003003e,0x000003f0,0x000003f2,0x0004003d,0x00000007,0x000003f4,
    0x000003d2,0x00050094,0x00000006,0x000003f5,0x000003f4,0x000001fb,0x0003003e,0x000003f3,
    0x000003f5,0x0004003d,0x00000007,0x000003f7,0x000003db,0x00050094,0x00000006,0x000003f8,
    0x000003f7,0x000001fb,0x0003003e,0x000003f6,0x000003f8,0x0004003d,0x00000007,0x000003fa,
    0x000003e4,0x00050094,0x00000006,0x000003fb,0x000003fa,0x000001fb,0x0003003e,0x000003f9,
    0x000003fb,0x0004003d,0x00000006,0x000003fd,0x000003f0,0x0004003d,0x00000006,0x000003fe,
    0x000003ed,0x00050083,0x00000006,0x000003ff,0x000003fd,0x000003fe,0x0006000c,0x00000006,
    0x00000400,0x00000001,0x00000004,0x000003ff,0x0004003d,0x00000006,0x00000401,0x000003f3,
    0x0004003d,0x00000006,0x00000402,0x000003ed,0x00050083,0x00000006,0x00000403,0x00000401,
    0x00000402,0x0006000c,0x00000006,0x00000404,0x00000001,0x00000004,0x00000403,0x00050081,
    0x00000006,0x00000405,0x00000400,0x00000404,0x0003003e,0x000003fc,0x00000405,0x0004003d,
    0x00000006,0x00000407,0x000003f6,0x0004003d,0x00000006,0x00000408,0x000003ed,0x00050083,
    0x00000006,0x00000409,0x00000407,0x00000408,0x0006000c,0x00000006,0x0000040a,0x00000001,
    0x00000004,0x00000409,0x0004003d,0x00000006,0x0000040b,0x000003f9,0x0004003d,0x00000006,
    0x0000040c,0x000003ed,0x00050083,0x00000006,0x0000040d,0x0000040b,0x0000040c,0x0006000c,
    0x00000006,0x0000040e,0x00000001,0x00000004,0x0000040d,0x00050081,0x00000006,0x0000040f,
    0x0000040a,0x0000040e,0x0003003e,0x00000406,0x0000040f,0x0004003d,0x000002de,0x00000411,
    0x000002e0,0x0004003d,0x00000025,0x00000412,0x0000003a,0x0004003d,0x00000025,0x00000413,
    0x000003ba,0x00050085,0x00000025,0x00000414,0x000002f6,0x00000413,0x00050081,0x00000025,
    0x00000415,0x00000412,0x00000414,0x00050057,0x00000190,0x00000416,0x00000411,0x00000415,
    0x0008004f,0x00000007,0x00000417,0x00000416,0x00000416,0x00000000,0x00000001,0x00000002,
    0x0003003e,0x00000410,0x00000417,0x0004003d,0x000002de,0x00000419,0x000002e0,0x0004003d,
    0x00000025,0x0000041a,0x0000003a,0x0004003d,0x00000025,0x0000041b,0x000003ba,0x00050085,
    0x00000025,0x0000041c,0x000002ff,0x0000041b,0x00050081,0x00000025,0x0000041d,0x0000041a,
    0x0000041c,0x00050057,0x00000190,0x0000041e,0x00000419,0x0000041d,0x0008004f,0x00000007,
    0x0000041f,0x0000041e,0x0000041e,0x00000000,0x00000001,0x00000002,0x0003003e,0x00000418,
    0x0000041f,0x0004003d,0x000002de,0x00000421,0x000002e0,0x0004003d,0x00000025,0x00000422,
    0x0000003a,0x0004003d,0x00000025,0x00000423,0x000003ba,0x00050085,0x00000025,0x00000424,
    0x00000308,0x00000423,0x00050081,0x00000025,0x00000425,0x00000422,0x00000424,0x00050057,
    0x00000190,0x00000426,0x00000421,0x00000425,0x0008004f,0x00000007,0x00000427,0x00000426,
    0x00000426,0x00000000,0x00000001,0x00000002,0x0003003e,0x00000420,0x00000427,0x0004003d,
    0x000002de,0x00000429,0x000002e0,0x0004003d,0x00000025,0x0000042a,0x0000003a,0x0004003d,
    0x00000025,0x0000042b,0x000003ba,0x00050085,0x00000025,0x0000042c,0x00000311,0x0000042b,
    0x00050081,0x00000025,0x0000042d,0x0000042a,0x0000042c,0x00050057,0x00000190,0x0000042e,
    0x00000429,0x0000042d,0x0008004f,0x00000007,0x0000042f,0x0000042e,0x0000042e,0x00000000,
    0x00000001,0x00000002,0x0003003e,0x00000428,0x0000042f,0x0004003d,0x00000007,0x00000431,
    0x00000410,0x00050094,0x00000006,0x00000432,0x00000431,0x000001fb,0x0003003e,0x00000430,
    0x00000432,0x0004003d,0x00000007,0x00000434,0x00000418,0x00050094,0x00000006,0x00000435,
    0x00000434,0x000001fb,0x0003003e,0x00000433,0x00000435,0x0004003d,0x00000007,0x00000437,
    0x00000420,0x00050094,0x00000006,0x00000438,0x00000437,0x000001fb,0x0003003e,0x00000436,
    0x00000438,0x0004003d,0x00000007,0x0000043a,0x00000428,0x00050094,0x00000006,0x0000043b,
    0x0000043a,0x000001fb,0x0003003e,0x00000439,0x0000043b,0x0004003d,0x00000006,0x0000043c,
    0x00000430,0x0004003d,0x00000006,0x0000043d,0x00000433,0x00050083,0x00000006,0x0000043e,
    0x0000043c,0x0000043d,0x0006000c,0x00000006,0x0000043f,0x00000001,0x00000004,0x0000043e,
    0x0004003d,0x00000006,0x00000440,0x00000436,0x0004003d,0x00000006,0x00000441,0x00000439,
    0x00050083,0x00000006,0x00000442,0x00000440,0x00000441,0x0006000c,0x00000006,0x00000443,
    0x00000001,0x00000004,0x00000442,0x00050081,0x00000006,0x00000444,0x0000043f,0x00000443,
    0x00050085,0x00000006,0x00000445,0x00000132,0x00000444,0x0004003d,0x00000006,0x00000446,
    0x000003fc,0x00050081,0x00000006,0x00000447,0x00000446,0x00000445,0x0003003e,0x000003fc,
    0x00000447,0x0004003d,0x00000006,0x00000448,0x00000430,0x0004003d,0x00000006,0x00000449,
    0x00000436,0x00050083,0x00000006,0x0000044a,0x00000448,0x00000449,0x0006000c,0x00000006,
    0x0000044b,0x00000001,0x00000004,0x0000044a,0x0004003d,0x00000006,0x0000044c,0x00000433,
    0x0004003d,0x00000006,0x0000044d,0x00000439,0x00050083,0x00000006,0x0000044e,0x0000044c,
    0x0000044d,0x0006000c,0x00000006,0x0000044f,0x00000001,0x00000004,0x0000044e,0x00050081,
    0x00000006,0x00000450,0x0000044b,0x0000044f,0x00050085,0x00000006,0x00000451,0x00000132,
    0x00000450,0x0004003d,0x00000006,0x00000452,0x00000406,0x00050081,0x00000006,0x00000453,
    0x00000452,0x00000451,0x0003003e,0x00000406,0x00000453,0x0004003d,0x00000006,0x00000455,
    0x000003ed,0x0004003d,0x00000006,0x00000456,0x000003f0,0x0004003d,0x00000006,0x00000457,
    0x000003f3,0x0007000c,0x00000006,0x00000458,0x00000001,0x00000025,0x00000456,0x00000457,
    0x0004003d,0x00000006,0x00000459,0x000003f6,0x0004003d,0x00000006,0x0000045a,0x000003f9,
    0x0007000c,0x00000006,0x0000045b,0x00000001,0x00000025,0x00000459,0x0000045a,0x0007000c,
    0x00000006,0x0000045c,0x00000001,0x00000025,0x00000458,0x0000045b,0x0007000c,0x00000006,
    0x0000045d,0x00000001,0x00000025,0x00000455,0x0000045c,0x0003003e,0x00000454,0x0000045d,
    0x0004003d,0x00000006,0x0000045f,0x000003ed,0x0004003d,0x00000006,0x00000460,0x000003f0,
    0x0004003d,0x00000006,0x00000461,0x000003f3,0x0007000c,0x00000006,0x00000462,0x00000001,
    0x00000028,0x00000460,0x00000461,0x0004003d,0x00000006,0x00000463,0x000003f6,0x0004003d,
    0x00000006,0x00000464,0x000003f9,0x0007000c,0x00000006,0x00000465,0x00000001,0x00000028,
    0x00000463,0x00000464,0x0007000c,0x00000006,0x00000466,0x00000001,0x00000028,0x00000462,
    0x00000465,0x0007000c,0x00000006,0x00000467,0x00000001,0x00000028,0x0000045f,0x00000466,
    0x0003003e,0x0000045e,0x00000467,0x0004003d,0x00000006,0x00000469,0x0000045e,0x0004003d,
    0x00000006,0x0000046a,0x00000454,0x00050083,0x00000006,0x0000046b,0x00000469,0x0000046a,
    0x0003003e,0x00000468,0x0000046b,0x0004003d,0x00000006,0x0000046d,0x0000045e,0x00050085,
    0x00000006,0x0000046e,0x0000046d,0x00000125,0x0007000c,0x00000006,0x0000046f,0x00000001,
    0x00000028,0x00000128,0x0000046e,0x0003003e,0x0000046c,0x0000046f,0x0004003d,0x00000006,
    0x00000470,0x00000468,0x0004003d,0x00000006,0x00000471,0x0000046c,0x000500b8,0x000001c9,
    0x00000472,0x00000470,0x00000471,0x000300f7,0x00000474,0x00000000,0x000400fa,0x00000472,
    0x00000473,0x00000474,0x000200f8,0x00000473,0x0004003d,0x00000007,0x00000475,0x000003c4,
    0x000200fe,0x00000475,0x000200f8,0x00000474,0x0004003d,0x00000006,0x00000479,0x000003fc,
    0x0004003d,0x00000006,0x0000047a,0x00000406,0x000500be,0x000001c9,0x0000047b,0x00000479,
    0x0000047a,0x0003003e,0x00000478,0x0000047b,0x0004003d,0x000001c9,0x0000047d,0x00000478,
    0x0004003d,0x00000006,0x0000047e,0x000003f3,0x0004003d,0x00000006,0x0000047f,0x000003f9,
    0x000600a9,0x00000006,0x00000480,0x0000047d,0x0000047e,0x0000047f,0x0003003e,0x0000047c,
    0x00000480,0x0004003d,0x000001c9,0x00000482,0x00000478,0x0004003d,0x00000006,0x00000483,
    0x000003f0,0x0004003d,0x00000006,0x00000484,0x000003f6,0x000600a9,0x00000006,0x00000485,
    0x00000482,0x00000483,0x00000484,0x0003003e,0x00000481,0x00000485,0x0004003d,0x00000006,
    0x00000487,0x0000047c,0x0004003d,0x00000006,0x00000488,0x000003ed,0x00050083,0x00000006,
    0x00000489,0x00000487,0x00000488,0x0006000c,0x00000006,0x0000048a,0x00000001,0x00000004,
    0x00000489,0x0003003e,0x00000486,0x0000048a,0x0004003d,0x00000006,0x0000048c,0x00000481,
    0x0004003d,0x00000006,0x0000048d,0x000003ed,0x00050083,0x00000006,0x0000048e,0x0000048c,
    0x0000048d,0x0006000c,0x00000006,0x0000048f,0x00000001,0x00000004,0x0000048e,0x0003003e,
    0x0000048b,0x0000048f,0x0004003d,0x00000006,0x00000491,0x00000486,0x0004003d,0x00000006,
    0x00000492,0x0000048b,0x0007000c,0x00000006,0x00000493,0x00000001,0x00000028,0x00000491,
    0x00000492,0x0003003e,0x00000490,0x00000493,0x0004003d,0x00000006,0x00000495,0x0000048b,
    0x0004003d,0x00000006,0x00000496,0x00000486,0x000500ba,0x000001c9,0x00000497,0x00000495,
    0x00000496,0x0003003e,0x00000494,0x00000497,0x0004003d,0x00000006,0x00000499,0x000003f0,
    0x0004003d,0x00000006,0x0000049a,0x000003f3,0x00050081,0x00000006,0x0000049b,0x00000499,
    0x0000049a,0x0004003d,0x00000006,0x0000049c,0x000003f6,0x00050081,0x00000006,0x0000049d,
    0x0000049b,0x0000049c,0x0004003d,0x00000006,0x0000049e,0x000003f9,0x00050081,0x00000006,
    0x0000049f,0x0000049d,0x0000049e,0x00050085,0x00000006,0x000004a0,0x0000049f,0x0000035d,
    0x0003003e,0x00000498,0x000004a0,0x0004003d,0x00000006,0x000004a1,0x00000498,0x0004003d,
    0x00000006,0x000004a2,0x000003ed,0x00050083,0x00000006,0x000004a3,0x000004a1,0x000004a2,
    0x0006000c,0x00000006,0x000004a4,0x00000001,0x00000004,0x000004a3,0x0003003e,0x00000498,
    0x000004a4,0x0004003d,0x00000006,0x000004a5,0x00000498,0x0004003d,0x00000006,0x000004a6,
    0x00000468,0x00050088,0x00000006,0x000004a7,0x000004a5,0x000004a6,0x0008000c,0x00000006,
    0x000004a8,0x00000001,0x0000002b,0x000004a7,0x0000011e,0x000000d8,0x0003003e,0x00000498,
    0x000004a8,0x0004003d,0x00000006,0x000004a9,0x00000498,0x0004003d,0x00000006,0x000004aa,
    0x00000498,0x00050085,0x00000006,0x000004ab,0x000004a9,0x000004aa,0x0004003d,0x00000006,
    0x000004ac,0x00000498,0x00050085,0x00000006,0x000004ad,0x00000175,0x000004ac,0x00050083,
    0x00000006,0x000004ae,0x00000174,0x000004ad,0x00050085,0x00000006,0x000004af,0x000004ab,
    0x000004ae,0x0003003e,0x00000498,0x000004af,0x0004003d,0x000001c9,0x000004b1,0x00000478,
    0x000300f7,0x000004b4,0x00000000,0x000400fa,0x000004b1,0x000004b3,0x000004b8,0x000200f8,
    0x000004b3,0x00050041,0x00000010,0x000004b5,0x000003ba,0x000000ec,0x0004003d,0x00000006,
    0x000004b6,0x000004b5,0x00050050,0x00000025,0x000004b7,0x000004b6,0x0000011e,0x0003003e,
    0x000004b2,0x000004b7,0x000200f9,0x000004b4,0x000200f8,0x000004b8,0x00050041,0x00000010,
    0x000004b9,0x000003ba,0x000000ef,0x0004003d,0x00000006,0x000004ba,0x000004b9,0x00050050,
    0x00000025,0x000004bb,0x0000011e,0x000004ba,0x0003003e,0x000004b2,0x000004bb,0x000200f9,
    0x000004b4,0x000200f8,0x000004b4,0x0004003d,0x00000025,0x000004bc,0x000004b2,0x0003003e,
    0x000004b0,0x000004bc,0x0004003d,0x000001c9,0x000004be,0x00000494,0x000600a9,0x00000006,
    0x000004bf,0x000004be,0x000002f5,0x000000d8,0x0003003e,0x000004bd,0x000004bf,0x0004003d,
    0x000001c9,0x000004c1,0x00000478,0x000300f7,0x000004c4,0x00000000,0x000400fa,0x000004c1,
    0x000004c3,0x000004ca,0x000200f8,0x000004c3,0x00050041,0x00000010,0x000004c5,0x000003ba,
    0x000000ef,0x0004003d,0x00000006,0x000004c6,0x000004c5,0x0004003d,0x00000006,0x000004c7,
    0x000004bd,0x00050085,0x00000006,0x000004c8,0x000004c6,0x000004c7,0x00050050,0x00000025,
    0x000004c9,0x0000011e,0x000004c8,0x0003003e,0x000004c2,0x000004c9,0x000200f9,0x000004c4,
    0x000200f8,0x000004ca,0x00050041,0x00000010,0x000004cb,0x000003ba,0x000000ec,0x0004003d,
    0x00000006,0x000004cc,0x000004cb,0x0004003d,0x00000006,0x000004cd,0x000004bd,0x00050085,
    0x00000006,0x000004ce,0x000004cc,0x000004cd,0x00050050,0x00000025,0x000004cf,0x000004ce,
    0x0000011e,0x0003003e,0x000004c2,0x000004cf,0x000200f9,0x000004c4,0x000200f8,0x000004c4,
    0x0004003d,0x00000025,0x000004d0,0x000004c2,0x0003003e,0x000004c0,0x000004d0,0x0004003d,
    0x00000025,0x000004d2,0x0000003a,0x0004003d,0x00000025,0x000004d3,0x000004c0,0x0005008e,
    0x00000025,0x000004d4,0x000004d3,0x00000132,0x00050081,0x00000025,0x000004d5,0x000004d2,
    0x000004d4,0x0003003e,0x000004d1,0x000004d5,0x0004003d,0x00000006,0x000004d7,0x000003ed,
    0x0004003d,0x000001c9,0x000004d8,0x00000494,0x0004003d,0x00000006,0x000004d9,0x00000481,
    0x0004003d,0x00000006,0x000004da,0x0000047c,0x000600a9,0x00000006,0x000004db,0x000004d8,
    0x000004d9,0x000004da,0x00050081,0x00000006,0x000004dc,0x000004d7,0x000004db,0x00050085,
    0x00000006,0x000004dd,0x000004dc,0x00000132,0x0003003e,0x000004d6,0x000004dd,0x0004003d,
    0x00000006,0x000004df,0x00000490,0x00050085,0x00000006,0x000004e0,0x000004df,0x0000035d,
    0x0003003e,0x000004de,0x000004e0,0x0004003d,0x00000025,0x000004e2,0x000004d1,0x0004003d,
    0x00000025,0x000004e3,0x000004b0,0x00050081,0x00000025,0x000004e4,0x000004e2,0x000004e3,
    0x0003003e,0x000004e1,0x000004e4,0x0004003d,0x000002de,0x000004e6,0x000002e0,0x0004003d,
    0x00000025,0x000004e7,0x000004e1,0x00050057,0x00000190,0x000004e8,0x000004e6,0x000004e7,
    0x0008004f,0x00000007,0x000004e9,0x000004e8,0x000004e8,0x00000000,0x00000001,0x00000002,
    0x00050094,0x00000006,0x000004ea,0x000004e9,0x000001fb,0x0004003d,0x00000006,0x000004eb,
    0x000004d6,0x00050083,0x00000006,0x000004ec,0x000004ea,0x000004eb,0x0003003e,0x000004e5,
    0x000004ec,0x0004003d,0x00000006,0x000004ee,0x000004e5,0x0006000c,0x00000006,0x000004ef,
    0x00000001,0x00000004,0x000004ee,0x0004003d,0x00000006,0x000004f0,0x000004de,0x000500be,
    0x000001c9,0x000004f1,0x000004ef,0x000004f0,0x0003003e,0x000004ed,0x000004f1,0x0004003d,
    0x000001c9,0x000004f2,0x000004ed,0x000400a8,0x000001c9,0x000004f3,0x000004f2,0x000300f7,
    0x000004f5,0x00000000,0x000400fa,0x000004f3,0x000004f4,0x000004f5,0x000200f8,0x000004f4,
    0x0004003d,0x00000025,0x000004f6,0x000004b0,0x0005008e,0x00000025,0x000004f8,0x000004f6,
    0x000004f7,0x0004003d,0x00000025,0x000004f9,0x000004e1,0x00050081,0x00000025,0x000004fa,
    0x000004f9,0x000004f8,0x0003003e,0x000004e1,0x000004fa,0x0004003d,0x000002de,0x000004fb,
    0x000002e0,0x0004003d,0x00000025,0x000004fc,0x000004e1,0x00050057,0x00000190,0x000004fd,
    0x000004fb,0x000004fc,0x0008004f,0x00000007,0x000004fe,0x000004fd,0x000004fd,0x00000000,
    0x00000001,0x00000002,0x00050094,0x00000006,0x000004ff,0x000004fe,0x000001fb,0x0004003d,
    0x00000006,0x00000500,0x000004d6,0x00050083,0x00000006,0x00000501,0x000004ff,0x00000500,
    0x0003003e,0x000004e5,0x00000501,0x0004003d,0x00000006,0x00000502,0x000004e5,0x0006000c,
    0x00000006,0x00000503,0x00000001,0x00000004,0x00000502,0x0004003d,0x00000006,0x00000504,
    0x000004de,0x000500be,0x000001c9,0x00000505,0x00000503,0x00000504,0x0003003e,0x000004ed,
    0x00000505,0x000200f9,0x000004f5,0x000200f8,0x000004f5,0x0004003d,0x000001c9,0x00000506,
    0x000004ed,0x000400a8,0x000001c9,0x00000507,0x00000506,0x000300f7,0x00000509,0x00000000,
    0x000400fa,0x00000507,0x00000508,0x00000509,0x000200f8,0x00000508,0x0004003d,0x00000025,
    0x0000050a,0x000004b0,0x0005008e,0x00000025,0x0000050b,0x0000050a,0x00000175,0x0004003d,
    0x00000025,0x0000050c,0x000004e1,0x00050081,0x00000025,0x0000050d,0x0000050c,0x0000050b,
    0x0003003e,0x000004e1,0x0000050d,0x0004003d,0x000002de,0x0000050e,0x000002e0,0x0004003d,
    0x00000025,0x0000050f,0x000004e1,0x00050057,0x00000190,0x00000510,0x0000050e,0x0000050f,
    0x0008004f,0x00000007,0x00000511,0x00000510,0x00000510,0x00000000,0x00000001,0x00000002,
    0x00050094,0x00000006,0x00000512,0x00000511,0x000001fb,0x0004003d,0x00000006,0x00000513,
    0x000004d6,0x00050083,0x00000006,0x00000514,0x00000512,0x00000513,0x0003003e,0x000004e5,
    0x00000514,0x0004003d,0x00000006,0x00000515,0x000004e5,0x0006000c,0x00000006,0x00000516,
    0x00000001,0x00000004,0x00000515,0x0004003d,0x00000006,0x00000517,0x000004de,0x000500be,
    0x000001c9,0x00000518,0x00000516,0x00000517,0x0003003e,0x000004ed,0x00000518,0x000200f9,
    0x00000509,0x000200f8,0x00000509,0x0004003d,0x000001c9,0x00000519,0x000004ed,0x000400a8,
    0x000001c9,0x0000051a,0x00000519,0x000300f7,0x0000051c,0x00000000,0x000400fa,0x0000051a,
    0x0000051b,0x0000051c,0x000200f8,0x0000051b,0x0004003d,0x00000025,0x0000051d,0x000004b0,
    0x0005008e,0x00000025,0x0000051e,0x0000051d,0x00000175,0x0004003d,0x00000025,0x0000051f,
    0x000004e1,0x00050081,0x00000025,0x00000520,0x0000051f,0x0000051e,0x0003003e,0x000004e1,
    0x00000520,0x0004003d,0x000002de,0x00000521,0x000002e0,0x0004003d,0x00000025,0x00000522,
    0x000004e1,0x00050057,0x00000190,0x00000523,0x00000521,0x00000522,0x0008004f,0x00000007,
    0x00000524,0x00000523,0x00000523,0x00000000,0x00000001,0x00000002,0x00050094,0x00000006,
    0x00000525,0x00000524,0x000001fb,0x0004003d,0x00000006,0x00000526,0x000004d6,0x00050083,
    0x00000006,0x00000527,0x00000525,0x00000526,0x0003003e,0x000004e5,0x00000527,0x0004003d,
    0x00000006,0x00000528,0x000004e5,0x0006000c,0x00000006,0x00000529,0x00000001,0x00000004,
    0x00000528,0x0004003d,0x00000006,0x0000052a,0x000004de,0x000500be,0x000001c9,0x0000052b,
    0x00000529,0x0000052a,0x0003003e,0x000004ed,0x0000052b,0x000200f9,0x0000051c,0x000200f8,
    0x0000051c,0x0004003d,0x000001c9,0x0000052c,0x000004ed,0x000400a8,0x000001c9,0x0000052d,
    0x0000052c,0x000300f7,0x0000052f,0x00000000,0x000400fa,0x0000052d,0x0000052e,0x0000052f,
    0x000200f8,0x0000052e,0x0004003d,0x00000025,0x00000530,0x000004b0,0x0005008e,0x00000025,
    0x00000531,0x00000530,0x00000175,0x0004003d,0x00000025,0x00000532,0x000004e1,0x00050081,
    0x00000025,0x00000533,0x00000532,0x00000531,0x0003003e,0x000004e1,0x00000533,0x0004003d,
    0x000002de,0x00000534,0x000002e0,0x0004003d,0x00000025,0x00000535,0x000004e1,0x00050057,
    0x00000190,0x00000536,0x00000534,0x00000535,0x0008004f,0x00000007,0x00000537,0x00000536,
    0x00000536,0x00000000,0x00000001,0x00000002,0x00050094,0x00000006,0x00000538,0x00000537,
    0x000001fb,0x0004003d,0x00000006,0x00000539,0x000004d6,0x00050083,0x00000006,0x0000053a,
    0x00000538,0x00000539,0x0003003e,0x000004e5,0x0000053a,0x0004003d,0x00000006,0x0000053b,
    0x000004e5,0x0006000c,0x00000006,0x0000053c,0x00000001,0x00000004,0x0000053b,0x0004003d,
    0x00000006,0x0000053d,0x000004de,0x000500be,0x000001c9,0x0000053e,0x0000053c,0x0000053d,
    0x0003003e,0x000004ed,0x0000053e,0x000200f9,0x0000052f,0x000200f8,0x0000052f,0x0004003d,
    0x000001c9,0x0000053f,0x000004ed,0x000400a8,0x000001c9,0x00000540,0x0000053f,0x000300f7,
    0x00000542,0x00000000,0x000400fa,0x00000540,0x00000541,0x00000542,0x000200f8,0x00000541,
    0x0004003d,0x00000025,0x00000543,0x000004b0,0x0005008e,0x00000025,0x00000545,0x00000543,
    0x00000544,0x0004003d,0x00000025,0x00000546,0x000004e1,0x00050081,0x00000025,0x00000547,
    0x00000546,0x00000545,0x0003003e,0x000004e1,0x00000547,0x0004003d,0x000002de,0x00000548,
    0x000002e0,0x0004003d,0x00000025,0x00000549,0x000004e1,0x00050057,0x00000190,0x0000054a,
    0x00000548,0x00000549,0x0008004f,0x00000007,0x0000054b,0x0000054a,0x0000054a,0x00000000,
    0x00000001,0x00000002,0x00050094,0x00000006,0x0000054c,0x0000054b,0x000001fb,0x0004003d,
    0x00000006,0x0000054d,0x000004d6,0x00050083,0x00000006,0x0000054e,0x0000054c,0x0000054d,
    0x0003003e,0x000004e5,0x0000054e,0x0004003d,0x00000006,0x0000054f,0x000004e5,0x0006000c,
    0x00000006,0x00000550,0x00000001,0x00000004,0x0000054f,0x0004003d,0x00000006,0x00000551,
    0x000004de,0x000500be,0x000001c9,0x00000552,0x00000550,0x00000551,0x0003003e,0x000004ed,
    0x00000552,0x000200f9,0x00000542,0x000200f8,0x00000542,0x0004003d,0x000001c9,0x00000553,
    0x000004ed,0x000400a8,0x000001c9,0x00000554,0x00000553,0x000300f7,0x00000556,0x00000000,
    0x000400fa,0x00000554,0x00000555,0x00000556,0x000200f8,0x00000555,0x0004003d,0x00000025,
    0x00000557,0x000004b0,0x0005008e,0x00000025,0x00000558,0x00000557,0x00000544,0x0004003d,
    0x00000025,0x00000559,0x000004e1,0x00050081,0x00000025,0x0000055a,0x00000559,0x00000558,
    0x0003003e,0x000004e1,0x0000055a,0x0004003d,0x000002de,0x0000055b,0x000002e0,0x0004003d,
    0x00000025,0x0000055c,0x000004e1,0x00050057,0x00000190,0x0000055d,0x0000055b,0x0000055c,
    0x0008004f,0x00000007,0x0000055e,0x0000055d,0x0000055d,0x00000000,0x00000001,0x00000002,
    0x00050094,0x00000006,0x0000055f,0x0000055e,0x000001fb,0x0004003d,0x00000006,0x00000560,
    0x000004d6,0x00050083,0x00000006,0x00000561,0x0000055f,0x00000560,0x0003003e,0x000004e5,
    0x00000561,0x0004003d,0x00000006,0x00000562,0x000004e5,0x0006000c,0x00000006,0x00000563,
    0x00000001,0x00000004,0x00000562,0x0004003d,0x00000006,0x00000564,0x000004de,0x000500be,
    0x000001c9,0x00000565,0x00000563,0x00000564,0x0003003e,0x000004ed,0x00000565,0x000200f9,
    0x00000556,0x000200f8,0x00000556,0x0004003d,0x000001c9,0x00000566,0x000004ed,0x000400a8,
    0x000001c9,0x00000567,0x00000566,0x000300f7,0x00000569,0x00000000,0x000400fa,0x00000567,
    0x00000568,0x00000569,0x000200f8,0x00000568,0x0004003d,0x00000025,0x0000056a,0x000004b0,
    0x0005008e,0x00000025,0x0000056b,0x0000056a,0x00000544,0x0004003d,0x00000025,0x0000056c,
    0x000004e1,0x00050081,0x00000025,0x0000056d,0x0000056c,0x0000056b,0x0003003e,0x000004e1,
    0x0000056d,0x0004003d,0x000002de,0x0000056e,0x000002e0,0x0004003d,0x00000025,0x0000056f,
    0x000004e1,0x00050057,0x00000190,0x00000570,0x0000056e,0x0000056f,0x0008004f,0x00000007,
    0x00000571,0x00000570,0x00000570,0x00000000,0x00000001,0x00000002,0x00050094,0x00000006,
    0x00000572,0x00000571,0x000001fb,0x0004003d,0x00000006,0x00000573,0x000004d6,0x00050083,
    0x00000006,0x00000574,0x00000572,0x00000573,0x0003003e,0x000004e5,0x00000574,0x0004003d,
    0x00000006,0x00000575,0x000004e5,0x0006000c,0x00000006,0x00000576,0x00000001,0x00000004,
    0x00000575,0x0004003d,0x00000006,0x00000577,0x000004de,0x000500be,0x000001c9,0x00000578,
    0x00000576,0x00000577,0x0003003e,0x000004ed,0x00000578,0x000200f9,0x00000569,0x000200f8,
    0x00000569,0x0004003d,0x000001c9,0x00000579,0x000004ed,0x000400a8,0x000001c9,0x0000057a,
    0x00000579,0x000300f7,0x0000057c,0x00000000,0x000400fa,0x0000057a,0x0000057b,0x0000057c,
    0x000200f8,0x0000057b,0x0004003d,0x00000025,0x0000057d,0x000004b0,0x0005008e,0x00000025,
    0x0000057f,0x0000057d,0x0000057e,0x0004003d,0x00000025,0x00000580,0x000004e1,0x00050081,
    0x00000025,0x00000581,0x00000580,0x0000057f,0x0003003e,0x000004e1,0x00000581,0x0004003d,
    0x000002de,0x00000582,0x000002e0,0x0004003d,0x00000025,0x00000583,0x000004e1,0x00050057,
    0x00000190,0x00000584,0x00000582,0x00000583,0x0008004f,0x00000007,0x00000585,0x00000584,
    0x00000584,0x00000000,0x00000001,0x00000002,0x00050094,0x00000006,0x00000586,0x00000585,
    0x000001fb,0x0004003d,0x00000006,0x00000587,0x000004d6,0x00050083,0x00000006,0x00000588,
    0x00000586,0x00000587,0x0003003e,0x000004e5,0x00000588,0x0004003d,0x00000006,0x00000589,
    0x000004e5,0x0006000c,0x00000006,0x0000058a,0x00000001,0x00000004,0x00000589,0x0004003d,
    0x00000006,0x0000058b,0x000004de,0x000500be,0x000001c9,0x0000058c,0x0000058a,0x0000058b,
    0x0003003e,0x000004ed,0x0000058c,0x000200f9,0x0000057c,0x000200f8,0x0000057c,0x0004003d,
    0x000001c9,0x0000058d,0x000004ed,0x000400a8,0x000001c9,0x0000058e,0x0000058d,0x000300f7,
    0x00000590,0x00000000,0x000400fa,0x0000058e,0x0000058f,0x00000590,0x000200f8,0x0000058f,
    0x0004003d,0x00000025,0x00000591,0x000004b0,0x0005008e,0x00000025,0x00000592,0x00000591,
    0x0000057e,0x0004003d,0x00000025,0x00000593,0x000004e1,0x00050081,0x00000025,0x00000594,
    0x00000593,0x00000592,0x0003003e,0x000004e1,0x00000594,0x0004003d,0x000002de,0x00000595,
    0x000002e0,0x0004003d,0x00000025,0x00000596,0x000004e1,0x00050057,0x00000190,0x00000597,
    0x00000595,0x00000596,0x0008004f,0x00000007,0x00000598,0x00000597,0x00000597,0x00000000,
    0x00000001,0x00000002,0x00050094,0x00000006,0x00000599,0x00000598,0x000001fb,0x0004003d,
    0x00000006,0x0000059a,0x000004d6,0x00050083,0x00000006,0x0000059b,0x00000599,0x0000059a,
    0x0003003e,0x000004e5,0x0000059b,0x0004003d,0x00000006,0x0000059c,0x000004e5,0x0006000c,
    0x00000006,0x0000059d,0x00000001,0x00000004,0x0000059c,0x0004003d,0x00000006,0x0000059e,
    0x000004de,0x000500be,0x000001c9,0x0000059f,0x0000059d,0x0000059e,0x0003003e,0x000004ed,
    0x0000059f,0x000200f9,0x00000590,0x000200f8,0x00000590,0x0004003d,0x000001c9,0x000005a0,
    0x000004ed,0x000400a8,0x000001c9,0x000005a1,0x000005a0,0x000300f7,0x000005a3,0x00000000,
    0x000400fa,0x000005a1,0x000005a2,0x000005a3,0x000200f8,0x000005a2,0x0004003d,0x00000025,
    0x000005a4,0x000004b0,0x0005008e,0x00000025,0x000005a5,0x000005a4,0x0000057e,0x0004003d,
    0x00000025,0x000005a6,0x000004e1,0x00050081,0x00000025,0x000005a7,0x000005a6,0x000005a5,
    0x0003003e,0x000004e1,0x000005a7,0x0004003d,0x000002de,0x000005a8,0x000002e0,0x0004003d,
    0x00000025,0x000005a9,0x000004e1,0x00050057,0x00000190,0x000005aa,0x000005a8,0x000005a9,
    0x0008004f,0x00000007,0x000005ab,0x000005aa,0x000005aa,0x00000000,0x00000001,0x00000002,
    0x00050094,0x00000006,0x000005ac,0x000005ab,0x000001fb,0x0004003d,0x00000006,0x000005ad,
    0x000004d6,0x00050083,0x00000006,0x000005ae,0x000005ac,0x000005ad,0x0003003e,0x000004e5,
    0x000005ae,0x0004003d,0x00000006,0x000005af,0x000004e5,0x0006000c,0x00000006,0x000005b0,
    0x00000001,0x00000004,0x000005af,0x0004003d,0x00000006,0x000005b1,0x000004de,0x000500be,
    0x000001c9,0x000005b2,0x000005b0,0x000005b1,0x0003003e,0x000004ed,0x000005b2,0x000200f9,
    0x000005a3,0x000200f8,0x000005a3,0x0004003d,0x000001c9,0x000005b3,0x000004ed,0x000400a8,
    0x000001c9,0x000005b4,0x000005b3,0x000300f7,0x000005b6,0x00000000,0x000400fa,0x000005b4,
    0x000005b5,0x000005b6,0x000200f8,0x000005b5,0x0004003d,0x00000025,0x000005b7,0x000004b0,
    0x0005008e,0x00000025,0x000005b8,0x000005b7,0x0000057e,0x0004003d,0x00000025,0x000005b9,
    0x000004e1,0x00050081,0x00000025,0x000005ba,0x000005b9,0x000005b8,0x0003003e,0x000004e1,
    0x000005ba,0x0004003d,0x000002de,0x000005bb,0x000002e0,0x0004003d,0x00000025,0x000005bc,
    0x000004e1,0x00050057,0x00000190,0x000005bd,0x000005bb,0x000005bc,0x0008004f,0x00000007,
    0x000005be,0x000005bd,0x000005bd,0x00000000,0x00000001,0x00000002,0x00050094,0x00000006,
    0x000005bf,0x000005be,0x000001fb,0x0004003d,0x00000006,0x000005c0,0x000004d6,0x00050083,
    0x00000006,0x000005c1,0x000005bf,0x000005c0,0x0003003e,0x000004e5,0x000005c1,0x000200f9,
    0x000005b6,0x000200f8,0x000005b6,0x0004003d,0x00000025,0x000005c3,0x000004d1,0x0004003d,
    0x00000025,0x000005c4,0x000004b0,0x00050083,0x00000025,0x000005c5,0x000005c3,0x000005c4,
    0x0003003e,0x000005c2,0x000005c5,0x0004003d,0x000002de,0x000005c7,0x000002e0,0x0004003d,
    0x00000025,0x000005c8,0x000005c2,0x00050057,0x00000190,0x000005c9,0x000005c7,0x000005c8,
    0x0008004f,0x00000007,0x000005ca,0x000005c9,0x000005c9,0x00000000,0x00000001,0x00000002,
    0x00050094,0x00000006,0x000005cb,0x000005ca,0x000001fb,0x0004003d,0x00000006,0x000005cc,
    0x000004d6,0x00050083,0x00000006,0x000005cd,0x000005cb,0x000005cc,0x0003003e,0x000005c6,
    0x000005cd,0x0004003d,0x00000006,0x000005cf,0x000005c6,0x0006000c,0x00000006,0x000005d0,
    0x00000001,0x00000004,0x000005cf,0x0004003d,0x00000006,0x000005d1,0x000004de,0x000500be,
    0x000001c9,0x000005d2,0x000005d0,0x000005d1,0x0003003e,0x000005ce,0x000005d2,0x0004003d,
    0x000001c9,0x000005d3,0x000005ce,0x000400a8,0x000001c9,0x000005d4,0x000005d3,0x000300f7,
    0x000005d6,0x00000000,0x000400fa,0x000005d4,0x000005d5,0x000005d6,0x000200f8,0x000005d5,
    0x0004003d,0x00000025,0x000005d7,0x000004b0,0x0005008e,0x00000025,0x000005d8,0x000005d7,
    0x000004f7,0x0004003d,0x00000025,0x000005d9,0x000005c2,0x00050083,0x00000025,0x000005da,
    0x000005d9,0x000005d8,0x0003003e,0x000005c2,0x000005da,0x0004003d,0x000002de,0x000005db,
    0x000002e0,0x0004003d,0x00000025,0x000005dc,0x000005c2,0x00050057,0x00000190,0x000005dd,
    0x000005db,0x000005dc,0x0008004f,0x00000007,0x000005de,0x000005dd,0x000005dd,0x00000000,
    0x00000001,0x00000002,0x00050094,0x00000006,0x000005df,0x000005de,0x000001fb,0x0004003d,
    0x00000006,0x000005e0,0x000004d6,0x00050083,0x00000006,0x000005e1,0x000005df,0x000005e0,
    0x0003003e,0x000005c6,0x000005e1,0x0004003d,0x00000006,0x000005e2,0x000005c6,0x0006000c,
    0x00000006,0x000005e3,0x00000001,0x00000004,0x000005e2,0x0004003d,0x00000006,0x000005e4,
    0x000004de,0x000500be,0x000001c9,0x000005e5,0x000005e3,0x000005e4,0x0003003e,0x000005ce,
    0x000005e5,0x000200f9,0x000005d6,0x000200f8,0x000005d6,0x0004003d,0x000001c9,0x000005e6,
    0x000005ce,0x000400a8,0x000001c9,0x000005e7,0x000005e6,0x000300f7,0x000005e9,0x00000000,
    0x000400fa,0x000005e7,0x000005e8,0x000005e9,0x000200f8,0x000005e8,0x0004003d,0x00000025,
    0x000005ea,0x000004b0,0x0005008e,0x00000025,0x000005eb,0x000005ea,0x00000175,0x0004003d,
    0x00000025,0x000005ec,0x000005c2,0x00050083,0x00000025,0x000005ed,0x000005ec,0x000005eb,
    0x0003003e,0x000005c2,0x000005ed,0x0004003d,0x000002de,0x000005ee,0x000002e0,0x0004003d,
    0x00000025,0x000005ef,0x000005c2,0x00050057,0x00000190,0x000005f0,0x000005ee,0x000005ef,
    0x0008004f,0x00000007,0x000005f1,0x000005f0,0x000005f0,0x00000000,0x00000001,0x00000002,
    0x00050094,0x00000006,0x000005f2,0x000005f1,0x000001fb,0x0004003d,0x00000006,0x000005f3,
    0x000004d6,0x00050083,0x00000006,0x000005f4,0x000005f2,0x000005f3,0x0003003e,0x000005c6,
    0x000005f4,0x0004003d,0x00000006,0x000005f5,0x000005c6,0x0006000c,0x00000006,0x000005f6,
    0x00000001,0x00000004,0x000005f5,0x0004003d,0x00000006,0x000005f7,0x000004de,0x000500be,
    0x000001c9,0x000005f8,0x000005f6,0x000005f7,0x0003003e,0x000005ce,0x000005f8,0x000200f9,
    0x000005e9,0x000200f8,0x000005e9,0x0004003d,0x000001c9,0x000005f9,0x000005ce,0x000400a8,
    0x000001c9,0x000005fa,0x000005f9,0x000300f7,0x000005fc,0x00000000,0x000400fa,0x000005fa,
    0x000005fb,0x000005fc,0x000200f8,0x000005fb,0x0004003d,0x00000025,0x000005fd,0x000004b0,
    0x0005008e,0x00000025,0x000005fe,0x000005fd,0x00000175,0x0004003d,0x00000025,0x000005ff,
    0x000005c2,0x00050083,0x00000025,0x00000600,0x000005ff,0x000005fe,0x0003003e,0x000005c2,
    0x00000600,0x0004003d,0x000002de,0x00000601,0x000002e0,0x0004003d,0x00000025,0x00000602,
    0x000005c2,0x00050057,0x00000190,0x00000603,0x00000601,0x00000602,0x0008004f,0x00000007,
    0x00000604,0x00000603,0x00000603,0x00000000,0x00000001,0x00000002,0x00050094,0x00000006,
    0x00000605,0x00000604,0x000001fb,0x0004003d,0x00000006,0x00000606,0x000004d6,0x00050083,
    0x00000006,0x00000607,0x00000605,0x00000606,0x0003003e,0x000005c6,0x00000607,0x0004003d,
    0x00000006,0x00000608,0x000005c6,0x0006000c,0x00000006,0x00000609,0x00000001,0x00000004,
    0x00000608,0x0004003d,0x00000006,0x0000060a,0x000004de,0x000500be,0x000001c9,0x0000060b,
    0x00000609,0x0000060a,0x0003003e,0x000005ce,0x0000060b,0x000200f9,0x000005fc,0x000200f8,
    0x000005fc,0x0004003d,0x000001c9,0x0000060c,0x000005ce,0x000400a8,0x000001c9,0x0000060d,
    0x0000060c,0x000300f7,0x0000060f,0x00000000,0x000400fa,0x0000060d,0x0000060e,0x0000060f,
    0x000200f8,0x0000060e,0x0004003d,0x00000025,0x00000610,0x000004b0,0x0005008e,0x00000025,
    0x00000611,0x00000610,0x00000175,0x0004003d,0x00000025,0x00000612,0x000005c2,0x00050083,
    0x00000025,0x00000613,0x00000612,0x00000611,0x0003003e,0x000005c2,0x00000613,0x0004003d,
    0x000002de,0x00000614,0x000002e0,0x0004003d,0x00000025,0x00000615,0x000005c2,0x00050057,
    0x00000190,0x00000616,0x00000614,0x00000615,0x0008004f,0x00000007,0x00000617,0x00000616,
    0x00000616,0x00000000,0x00000001,0x00000002,0x00050094,0x00000006,0x00000618,0x00000617,
    0x000001fb,0x0004003d,0x00000006,0x00000619,0x000004d6,0x00050083,0x00000006,0x0000061a,
    0x00000618,0x00000619,0x0003003e,0x000005c6,0x0000061a,0x0004003d,0x00000006,0x0000061b,
    0x000005c6,0x0006000c,0x00000006,0x0000061c,0x00000001,0x00000004,0x0000061b,0x0004003d,
    0x00000006,0x0000061d,0x000004de,0x000500be,0x000001c9,0x0000061e,0x0000061c,0x0000061d,
    0x0003003e,0x000005ce,0x0000061e,0x000200f9,0x0000060f,0x000200f8,0x0000060f,0x0004003d,
    0x000001c9,0x0000061f,0x000005ce,0x000400a8,0x000001c9,0x00000620,0x0000061f,0x000300f7,
    0x00000622,0x00000000,0x000400fa,0x00000620,0x00000621,0x00000622,0x000200f8,0x00000621,
    0x0004003d,0x00000025,0x00000623,0x000004b0,0x0005008e,0x00000025,0x00000624,0x00000623,
    0x00000544,0x0004003d,0x00000025,0x00000625,0x000005c2,0x00050083,0x00000025,0x00000626,
    0x00000625,0x00000624,0x0003003e,0x000005c2,0x00000626,0x0004003d,0x000002de,0x00000627,
    0x000002e0,0x0004003d,0x00000025,0x00000628,0x000005c2,0x00050057,0x00000190,0x00000629,
    0x00000627,0x00000628,0x0008004f,0x00000007,0x0000062a,0x00000629,0x00000629,0x00000000,
    0x00000001,0x00000002,0x00050094,0x00000006,0x0000062b,0x0000062a,0x000001fb,0x0004003d,
    0x00000006,0x0000062c,0x000004d6,0x00050083,0x00000006,0x0000062d,0x0000062b,0x0000062c,
    0x0003003e,0x000005c6,0x0000062d,0x0004003d,0x00000006,0x0000062e,0x000005c6,0x0006000c,
    0x00000006,0x0000062f,0x00000001,0x00000004,0x0000062e,0x0004003d,0x00000006,0x00000630,
    0x000004de,0x000500be,0x000001c9,0x00000631,0x0000062f,0x00000630,0x0003003e,0x000005ce,
    0x00000631,0x000200f9,0x00000622,0x000200f8,0x00000622,0x0004003d,0x000001c9,0x00000632,
    0x000005ce,0x000400a8,0x000001c9,0x00000633,0x00000632,0x000300f7,0x00000635,0x00000000,
    0x000400fa,0x00000633,0x00000634,0x00000635,0x000200f8,0x00000634,0x0004003d,0x00000025,
    0x00000636,0x000004b0,0x0005008e,0x00000025,0x00000637,0x00000636,0x00000544,0x0004003d,
    0x00000025,0x00000638,0x000005c2,0x00050083,0x00000025,0x00000639,0x00000638,0x00000637,
    0x0003003e,0x000005c2,0x00000639,0x0004003d,0x000002de,0x0000063a,0x000002e0,0x0004003d,
    0x00000025,0x0000063b,0x000005c2,0x00050057,0x00000190,0x0000063c,0x0000063a,0x0000063b,
    0x0008004f,0x00000007,0x0000063d,0x0000063c,0x0000063c,0x00000000,0x00000001,0x00000002,
    0x00050094,0x00000006,0x0000063e,0x0000063d,0x000001fb,0x0004003d,0x00000006,0x0000063f,
    0x000004d6,0x00050083,0x00000006,0x00000640,0x0000063e,0x0000063f,0x0003003e,0x000005c6,
    0x00000640,0x0004003d,0x00000006,0x00000641,0x000005c6,0x0006000c,0x00000006,0x00000642,
    0x00000001,0x00000004,0x00000641,0x0004003d,0x00000006,0x00000643,0x000004de,0x000500be,
    0x000001c9,0x00000644,0x00000642,0x00000643,0x0003003e,0x000005ce,0x00000644,0x000200f9,
    0x00000635,0x000200f8,0x00000635,0x0004003d,0x000001c9,0x00000645,0x000005ce,0x000400a8,
    0x000001c9,0x00000646,0x00000645,0x000300f7,0x00000648,0x00000000,0x000400fa,0x00000646,
    0x00000647,0x00000648,0x000200f8,0x00000647,0x0004003d,0x00000025,0x00000649,0x000004b0,
    0x0005008e,0x00000025,0x0000064a,0x00000649,0x00000544,0x0004003d,0x00000025,0x0000064b,
    0x000005c2,0x00050083,0x00000025,0x0000064c,0x0000064b,0x0000064a,0x0003003e,0x000005c2,
    0x0000064c,0x0004003d,0x000002de,0x0000064d,0x000002e0,0x0004003d,0x00000025,0x0000064e,
    0x000005c2,0x00050057,0x00000190,0x0000064f,0x0000064d,0x0000064e,0x0008004f,0x00000007,
    0x00000650,0x0000064f,0x0000064f,0x00000000,0x00000001,0x00000002,0x00050094,0x00000006,
    0x00000651,0x00000650,0x000001fb,0x0004003d,0x00000006,0x00000652,0x000004d6,0x00050083,
    0x00000006,0x00000653,0x00000651,0x00000652,0x0003003e,0x000005c6,0x00000653,0x0004003d,
    0x00000006,0x00000654,0x000005c6,0x0006000c,0x00000006,0x00000655,0x00000001,0x00000004,
    0x00000654,0x0004003d,0x00000006,0x00000656,0x000004de,0x000500be,0x000001c9,0x00000657,
    0x00000655,0x00000656,0x0003003e,0x000005ce,0x00000657,0x000200f9,0x00000648,0x000200f8,
    0x00000648,0x0004003d,0x000001c9,0x00000658,0x000005ce,0x000400a8,0x000001c9,0x00000659,
    0x00000658,0x000300f7,0x0000065b,0x00000000,0x000400fa,0x00000659,0x0000065a,0x0000065b,
    0x000200f8,0x0000065a,0x0004003d,0x00000025,0x0000065c,0x000004b0,0x0005008e,0x00000025,
    0x0000065d,0x0000065c,0x0000057e,0x0004003d,0x00000025,0x0000065e,0x000005c2,0x00050083,
    0x00000025,0x0000065f,0x0000065e,0x0000065d,0x0003003e,0x000005c2,0x0000065f,0x0004003d,
    0x000002de,0x00000660,0x000002e0,0x0004003d,0x00000025,0x00000661,0x000005c2,0x00050057,
    0x00000190,0x00000662,0x00000660,0x00000661,0x0008004f,0x00000007,0x00000663,0x00000662,
    0x00000662,0x00000000,0x00000001,0x00000002,0x00050094,0x00000006,0x00000664,0x00000663,
    0x000001fb,0x0004003d,0x00000006,0x00000665,0x000004d6,0x00050083,0x00000006,0x00000666,
    0x00000664,0x00000665,0x0003003e,0x000005c6,0x00000666,0x0004003d,0x00000006,0x00000667,
    0x000005c6,0x0006000c,0x00000006,0x00000668,0x00000001,0x00000004,0x00000667,0x0004003d,
    0x00000006,0x00000669,0x000004de,0x000500be,0x000001c9,0x0000066a,0x00000668,0x00000669,
    0x0003003e,0x000005ce,0x0000066a,0x000200f9,0x0000065b,0x000200f8,0x0000065b,0x0004003d,
    0x000001c9,0x0000066b,0x000005ce,0x000400a8,0x000001c9,0x0000066c,0x0000066b,0x000300f7,
    0x0000066e,0x00000000,0x000400fa,0x0000066c,0x0000066d,0x0000066e,0x000200f8,0x0000066d,
    0x0004003d,0x00000025,0x0000066f,0x000004b0,0x0005008e,0x00000025,0x00000670,0x0000066f,
    0x0000057e,0x0004003d,0x00000025,0x00000671,0x000005c2,0x00050083,0x00000025,0x00000672,
    0x00000671,0x00000670,0x0003003e,0x000005c2,0x00000672,0x0004003d,0x000002de,0x00000673,
    0x000002e0,0x0004003d,0x00000025,0x00000674,0x000005c2,0x00050057,0x00000190,0x00000675,
    0x00000673,0x00000674,0x0008004f,0x00000007,0x00000676,0x00000675,0x00000675,0x00000000,
    0x00000001,0x00000002,0x00050094,0x00000006,0x00000677,0x00000676,0x000001fb,0x0004003d,
    0x00000006,0x00000678,0x000004d6,0x00050083,0x00000006,0x00000679,0x00000677,0x00000678,
    0x0003003e,0x000005c6,0x00000679,0x0004003d,0x00000006,0x0000067a,0x000005c6,0x0006000c,
    0x00000006,0x0000067b,0x00000001,0x00000004,0x0000067a,0x0004003d,0x00000006,0x0000067c,
    0x000004de,0x000500be,0x000001c9,0x0000067d,0x0000067b,0x0000067c,0x0003003e,0x000005ce,
    0x0000067d,0x000200f9,0x0000066e,0x000200f8,0x0000066e,0x0004003d,0x000001c9,0x0000067e,
    0x000005ce,0x000400a8,0x000001c9,0x0000067f,0x0000067e,0x000300f7,0x00000681,0x00000000,
    0x000400fa,0x0000067f,0x00000680,0x00000681,0x000200f8,0x00000680,0x0004003d,0x00000025,
    0x00000682,0x000004b0,0x0005008e,0x00000025,0x00000683,0x00000682,0x0000057e,0x0004003d,
    0x00000025,0x00000684,0x000005c2,0x00050083,0x00000025,0x00000685,0x00000684,0x00000683,
    0x0003003e,0x000005c2,0x00000685,0x0004003d,0x000002de,0x00000686,0x000002e0,0x0004003d,
    0x00000025,0x00000687,0x000005c2,0x00050057,0x00000190,0x00000688,0x00000686,0x00000687,
    0x0008004f,0x00000007,0x00000689,0x00000688,0x00000688,0x00000000,0x00000001,0x00000002,
    0x00050094,0x00000006,0x0000068a,0x00000689,0x000001fb,0x0004003d,0x00000006,0x0000068b,
    0x000004d6,0x00050083,0x00000006,0x0000068c,0x0000068a,0x0000068b,0x0003003e,0x000005c6,
    0x0000068c,0x0004003d,0x00000006,0x0000068d,0x000005c6,0x0006000c,0x00000006,0x0000068e,
    0x00000001,0x00000004,0x0000068d,0x0004003d,0x00000006,0x0000068f,0x000004de,0x000500be,
    0x000001c9,0x00000690,0x0000068e,0x0000068f,0x0003003e,0x000005ce,0x00000690,0x000200f9,
    0x00000681,0x000200f8,0x00000681,0x0004003d,0x000001c9,0x00000691,0x000005ce,0x000400a8,
    0x000001c9,0x00000692,0x00000691,0x000300f7,0x00000694,0x00000000,0x000400fa,0x00000692,
    0x00000693,0x00000694,0x000200f8,0x00000693,0x0004003d,0x00000025,0x00000695,0x000004b0,
    0x0005008e,0x00000025,0x00000696,0x00000695,0x0000057e,0x0004003d,0x00000025,0x00000697,
    0x000005c2,0x00050083,0x00000025,0x00000698,0x00000697,0x00000696,0x0003003e,0x000005c2,
    0x00000698,0x0004003d,0x000002de,0x00000699,0x000002e0,0x0004003d,0x00000025,0x0000069a,
    0x000005c2,0x00050057,0x00000190,0x0000069b,0x00000699,0x0000069a,0x0008004f,0x00000007,
    0x0000069c,0x0000069b,0x0000069b,0x00000000,0x00000001,0x00000002,0x00050094,0x00000006,
    0x0000069d,0x0000069c,0x000001fb,0x0004003d,0x00000006,0x0000069e,0x000004d6,0x00050083,
    0x00000006,0x0000069f,0x0000069d,0x0000069e,0x0003003e,0x000005c6,0x0000069f,0x000200f9,
    0x00000694,0x000200f8,0x00000694,0x0004003d,0x000001c9,0x000006a1,0x00000478,0x000300f7,
    0x000006a4,0x00000000,0x000400fa,0x000006a1,0x000006a3,0x000006aa,0x000200f8,0x000006a3,
    0x00050041,0x00000010,0x000006a5,0x000004e1,0x000000ec,0x0004003d,0x00000006,0x000006a6,
    0x000006a5,0x00050041,0x00000010,0x000006a7,0x0000003a,0x000000ec,0x0004003d,0x00000006,
    0x000006a8,0x000006a7,0x00050083,0x00000006,0x000006a9,0x000006a6,0x000006a8,0x0003003e,
    0x000006a2,0x000006a9,0x000200f9,0x000006a4,0x000200f8,0x000006aa,0x00050041,0x00000010,
    0x000006ab,0x000004e1,0x000000ef,0x0004003d,0x00000006,0x000006ac,0x000006ab,0x00050041,
    0x00000010,0x000006ad,0x0000003a,0x000000ef,0x0004003d,0x00000006,0x000006ae,0x000006ad,
    0x00050083,0x00000006,0x000006af,0x000006ac,0x000006ae,0x0003003e,0x000006a2,0x000006af,
    0x000200f9,0x000006a4,0x000200f8,0x000006a4,0x0004003d,0x00000006,0x000006b0,0x000006a2,
    0x0003003e,0x000006a0,0x000006b0,0x0004003d,0x000001c9,0x000006b2,0x00000478,0x000300f7,
    0x000006b5,0x00000000,0x000400fa,0x000006b2,0x000006b4,0x000006bb,0x000200f8,0x000006b4,
    0x00050041,0x00000010,0x000006b6,0x0000003a,0x000000ec,0x0004003d,0x00000006,0x000006b7,
    0x000006b6,0x00050041,0x00000010,0x000006b8,0x000005c2,0x000000ec,0x0004003d,0x00000006,
    0x000006b9,0x000006b8,0x00050083,0x00000006,0x000006ba,0x000006b7,0x000006b9,0x0003003e,
    0x000006b3,0x000006ba,0x000200f9,0x000006b5,0x000200f8,0x000006bb,0x00050041,0x00000010,
    0x000006bc,0x0000003a,0x000000ef,0x0004003d,0x00000006,0x000006bd,0x000006bc,0x00050041,
    0x00000010,0x000006be,0x000005c2,0x000000ef,0x0004003d,0x00000006,0x000006bf,0x000006be,
    0x00050083,0x00000006,0x000006c0,0x000006bd,0x000006bf,0x0003003e,0x000006b3,0x000006c0,
    0x000200f9,0x000006b5,0x000200f8,0x000006b5,0x0004003d,0x00000006,0x000006c1,0x000006b3,
    0x0003003e,0x000006b1,0x000006c1,0x0004003d,0x00000006,0x000006c3,0x000006a0,0x0004003d,
    0x00000006,0x000006c4,0x000006b1,0x0007000c,0x00000006,0x000006c5,0x00000001,0x00000025,
    0x000006c3,0x000006c4,0x0003003e,0x000006c2,0x000006c5,0x0004003d,0x00000006,0x000006c7,
    0x000006a0,0x0004003d,0x00000006,0x000006c8,0x000006b1,0x00050081,0x00000006,0x000006c9,
    0x000006c7,0x000006c8,0x0003003e,0x000006c6,0x000006c9,0x0004003d,0x00000006,0x000006cb,
    0x000006c2,0x0004003d,0x00000006,0x000006cc,0x000006c6,0x00050088,0x00000006,0x000006cd,
    0x000006cb,0x000006cc,0x00050083,0x00000006,0x000006ce,0x00000132,0x000006cd,0x0003003e,
    0x000006ca,0x000006ce,0x0004003d,0x00000006,0x000006d0,0x000003ed,0x0004003d,0x00000006,
    0x000006d1,0x000004d6,0x000500b8,0x000001c9,0x000006d2,0x000006d0,0x000006d1,0x0003003e,
    0x000006cf,0x000006d2,0x0004003d,0x00000006,0x000006d4,0x000006a0,0x0004003d,0x00000006,
    0x000006d5,0x000006b1,0x000500b8,0x000001c9,0x000006d6,0x000006d4,0x000006d5,0x0004003d,
    0x00000006,0x000006d7,0x000004e5,0x0004003d,0x00000006,0x000006d8,0x000005c6,0x000600a9,
    0x00000006,0x000006d9,0x000006d6,0x000006d7,0x000006d8,0x000500be,0x000001c9,0x000006da,
    0x000006d9,0x0000011e,0x0003003e,0x000006d3,0x000006da,0x0004003d,0x000001c9,0x000006db,
    0x000006d3,0x0004003d,0x000001c9,0x000006dc,0x000006cf,0x000500a5,0x000001c9,0x000006dd,
    0x000006db,0x000006dc,0x0003003e,0x000006d3,0x000006dd,0x0004003d,0x000001c9,0x000006de,
    0x000006d3,0x000400a8,0x000001c9,0x000006df,0x000006de,0x000300f7,0x000006e1,0x00000000,
    0x000400fa,0x000006df,0x000006e0,0x000006e1,0x000200f8,0x000006e0,0x0003003e,0x000006ca,
    0x0000011e,0x000200f9,0x000006e1,0x000200f8,0x000006e1,0x0004003d,0x00000006,0x000006e3,
    0x000006ca,0x0004003d,0x00000006,0x000006e4,0x00000498,0x00050085,0x00000006,0x000006e6,
    0x000006e4,0x000006e5,0x0007000c,0x00000006,0x000006e7,0x00000001,0x00000028,0x000006e3,
    0x000006e6,0x0003003e,0x000006e2,0x000006e7,0x0004003d,0x00000025,0x000006e9,0x0000003a,
    0x0004003d,0x00000025,0x000006ea,0x000004c0,0x0004003d,0x00000006,0x000006eb,0x000006e2,
    0x0005008e,0x00000025,0x000006ec,0x000006ea,0x000006eb,0x00050081,0x00000025,0x000006ed,
    0x000006e9,0x000006ec,0x0003003e,0x000006e8,0x000006ed,0x0004003d,0x000002de,0x000006ee,
    0x000002e0,0x0004003d,0x00000025,0x000006ef,0x000006e8,0x00050057,0x00000190,0x000006f0,
    0x000006ee,0x000006ef,0x0008004f,0x00000007,0x000006f1,0x000006f0,0x000006f0,0x00000000,
    0x00000001,0x00000002,0x000200fe,0x000006f1,0x00010038,0x00050036,0x00000025,0x0000003f,
    0x00000000,0x0000003d,0x00030037,0x00000026,0x0000003e,0x000200f8,0x00000040,0x0004003b,
    0x00000010,0x000006fc,0x00000007,0x0004003b,0x00000010,0x00000701,0x00000007,0x00050041,
    0x0000019b,0x000006f5,0x00000193,0x000006f4,0x0004003d,0x0000005d,0x000006f6,0x000006f5,
    0x000500aa,0x000001c9,0x000006f7,0x000006f6,0x000000ec,0x000300f7,0x000006f9,0x00000000,
    0x000400fa,0x000006f7,0x000006f8,0x000006f9,0x000200f8,0x000006f8,0x0004003d,0x00000025,
    0x000006fa,0x0000003e,0x000200fe,0x000006fa,0x000200f8,0x000006f9,0x00050041,0x0000019b,
    0x000006fe,0x00000193,0x000006fd,0x0004003d,0x0000005d,0x000006ff,0x000006fe,0x00040070,
    0x00000006,0x00000700,0x000006ff,0x0003003e,0x000006fc,0x00000700,0x00050041,0x0000019b,
    0x00000703,0x00000193,0x00000702,0x0004003d,0x0000005d,0x00000704,0x00000703,0x00040070,
    0x00000006,0x00000705,0x00000704,0x0003003e,0x00000701,0x00000705,0x0004003d,0x00000025,
    0x00000706,0x0000003e,0x0004003d,0x00000006,0x00000707,0x000006fc,0x0004003d,0x00000006,
    0x00000708,0x00000701,0x00050050,0x00000025,0x00000709,0x00000707,0x00000708,0x00050085,
    0x00000025,0x0000070a,0x00000706,0x00000709,0x0006000c,0x00000025,0x0000070b,0x00000001,
    0x00000008,0x0000070a,0x0004003d,0x00000006,0x0000070c,0x000006fc,0x0004003d,0x00000006,
    0x0000070d,0x00000701,0x00050050,0x00000025,0x0000070e,0x0000070c,0x0000070d,0x00050088,
    0x00000025,0x0000070f,0x0000070b,0x0000070e,0x0003003e,0x0000003e,0x0000070f,0x0004003d,
    0x00000006,0x00000710,0x000006fc,0x0004003d,0x00000006,0x00000711,0x00000701,0x00050050,
    0x00000025,0x00000712,0x00000710,0x00000711,0x00050050,0x00000025,0x00000713,0x00000132,
    0x00000132,0x00050088,0x00000025,0x00000714,0x00000713,0x00000712,0x0004003d,0x00000025,
    0x00000715,0x0000003e,0x00050081,0x00000025,0x00000716,0x00000715,0x00000714,0x0003003e,
    0x0000003e,0x00000716,0x0004003d,0x00000025,0x00000717,0x0000003e,0x000200fe,0x00000717,
    0x00010038,0x00050036,0x00000007,0x00000043,0x00000000,0x00000027,0x00030037,0x00000008,
    0x00000041,0x00030037,0x00000026,0x00000042,0x000200f8,0x00000044,0x0004003b,0x00000010,
    0x00000722,0x00000007,0x0004003b,0x00000075,0x00000723,0x00000007,0x0004003b,0x00000062,
    0x0000072c,0x00000007,0x0004003b,0x00000739,0x0000073a,0x00000007,0x0004003b,0x00000062,
    0x00000745,0x00000007,0x0004003b,0x0000075b,0x0000075c,0x00000007,0x0004003b,0x00000062,
    0x00000763,0x00000007,0x0004003b,0x0000079f,0x000007a0,0x00000007,0x00050041,0x0000019b,
    0x0000071b,0x00000193,0x0000071a,0x0004003d,0x0000005d,0x0000071c,0x0000071b,0x000500aa,
    0x000001c9,0x0000071d,0x0000071c,0x000000ec,0x000300f7,0x0000071f,0x00000000,0x000400fa,
    0x0000071d,0x0000071e,0x0000071f,0x000200f8,0x0000071e,0x0004003d,0x00000007,0x00000720,
    0x00000041,0x000200fe,0x00000720,0x000200f8,0x0000071f,0x0003003e,0x00000722,0x0000011e,
    0x0004003d,0x00000025,0x00000724,0x00000042,0x0004006e,0x00000074,0x00000725,0x00000724,
    0x0003003e,0x00000723,0x00000725,0x00050041,0x0000019b,0x00000727,0x00000193,0x00000726,
    0x0004003d,0x0000005d,0x00000728,0x00000727,0x000500aa,0x000001c9,0x00000729,0x00000728,
    0x000000ec,0x000300f7,0x0000072b,0x00000000,0x000400fa,0x00000729,0x0000072a,0x0000073f,
    0x000200f8,0x0000072a,0x00050041,0x00000062,0x0000072d,0x00000723,0x000000ec,0x0004003d,
    0x00000061,0x0000072e,0x0000072d,0x0005008b,0x00000061,0x00000730,0x0000072e,0x0000072f,
    0x00050041,0x00000062,0x00000731,0x00000723,0x000000ef,0x0004003d,0x00000061,0x00000732,
    0x00000731,0x0005008b,0x00000061,0x00000733,0x00000732,0x0000072f,0x00050084,0x00000061,
    0x00000734,0x00000733,0x0000072f,0x00050080,0x00000061,0x00000735,0x00000730,0x00000734,
    0x0003003e,0x0000072c,0x00000735,0x0004003d,0x00000061,0x00000738,0x0000072c,0x0003003e,
    0x0000073a,0x00000737,0x00050041,0x00000010,0x0000073b,0x0000073a,0x00000738,0x0004003d,
    0x00000006,0x0000073c,0x0000073b,0x00050088,0x00000006,0x0000073d,0x0000073c,0x00000544,
    0x00050083,0x00000006,0x0000073e,0x0000073d,0x00000132,0x0003003e,0x00000722,0x0000073e,
    0x000200f9,0x0000072b,0x000200f8,0x0000073f,0x00050041,0x0000019b,0x00000740,0x00000193,
    0x00000726,0x0004003d,0x0000005d,0x00000741,0x00000740,0x000500aa,0x000001c9,0x00000742,
    0x00000741,0x000000ef,0x000300f7,0x00000744,0x00000000,0x000400fa,0x00000742,0x00000743,
    0x00000762,0x000200f8,0x00000743,0x00050041,0x00000062,0x00000746,0x00000723,0x000000ec,
    0x0004003d,0x00000061,0x00000747,0x00000746,0x0005008b,0x00000061,0x00000749,0x00000747,
    0x00000748,0x00050041,0x00000062,0x0000074a,0x00000723,0x000000ef,0x0004003d,0x00000061,
    0x0000074b,0x0000074a,0x0005008b,0x00000061,0x0000074c,0x0000074b,0x00000748,0x00050084,
    0x00000061,0x0000074d,0x0000074c,0x00000748,0x00050080,0x00000061,0x0000074e,0x00000749,
    0x0000074d,0x0003003e,0x00000745,0x0000074e,0x0004003d,0x00000061,0x0000075a,0x00000745,
    0x0003003e,0x0000075c,0x00000759,0x00050041,0x00000010,0x0000075d,0x0000075c,0x0000075a,
    0x0004003d,0x00000006,0x0000075e,0x0000075d,0x00050088,0x00000006,0x00000760,0x0000075e,
    0x0000075f,0x00050083,0x00000006,0x00000761,0x00000760,0x00000132,0x0003003e,0x00000722,
    0x00000761,0x000200f9,0x00000744,0x000200f8,0x00000762,0x00050041,0x00000062,0x00000764,
    0x00000723,0x000000ec,0x0004003d,0x00000061,0x00000765,0x00000764,0x0005008b,0x00000061,
    0x00000766,0x00000765,0x000001c6,0x00050041,0x00000062,0x00000767,0x00000723,0x000000ef,
    0x0004003d,0x00000061,0x00000768,0x00000767,0x0005008b,0x00000061,0x00000769,0x00000768,
    0x000001c6,0x00050084,0x00000061,0x0000076a,0x00000769,0x000001c6,0x00050080,0x00000061,
    0x0000076b,0x00000766,0x0000076a,0x0003003e,0x00000763,0x0000076b,0x0004003d,0x00000061,
    0x0000079e,0x00000763,0x0003003e,0x000007a0,0x0000079d,0x00050041,0x00000010,0x000007a1,
    0x000007a0,0x0000079e,0x0004003d,0x00000006,0x000007a2,0x000007a1,0x00050088,0x00000006,
    0x000007a4,0x000007a2,0x000007a3,0x00050083,0x00000006,0x000007a5,0x000007a4,0x00000132,
    0x0003003e,0x00000722,0x000007a5,0x000200f9,0x00000744,0x000200f8,0x00000744,0x000200f9,
    0x0000072b,0x000200f8,0x0000072b,0x0004003d,0x00000006,0x000007a6,0x00000722,0x00050041,
    0x00000195,0x000007a8,0x00000193,0x000007a7,0x0004003d,0x00000006,0x000007a9,0x000007a8,
    0x00050085,0x00000006,0x000007aa,0x000007a6,0x000007a9,0x00050041,0x0000019b,0x000007ac,
    0x00000193,0x000007ab,0x0004003d,0x0000005d,0x000007ad,0x000007ac,0x00040070,0x00000006,
    0x000007ae,0x000007ad,0x0007000c,0x00000006,0x000007af,0x00000001,0x00000028,0x000007ae,
    0x00000758,0x00050088,0x00000006,0x000007b0,0x000007aa,0x000007af,0x0004003d,0x00000007,
    0x000007b1,0x00000041,0x00060050,0x00000007,0x000007b2,0x000007b0,0x000007b0,0x000007b0,
    0x00050081,0x00000007,0x000007b3,0x000007b1,0x000007b2,0x0003003e,0x00000041,0x000007b3,
    0x0004003d,0x00000007,0x000007b4,0x00000041,0x000200fe,0x000007b4,0x00010038,0x00050036,
    0x00000007,0x00000046,0x00000000,0x00000009,0x00030037,0x00000008,0x00000045,0x000200f8,
    0x00000047,0x0004003b,0x00000010,0x000007bf,0x00000007,0x00050041,0x0000019b,0x000007b8,
    0x00000193,0x000007b7,0x0004003d,0x0000005d,0x000007b9,0x000007b8,0x000500aa,0x000001c9,
    0x000007ba,0x000007b9,0x000000ec,0x000300f7,0x000007bc,0x00000000,0x000400fa,0x000007ba,
    0x000007bb,0x000007bc,0x000200f8,0x000007bb,0x0004003d,0x00000007,0x000007bd,0x00000045,
    0x000200fe,0x000007bd,0x000200f8,0x000007bc,0x00050041,0x0000019b,0x000007c0,0x00000193,
    0x000007ab,0x0004003d,0x0000005d,0x000007c1,0x000007c0,0x00040070,0x00000006,0x000007c2,
    0x000007c1,0x0007000c,0x00000006,0x000007c3,0x00000001,0x0000001a,0x00000175,0x000007c2,
    0x00050083,0x00000006,0x000007c4,0x000007c3,0x000000d8,0x0003003e,0x000007bf,0x000007c4,
    0x0004003d,0x00000007,0x000007c5,0x00000045,0x0004003d,0x00000006,0x000007c6,0x000007bf,
    0x0005008e,0x00000007,0x000007c7,0x000007c5,0x000007c6,0x00060050,0x00000007,0x000007c8,
    0x00000132,0x00000132,0x00000132,0x00050081,0x00000007,0x000007c9,0x000007c7,0x000007c8,
    0x0006000c,0x00000007,0x000007ca,0x00000001,0x00000008,0x000007c9,0x0004003d,0x00000006,
    0x000007cb,0x000007bf,0x00060050,0x00000007,0x000007cc,0x000007cb,0x000007cb,0x000007cb,
    0x00050088,0x00000007,0x000007cd,0x000007ca,0x000007cc,0x0003003e,0x00000045,0x000007cd,
    0x0004003d,0x00000007,0x000007ce,0x00000045,0x00060050,0x00000007,0x000007cf,0x0000011e,
    0x0000011e,0x0000011e,0x00060050,0x00000007,0x000007d0,0x000000d8,0x000000d8,0x000000d8,
    0x0008000c,0x00000007,0x000007d1,0x00000001,0x0000002b,0x000007ce,0x000007cf,0x000007d0,
    0x000200fe,0x000007d1,0x00010038,0x00050036,0x00000007,0x0000004a,0x00000000,0x00000027,
    0x00030037,0x00000008,0x00000048,0x00030037,0x00000026,0x00000049,0x000200f8,0x0000004b,
    0x0004003b,0x00000010,0x000007dc,0x00000007,0x0004003b,0x00000010,0x000007e3,0x00000007,
    0x0004003b,0x00000026,0x000007fd,0x00000007,0x0004003b,0x00000010,0x00000802,0x00000007,
    0x0004003b,0x00000010,0x00000806,0x00000007,0x0004003b,0x00000026,0x0000080c,0x00000007,
    0x00050041,0x0000019b,0x000007d5,0x00000193,0x000007d4,0x0004003d,0x0000005d,0x000007d6,
    0x000007d5,0x000500aa,0x000001c9,0x000007d7,0x000007d6,0x000000ec,0x000300f7,0x000007d9,
    0x00000000,0x000400fa,0x000007d7,0x000007d8,0x000007d9,0x000200f8,0x000007d8,0x0004003d,
    0x00000007,0x000007da,0x00000048,0x000200fe,0x000007da,0x000200f8,0x000007d9,0x00050041,
    0x00000010,0x000007dd,0x00000049,0x000000ef,0x0004003d,0x00000006,0x000007de,0x000007dd,
    0x00050041,0x0000019b,0x000007df,0x00000193,0x000002eb,0x0004003d,0x0000005d,0x000007e0,
    0x000007df,0x00040070,0x00000006,0x000007e1,0x000007e0,0x00050085,0x00000006,0x000007e2,
    0x000007de,0x000007e1,0x0003003e,0x000007dc,0x000007e2,0x0004003d,0x00000006,0x000007e4,
    0x000007dc,0x00050085,0x00000006,0x000007e6,0x000007e4,0x000007e5,0x00050041,0x00000195,
    0x000007e8,0x00000193,0x000007e7,0x0004003d,0x00000006,0x000007e9,0x000007e8,0x00050088,
    0x00000006,0x000007ea,0x000007e6,0x000007e9,0x0006000c,0x00000006,0x000007eb,0x00000001,
    0x0000000d,0x000007ea,0x0003003e,0x000007e3,0x000007eb,0x0004003d,0x00000006,0x000007ec,
    0x000007e3,0x0004003d,0x00000006,0x000007ed,0x000007e3,0x00050085,0x00000006,0x000007ee,
    0x000007ec,0x000007ed,0x0003003e,0x000007e3,0x000007ee,0x0004003d,0x00000006,0x000007ef,
    0x000007e3,0x00050041,0x00000195,0x000007f1,0x00000193,0x000007f0,0x0004003d,0x00000006,
    0x000007f2,0x000007f1,0x00050085,0x00000006,0x000007f3,0x000007ef,0x000007f2,0x00050083,
    0x00000006,0x000007f4,0x000000d8,0x000007f3,0x0004003d,0x00000007,0x000007f5,0x00000048,
    0x0005008e,0x00000007,0x000007f6,0x000007f5,0x000007f4,0x0003003e,0x00000048,0x000007f6,
    0x00050041,0x00000195,0x000007f8,0x00000193,0x000007f7,0x0004003d,0x00000006,0x000007f9,
    0x000007f8,0x000500ba,0x000001c9,0x000007fa,0x000007f9,0x0000011e,0x000300f7,0x000007fc,
    0x00000000,0x000400fa,0x000007fa,0x000007fb,0x000007fc,0x000200f8,0x000007fb,0x0004003d,
    0x00000025,0x000007fe,0x00000049,0x0005008e,0x00000025,0x000007ff,0x000007fe,0x00000175,
    0x00050050,0x00000025,0x00000800,0x000000d8,0x000000d8,0x00050083,0x00000025,0x00000801,
    0x000007ff,0x00000800,0x0003003e,0x000007fd,0x00000801,0x0004003d,0x00000025,0x00000803,
    0x000007fd,0x0004003d,0x00000025,0x00000804,0x000007fd,0x00050094,0x00000006,0x00000805,
    0x00000803,0x00000804,0x0003003e,0x00000802,0x00000805,0x0004003d,0x00000006,0x00000807,
    0x00000802,0x00050041,0x00000195,0x00000808,0x00000193,0x000007f7,0x0004003d,0x00000006,
    0x00000809,0x00000808,0x00050085,0x00000006,0x0000080a,0x00000807,0x00000809,0x00050081,
    0x00000006,0x0000080b,0x000000d8,0x0000080a,0x0003003e,0x00000806,0x0000080b,0x0004003d,
    0x00000025,0x0000080d,0x000007fd,0x0004003d,0x00000006,0x0000080e,0x00000806,0x0005008e,
    0x00000025,0x0000080f,0x0000080d,0x0000080e,0x0003003e,0x0000080c,0x0000080f,0x00050041,
    0x00000010,0x00000810,0x0000080c,0x000000ec,0x0004003d,0x00000006,0x00000811,0x00000810,
    0x0006000c,0x00000006,0x00000812,0x00000001,0x00000004,0x00000811,0x000500ba,0x000001c9,
    0x00000813,0x00000812,0x000000d8,0x000400a8,0x000001c9,0x00000814,0x00000813,0x000300f7,
    0x00000816,0x00000000,0x000400fa,0x00000814,0x00000815,0x00000816,0x000200f8,0x00000815,
    0x00050041,0x00000010,0x00000817,0x0000080c,0x000000ef,0x0004003d,0x00000006,0x00000818,
    0x00000817,0x0006000c,0x00000006,0x00000819,0x00000001,0x00000004,0x00000818,0x000500ba,
    0x000001c9,0x0000081a,0x00000819,0x000000d8,0x000200f9,0x00000816,0x000200f8,0x00000816,
    0x000700f5,0x000001c9,0x0000081b,0x00000813,0x000007fb,0x0000081a,0x00000815,0x000300f7,
    0x0000081d,0x00000000,0x000400fa,0x0000081b,0x0000081c,0x0000081d,0x000200f8,0x0000081c,
    0x0004003d,0x00000007,0x0000081e,0x00000048,0x0005008e,0x00000007,0x0000081f,0x0000081e,
    0x0000011e,0x0003003e,0x00000048,0x0000081f,0x000200f9,0x0000081d,0x000200f8,0x0000081d,
    0x000200f9,0x000007fc,0x000200f8,0x000007fc,0x0004003d,0x00000007,0x00000820,0x00000048,
    0x000200fe,0x00000820,0x00010038,0x00050036,0x00000007,0x0000004d,0x00000000,0x00000009,
    0x00030037,0x00000008,0x0000004c,0x000200f8,0x0000004e,0x0004003b,0x00000010,0x0000082b,
    0x00000007,0x0004003b,0x00000010,0x00000834,0x00000007,0x0004003b,0x00000010,0x0000083a,
    0x00000007,0x0004003b,0x00000010,0x0000083d,0x00000007,0x0004003b,0x00000010,0x00000843,
    0x00000007,0x0004003b,0x00000026,0x00000847,0x00000007,0x0004003b,0x00000026,0x0000085f,
    0x00000007,0x0004003b,0x00000008,0x00000877,0x00000007,0x0004003b,0x00000008,0x0000087d,
    0x00000007,0x0004003b,0x00000008,0x00000882,0x00000007,0x00050041,0x0000019b,0x00000824,
    0x00000193,0x00000823,0x0004003d,0x0000005d,0x00000825,0x00000824,0x000500aa,0x000001c9,
    0x00000826,0x00000825,0x000000ec,0x000300f7,0x00000828,0x00000000,0x000400fa,0x00000826,
    0x00000827,0x00000828,0x000200f8,0x00000827,0x0004003d,0x00000007,0x00000829,0x0000004c,
    0x000200fe,0x00000829,0x000200f8,0x00000828,0x00050041,0x0000019b,0x0000082d,0x00000193,
    0x0000082c,0x0004003d,0x0000005d,0x0000082e,0x0000082d,0x00040070,0x00000006,0x0000082f,
    0x0000082e,0x0003003e,0x0000082b,0x0000082f,0x0004003d,0x00000007,0x00000830,0x0000004c,
    0x00060050,0x00000007,0x00000831,0x0000011e,0x0000011e,0x0000011e,0x00060050,0x00000007,
    0x00000832,0x000000d8,0x000000d8,0x000000d8,0x0008000c,0x00000007,0x00000833,0x00000001,
    0x0000002b,0x00000830,0x00000831,0x00000832,0x0003003e,0x0000004c,0x00000833,0x00050041,
    0x00000010,0x00000835,0x0000004c,0x000000f3,0x0004003d,0x00000006,0x00000836,0x00000835,
    0x0004003d,0x00000006,0x00000837,0x0000082b,0x00050083,0x00000006,0x00000838,0x00000837,
    0x000000d8,0x00050085,0x00000006,0x00000839,0x00000836,0x00000838,0x0003003e,0x00000834,
    0x00000839,0x0004003d,0x00000006,0x0000083b,0x00000834,0x0006000c,0x00000006,0x0000083c,
    0x00000001,0x00000008,0x0000083b,0x0003003e,0x0000083a,0x0000083c,0x0004003d,0x00000006,
    0x0000083e,0x0000083a,0x00050081,0x00000006,0x0000083f,0x0000083e,0x000000d8,0x0004003d,
    0x00000006,0x00000840,0x0000082b,0x00050083,0x00000006,0x00000841,0x00000840,0x000000d8,
    0x0007000c,0x00000006,0x00000842,0x00000001,0x00000025,0x0000083f,0x00000841,0x0003003e,
    0x0000083d,0x00000842,0x0004003d,0x00000006,0x00000844,0x00000834,0x0004003d,0x00000006,
    0x00000845,0x0000083a,0x00050083,0x00000006,0x00000846,0x00000844,0x00000845,0x0003003e,
    0x00000843,0x00000846,0x0004003d,0x00000006,0x00000848,0x0000083a,0x00050041,0x00000010,
    0x00000849,0x0000004c,0x000000ec,0x0004003d,0x00000006,0x0000084a,0x00000849,0x0004003d,
    0x00000006,0x0000084b,0x0000082b,0x00050083,0x00000006,0x0000084c,0x0000084b,0x000000d8,
    0x00050085,0x00000006,0x0000084d,0x0000084a,0x0000084c,0x0004003d,0x00000006,0x0000084e,
    0x0000082b,0x00050088,0x00000006,0x0000084f,0x0000084d,0x0000084e,0x00050081,0x00000006,
    0x00000850,0x00000848,0x0000084f,0x0004003d,0x00000006,0x00000851,0x0000082b,0x00050088,
    0x00000006,0x00000852,0x00000132,0x00000851,0x00050081,0x00000006,0x00000853,0x00000850,
    0x00000852,0x0004003d,0x00000006,0x00000854,0x0000082b,0x00050088,0x00000006,0x00000855,
    0x00000853,0x00000854,0x00050041,0x00000010,0x00000856,0x0000004c,0x000000ef,0x0004003d,
    0x00000006,0x00000857,0x00000856,0x0004003d,0x00000006,0x00000858,0x0000082b,0x00050083,
    0x00000006,0x00000859,0x00000858,0x000000d8,0x00050085,0x00000006,0x0000085a,0x00000857,
    0x00000859,0x00050081,0x00000006,0x0000085b,0x0000085a,0x00000132,0x0004003d,0x00000006,
    0x0000085c,0x0000082b,0x00050088,0x00000006,0x0000085d,0x0000085b,0x0000085c,0x00050050,
    0x00000025,0x0000085e,0x00000855,0x0000085d,0x0003003e,0x00000847,0x0000085e,0x0004003d,
    0x00000006,0x00000860,0x0000083d,0x00050041,0x00000010,0x00000861,0x0000004c,0x000000ec,
    0x0004003d,0x00000006,0x00000862,0x00000861,0x0004003d,0x00000006,0x00000863,0x0000082b,
    0x00050083,0x00000006,0x00000864,0x00000863,0x000000d8,0x00050085,0x00000006,0x00000865,
    0x00000862,0x00000864,0x0004003d,0x00000006,0x00000866,0x0000082b,0x00050088,0x00000006,
    0x00000867,0x00000865,0x00000866,0x00050081,0x00000006,0x00000868,0x00000860,0x00000867,
    0x0004003d,0x00000006,0x00000869,0x0000082b,0x00050088,0x00000006,0x0000086a,0x00000132,
    0x00000869,0x00050081,0x00000006,0x0000086b,0x00000868,0x0000086a,0x0004003d,0x00000006,
    0x0000086c,0x0000082b,0x00050088,0x00000006,0x0000086d,0x0000086b,0x0000086c,0x00050041,
    0x00000010,0x0000086e,0x0000004c,0x000000ef,0x0004003d,0x00000006,0x0000086f,0x0000086e,
    0x0004003d,0x00000006,0x00000870,0x0000082b,0x00050083,0x00000006,0x00000871,0x00000870,
    0x000000d8,0x00050085,0x00000006,0x00000872,0x0000086f,0x00000871,0x00050081,0x00000006,
    0x00000873,0x00000872,0x00000132,0x0004003d,0x00000006,0x00000874,0x0000082b,0x00050088,
    0x00000006,0x00000875,0x00000873,0x00000874,0x00050050,0x00000025,0x00000876,0x0000086d,
    0x00000875,0x0003003e,0x0000085f,0x00000876,0x0004003d,0x000002de,0x00000879,0x00000878,
    0x0004003d,0x00000025,0x0000087a,0x00000847,0x00050057,0x00000190,0x0000087b,0x00000879,
    0x0000087a,0x0008004f,0x00000007,0x0000087c,0x0000087b,0x0000087b,0x00000000,0x00000001,
    0x00000002,0x0003003e,0x00000877,0x0000087c,0x0004003d,0x000002de,0x0000087e,0x00000878,
    0x0004003d,0x00000025,0x0000087f,0x0000085f,0x00050057,0x00000190,0x00000880,0x0000087e,
    0x0000087f,0x0008004f,0x00000007,0x00000881,0x00000880,0x00000880,0x00000000,0x00000001,
    0x00000002,0x0003003e,0x0000087d,0x00000881,0x0004003d,0x00000007,0x00000883,0x00000877,
    0x0004003d,0x00000007,0x00000884,0x0000087d,0x0004003d,0x00000006,0x00000885,0x00000843,
    0x00060050,0x00000007,0x00000886,0x00000885,0x00000885,0x00000885,0x0008000c,0x00000007,
    0x00000887,0x00000001,0x0000002e,0x00000883,0x00000884,0x00000886,0x0003003e,0x00000882,
    0x00000887,0x0004003d,0x00000007,0x00000888,0x0000004c,0x0004003d,0x00000007,0x00000889,
    0x00000882,0x00050041,0x00000195,0x0000088b,0x00000193,0x0000088a,0x0004003d,0x00000006,
    0x0000088c,0x0000088b,0x00060050,0x00000007,0x0000088d,0x0000088c,0x0000088c,0x0000088c,
    0x0008000c,0x00000007,0x0000088e,0x00000001,0x0000002e,0x00000888,0x00000889,0x0000088d,
    0x000200fe,0x0000088e,0x00010038,0x00050036,0x00000007,0x00000051,0x00000000,0x00000027,
    0x00030037,0x00000008,0x0000004f,0x00030037,0x00000026,0x00000050,0x000200f8,0x00000052,
    0x0004003b,0x00000026,0x00000899,0x00000007,0x0004003b,0x00000010,0x000008a3,0x00000007,
    0x0004003b,0x00000008,0x000008a8,0x00000007,0x0004003b,0x00000062,0x000008a9,0x00000007,
    0x0004003b,0x00000062,0x000008b0,0x00000007,0x0004003b,0x00000062,0x000008bd,0x00000007,
    0x0004003b,0x00000062,0x000008d6,0x00000007,0x0004003b,0x00000477,0x000008db,0x00000007,
    0x0004003b,0x00000062,0x000008e1,0x00000007,0x0004003b,0x00000062,0x000008e4,0x00000007,
    0x0004003b,0x00000062,0x000008f9,0x00000007,0x0004003b,0x00000477,0x000008fe,0x00000007,
    0x0004003b,0x00000026,0x0000091b,0x00000007,0x0004003b,0x00000010,0x00000925,0x00000007,
    0x0004003b,0x00000010,0x00000929,0x00000007,0x0004003b,0x00000062,0x0000092e,0x00000007,
    0x0004003b,0x00000008,0x00000934,0x00000007,0x0004003b,0x00000010,0x00000936,0x00000007,
    0x0004003b,0x00000062,0x00000937,0x00000007,0x0004003b,0x00000062,0x00000942,0x00000007,
    0x0004003b,0x00000026,0x0000094d,0x00000007,0x0004003b,0x00000010,0x00000957,0x00000007,
    0x0004003b,0x00000010,0x0000095e,0x00000007,0x0004003b,0x00000008,0x0000097e,0x00000007,
    0x00050041,0x0000019b,0x00000892,0x00000193,0x00000891,0x0004003d,0x0000005d,0x00000893,
    0x00000892,0x000500aa,0x000001c9,0x00000894,0x00000893,0x000000ec,0x000300f7,0x00000896,
    0x00000000,0x000400fa,0x00000894,0x00000895,0x00000896,0x000200f8,0x00000895,0x0004003d,
    0x00000007,0x00000897,0x0000004f,0x000200fe,0x00000897,0x000200f8,0x00000896,0x0004003d,
    0x00000025,0x0000089a,0x00000050,0x00050041,0x0000019b,0x0000089b,0x00000193,0x000002e7,
    0x0004003d,0x0000005d,0x0000089c,0x0000089b,0x00040070,0x00000006,0x0000089d,0x0000089c,
    0x00050041,0x0000019b,0x0000089e,0x00000193,0x000002eb,0x0004003d,0x0000005d,0x0000089f,
    0x0000089e,0x00040070,0x00000006,0x000008a0,0x0000089f,0x00050050,0x00000025,0x000008a1,
    0x0000089d,0x000008a0,0x00050085,0x00000025,0x000008a2,0x0000089a,0x000008a1,0x0003003e,
    0x00000899,0x000008a2,0x00050041,0x00000195,0x000008a5,0x00000193,0x000008a4,0x0004003d,
    0x00000006,0x000008a6,0x000008a5,0x0007000c,0x00000006,0x000008a7,0x00000001,0x00000028,
    0x000008a6,0x00000132,0x0003003e,0x000008a3,0x000008a7,0x0003003e,0x000008a8,0x000000e6,
    0x00050041,0x00000010,0x000008aa,0x00000899,0x000000ec,0x0004003d,0x00000006,0x000008ab,
    0x000008aa,0x0004003d,0x00000006,0x000008ac,0x000008a3,0x00050088,0x00000006,0x000008ad,
    0x000008ab,0x000008ac,0x0006000c,0x00000006,0x000008ae,0x00000001,0x00000008,0x000008ad,
    0x0004006e,0x00000061,0x000008af,0x000008ae,0x0003003e,0x000008a9,0x000008af,0x00050041,
    0x00000010,0x000008b1,0x00000899,0x000000ef,0x0004003d,0x00000006,0x000008b2,0x000008b1,
    0x0004003d,0x00000006,0x000008b3,0x000008a3,0x00050088,0x00000006,0x000008b4,0x000008b2,
    0x000008b3,0x0006000c,0x00000006,0x000008b5,0x00000001,0x00000008,0x000008b4,0x0004006e,
    0x00000061,0x000008b6,0x000008b5,0x0003003e,0x000008b0,0x000008b6,0x00050041,0x0000019b,
    0x000008b8,0x00000193,0x000008b7,0x0004003d,0x0000005d,0x000008b9,0x000008b8,0x000500aa,
    0x000001c9,0x000008ba,0x000008b9,0x000000ec,0x000300f7,0x000008bc,0x00000000,0x000400fa,
    0x000008ba,0x000008bb,0x000008d0,0x000200f8,0x000008bb,0x0004003d,0x00000061,0x000008be,
    0x000008a9,0x0004006f,0x00000006,0x000008bf,0x000008be,0x0005008d,0x00000006,0x000008c0,
    0x000008bf,0x00000174,0x0004006e,0x00000061,0x000008c1,0x000008c0,0x0003003e,0x000008bd,
    0x000008c1,0x0004003d,0x00000061,0x000008c2,0x000008bd,0x000500aa,0x000001c9,0x000008c3,
    0x000008c2,0x0000019a,0x000300f7,0x000008c5,0x00000000,0x000400fa,0x000008c3,0x000008c4,
    0x000008c8,0x000200f8,0x000008c4,0x0003003e,0x000008a8,0x000008c7,0x000200f9,0x000008c5,
    0x000200f8,0x000008c8,0x0004003d,0x00000061,0x000008c9,0x000008bd,0x000500aa,0x000001c9,
    0x000008ca,0x000008c9,0x00000194,0x000300f7,0x000008cc,0x00000000,0x000400fa,0x000008ca,
    0x000008cb,0x000008ce,0x000200f8,0x000008cb,0x0003003e,0x000008a8,0x000008cd,0x000200f9,
    0x000008cc,0x000200f8,0x000008ce,0x0003003e,0x000008a8,0x000008cf,0x000200f9,0x000008cc,
    0x000200f8,0x000008cc,0x000200f9,0x000008c5,0x000200f8,0x000008c5,0x000200f9,0x000008bc,
    0x000200f8,0x000008d0,0x00050041,0x0000019b,0x000008d1,0x00000193,0x000008b7,0x0004003d,
    0x0000005d,0x000008d2,0x000008d1,0x000500aa,0x000001c9,0x000008d3,0x000008d2,0x000000ef,
    0x000300f7,0x000008d5,0x00000000,0x000400fa,0x000008d3,0x000008d4,0x000008f8,0x000200f8,
    0x000008d4,0x0004003d,0x00000061,0x000008d7,0x000008a9,0x0004006f,0x00000006,0x000008d8,
    0x000008d7,0x0005008d,0x00000006,0x000008d9,0x000008d8,0x00000174,0x0004006e,0x00000061,
    0x000008da,0x000008d9,0x0003003e,0x000008d6,0x000008da,0x0004003d,0x00000061,0x000008dc,
    0x000008b0,0x0004006f,0x00000006,0x000008dd,0x000008dc,0x0005008d,0x00000006,0x000008de,
    0x000008dd,0x00000175,0x0004006e,0x00000061,0x000008df,0x000008de,0x000500aa,0x000001c9,
    0x000008e0,0x000008df,0x00000194,0x0003003e,0x000008db,0x000008e0,0x0004003d,0x000001c9,
    0x000008e2,0x000008db,0x000600a9,0x00000061,0x000008e3,0x000008e2,0x00000194,0x0000019a,
    0x0003003e,0x000008e1,0x000008e3,0x0004003d,0x00000061,0x000008e5,0x000008d6,0x0004003d,
    0x00000061,0x000008e6,0x000008e1,0x00050080,0x00000061,0x000008e7,0x000008e5,0x000008e6,
    0x0004006f,0x00000006,0x000008e8,0x000008e7,0x0005008d,0x00000006,0x000008e9,0x000008e8,
    0x00000174,0x0004006e,0x00000061,0x000008ea,0x000008e9,0x0003003e,0x000008e4,0x000008ea,
    0x0004003d,0x00000061,0x000008eb,0x000008e4,0x000500aa,0x000001c9,0x000008ec,0x000008eb,
    0x0000019a,0x000300f7,0x000008ee,0x00000000,0x000400fa,0x000008ec,0x000008ed,0x000008f0,
    0x000200f8,0x000008ed,0x0003003e,0x000008a8,0x000008ef,0x000200f9,0x000008ee,0x000200f8,
    0x000008f0,0x0004003d,0x00000061,0x000008f1,0x000008e4,0x000500aa,0x000001c9,0x000008f2,
    0x000008f1,0x00000194,0x000300f7,0x000008f4,0x00000000,0x000400fa,0x000008f2,0x000008f3,
    0x000008f6,0x000200f8,0x000008f3,0x0003003e,0x000008a8,0x000008f5,0x000200f9,0x000008f4,
    0x000200f8,0x000008f6,0x0003003e,0x000008a8,0x000008f7,0x000200f9,0x000008f4,0x000200f8,
    0x000008f4,0x000200f9,0x000008ee,0x000200f8,0x000008ee,0x000200f9,0x000008d5,0x000200f8,
    0x000008f8,0x0004003d,0x00000061,0x000008fa,0x000008a9,0x0004006f,0x00000006,0x000008fb,
    0x000008fa,0x0005008d,0x00000006,0x000008fc,0x000008fb,0x00000174,0x0004006e,0x00000061,
    0x000008fd,0x000008fc,0x0003003e,0x000008f9,0x000008fd,0x0004003d,0x00000061,0x000008ff,
    0x000008b0,0x0004006f,0x00000006,0x00000900,0x000008ff,0x0005008d,0x00000006,0x00000901,
    0x00000900,0x00000544,0x0004006e,0x00000061,0x00000902,0x00000901,0x000500b1,0x000001c9,
    0x00000903,0x00000902,0x0000072f,0x0003003e,0x000008fe,0x00000903,0x0004003d,0x000001c9,
    0x00000904,0x000008fe,0x000400a8,0x000001c9,0x00000905,0x00000904,0x000300f7,0x00000907,
    0x00000000,0x000400fa,0x00000905,0x00000906,0x00000907,0x000200f8,0x00000906,0x0004003d,
    0x00000061,0x00000908,0x000008f9,0x00050080,0x00000061,0x00000909,0x00000908,0x00000194,
    0x0004006f,0x00000006,0x0000090a,0x00000909,0x0005008d,0x00000006,0x0000090b,0x0000090a,
    0x00000174,0x0004006e,0x00000061,0x0000090c,0x0000090b,0x0003003e,0x000008f9,0x0000090c,
    0x000200f9,0x00000907,0x000200f8,0x00000907,0x0004003d,0x00000061,0x0000090d,0x000008f9,
    0x000500aa,0x000001c9,0x0000090e,0x0000090d,0x0000019a,0x000300f7,0x00000910,0x00000000,
    0x000400fa,0x0000090e,0x0000090f,0x00000913,0x000200f8,0x0000090f,0x0003003e,0x000008a8,
    0x00000912,0x000200f9,0x00000910,0x000200f8,0x00000913,0x0004003d,0x00000061,0x00000914,
    0x000008f9,0x000500aa,0x000001c9,0x00000915,0x00000914,0x00000194,0x000300f7,0x00000917,
    0x00000000,0x000400fa,0x00000915,0x00000916,0x00000919,0x000200f8,0x00000916,0x0003003e,
    0x000008a8,0x00000918,0x000200f9,0x00000917,0x000200f8,0x00000919,0x0003003e,0x000008a8,
    0x0000091a,0x000200f9,0x00000917,0x000200f8,0x00000917,0x000200f9,0x00000910,0x000200f8,
    0x00000910,0x000200f9,0x000008d5,0x000200f8,0x000008d5,0x000200f9,0x000008bc,0x000200f8,
    0x000008bc,0x00050041,0x0000019b,0x0000091c,0x00000193,0x000002e7,0x0004003d,0x0000005d,
    0x0000091d,0x0000091c,0x00040070,0x00000006,0x0000091e,0x0000091d,0x00050041,0x0000019b,
    0x0000091f,0x00000193,0x000002eb,0x0004003d,0x0000005d,0x00000920,0x0000091f,0x00040070,
    0x00000006,0x00000921,0x00000920,0x00050050,0x00000025,0x00000922,0x0000091e,0x00000921,
    0x00050050,0x00000025,0x00000923,0x000000d8,0x000000d8,0x00050088,0x00000025,0x00000924,
    0x00000923,0x00000922,0x0003003e,0x0000091b,0x00000924,0x00050041,0x00000195,0x00000927,
    0x00000193,0x00000926,0x0004003d,0x00000006,0x00000928,0x00000927,0x0003003e,0x00000925,
    0x00000928,0x00050041,0x00000195,0x0000092b,0x00000193,0x0000092a,0x0004003d,0x00000006,
    0x0000092c,0x0000092b,0x0007000c,0x00000006,0x0000092d,0x00000001,0x00000028,0x0000092c,
    0x000008c6,0x0003003e,0x00000929,0x0000092d,0x0004003d,0x00000006,0x0000092f,0x00000929,
    0x00050085,0x00000006,0x00000930,0x0000092f,0x00000174,0x0006000c,0x00000006,0x00000931,
    0x00000001,0x00000009,0x00000930,0x0004006e,0x00000061,0x00000932,0x00000931,0x0007000c,
    0x00000061,0x00000933,0x00000001,0x00000027,0x00000932,0x000001a9,0x0003003e,0x0000092e,
    0x00000933,0x0003003e,0x00000934,0x00000935,0x0003003e,0x00000936,0x0000011e,0x0004003d,
    0x00000061,0x00000938,0x0000092e,0x0004007e,0x00000061,0x00000939,0x00000938,0x0003003e,
    0x00000937,0x00000939,0x000200f9,0x0000093a,0x000200f8,0x0000093a,0x000400f6,0x0000093c,
    0x0000093d,0x00000000,0x000200f9,0x0000093e,0x000200f8,0x0000093e,0x0004003d,0x00000061,
    0x0000093f,0x00000937,0x0004003d,0x00000061,0x00000940,0x0000092e,0x000500b3,0x000001c9,
    0x00000941,0x0000093f,0x00000940,0x000400fa,0x00000941,0x0000093b,0x0000093c,0x000200f8,
    0x0000093b,0x0004003d,0x00000061,0x00000943,0x0000092e,0x0004007e,0x00000061,0x00000944,
    0x00000943,0x0003003e,0x00000942,0x00000944,0x000200f9,0x00000945,0x000200f8,0x00000945,
    0x000400f6,0x00000947,0x00000948,0x00000000,0x000200f9,0x00000949,0x000200f8,0x00000949,
    0x0004003d,0x00000061,0x0000094a,0x00000942,0x0004003d,0x00000061,0x0000094b,0x0000092e,
    0x000500b3,0x000001c9,0x0000094c,0x0000094a,0x0000094b,0x000400fa,0x0000094c,0x00000946,
    0x00000947,0x000200f8,0x00000946,0x0004003d,0x00000061,0x0000094e,0x00000942,0x0004006f,
    0x00000006,0x0000094f,0x0000094e,0x0004003d,0x00000061,0x00000950,0x00000937,0x0004006f,
    0x00000006,0x00000951,0x00000950,0x00050050,0x00000025,0x00000952,0x0000094f,0x00000951,
    0x0004003d,0x00000025,0x00000953,0x0000091b,0x00050085,0x00000025,0x00000954,0x00000952,
    0x00000953,0x0004003d,0x00000006,0x00000955,0x00000925,0x0005008e,0x00000025,0x00000956,
    0x00000954,0x00000955,0x0003003e,0x0000094d,0x00000956,0x0004003d,0x00000061,0x00000958,
    0x00000942,0x0004006f,0x00000006,0x00000959,0x00000958,0x0004003d,0x00000061,0x0000095a,
    0x00000937,0x0004006f,0x00000006,0x0000095b,0x0000095a,0x00050050,0x00000025,0x0000095c,
    0x00000959,0x0000095b,0x0006000c,0x00000006,0x0000095d,0x00000001,0x00000042,0x0000095c,
    0x0003003e,0x00000957,0x0000095d,0x0004003d,0x00000006,0x0000095f,0x00000957,0x0004007f,
    0x00000006,0x00000960,0x0000095f,0x0004003d,0x00000006,0x00000961,0x00000957,0x00050085,
    0x00000006,0x00000962,0x00000960,0x00000961,0x0004003d,0x00000006,0x00000963,0x00000929,
    0x00050085,0x00000006,0x00000964,0x00000175,0x00000963,0x0004003d,0x00000006,0x00000965,
    0x00000929,0x00050085,0x00000006,0x00000966,0x00000964,0x00000965,0x00050088,0x00000006,
    0x00000967,0x00000962,0x00000966,0x0006000c,0x00000006,0x00000968,0x00000001,0x0000001b,
    0x00000967,0x0003003e,0x0000095e,0x00000968,0x0004003d,0x000002de,0x00000969,0x000002e0,
    0x0004003d,0x00000025,0x0000096a,0x00000050,0x0004003d,0x00000025,0x0000096b,0x0000094d,
    0x00050081,0x00000025,0x0000096c,0x0000096a,0x0000096b,0x00050057,0x00000190,0x0000096d,
    0x00000969,0x0000096c,0x0008004f,0x00000007,0x0000096e,0x0000096d,0x0000096d,0x00000000,
    0x00000001,0x00000002,0x0004003d,0x00000006,0x0000096f,0x0000095e,0x0005008e,0x00000007,
    0x00000970,0x0000096e,0x0000096f,0x0004003d,0x00000007,0x00000971,0x00000934,0x00050081,
    0x00000007,0x00000972,0x00000971,0x00000970,0x0003003e,0x00000934,0x00000972,0x0004003d,
    0x00000006,0x00000973,0x0000095e,0x0004003d,0x00000006,0x00000974,0x00000936,0x00050081,
    0x00000006,0x00000975,0x00000974,0x00000973,0x0003003e,0x00000936,0x00000975,0x000200f9,
    0x00000948,0x000200f8,0x00000948,0x0004003d,0x00000061,0x00000976,0x00000942,0x00050080,
    0x00000061,0x00000977,0x00000976,0x00000194,0x0003003e,0x00000942,0x00000977,0x000200f9,
    0x00000945,0x000200f8,0x00000947,0x000200f9,0x0000093d,0x000200f8,0x0000093d,0x0004003d,
    0x00000061,0x00000978,0x00000937,0x00050080,0x00000061,0x00000979,0x00000978,0x00000194,
    0x0003003e,0x00000937,0x00000979,0x000200f9,0x0000093a,0x000200f8,0x0000093c,0x0004003d,
    0x00000006,0x0000097a,0x00000936,0x0004003d,0x00000007,0x0000097b,0x00000934,0x00060050,
    0x00000007,0x0000097c,0x0000097a,0x0000097a,0x0000097a,0x00050088,0x00000007,0x0000097d,
    0x0000097b,0x0000097c,0x0003003e,0x00000934,0x0000097d,0x0004003d,0x00000007,0x0000097f,
    0x0000004f,0x0004003d,0x00000007,0x00000980,0x000008a8,0x00050085,0x00000007,0x00000981,
    0x0000097f,0x00000980,0x0003003e,0x0000097e,0x00000981,0x0004003d,0x00000007,0x00000982,
    0x0000097e,0x0004003d,0x00000007,0x00000983,0x00000934,0x00050041,0x00000195,0x00000985,
    0x00000193,0x00000984,0x0004003d,0x00000006,0x00000986,0x00000985,0x00060050,0x00000007,
    0x00000987,0x00000986,0x00000986,0x00000986,0x0008000c,0x00000007,0x00000988,0x00000001,
    0x0000002e,0x00000982,0x00000983,0x00000987,0x000200fe,0x00000988,0x00010038,0x00050036,
    0x00000007,0x00000054,0x00000000,0x00000036,0x00030037,0x00000026,0x00000053,0x000200f8,
    0x00000055,0x0004003b,0x00000026,0x00000996,0x00000007,0x0004003b,0x00000010,0x00000998,
    0x00000007,0x0004003b,0x00000010,0x000009a1,0x00000007,0x0004003b,0x00000010,0x000009bb,
    0x00000007,0x0004003b,0x00000010,0x000009e7,0x00000007,0x0004003b,0x00000010,0x000009eb,
    0x00000007,0x0004003b,0x00000010,0x000009f6,0x00000007,0x0004003b,0x00000010,0x000009fb,
    0x00000007,0x0004003b,0x00000008,0x00000a06,0x00000007,0x0004003b,0x00000010,0x00000a0b,
    0x00000007,0x0004003b,0x00000010,0x00000a1d,0x00000007,0x0004003b,0x00000062,0x00000a3a,
    0x00000007,0x0004003b,0x00000062,0x00000a3f,0x00000007,0x0004003b,0x00000010,0x00000a57,
    0x00000007,0x0004003b,0x00000010,0x00000a5d,0x00000007,0x0004003b,0x00000010,0x00000a69,
    0x00000007,0x0004003b,0x00000010,0x00000a76,0x00000007,0x0004003b,0x00000010,0x00000a7f,
    0x00000007,0x00050041,0x0000019b,0x0000098c,0x00000193,0x0000098b,0x0004003d,0x0000005d,
    0x0000098d,0x0000098c,0x000500aa,0x000001c9,0x0000098e,0x0000098d,0x000000ec,0x000300f7,
    0x00000990,0x00000000,0x000400fa,0x0000098e,0x0000098f,0x00000990,0x000200f8,0x0000098f,
    0x0004003d,0x000002de,0x00000991,0x000002e0,0x0004003d,0x00000025,0x00000992,0x00000053,
    0x00050057,0x00000190,0x00000993,0x00000991,0x00000992,0x0008004f,0x00000007,0x00000994,
    0x00000993,0x00000993,0x00000000,0x00000001,0x00000002,0x000200fe,0x00000994,0x000200f8,
    0x00000990,0x0004003d,0x00000025,0x00000997,0x00000053,0x0003003e,0x00000996,0x00000997,
    0x00050041,0x00000195,0x00000999,0x00000193,0x000002bb,0x0004003d,0x00000006,0x0000099a,
    0x00000999,0x0003003e,0x00000998,0x0000099a,0x00050041,0x0000019b,0x0000099c,0x00000193,
    0x0000099b,0x0004003d,0x0000005d,0x0000099d,0x0000099c,0x000500ab,0x000001c9,0x0000099e,
    0x0000099d,0x000000ec,0x000300f7,0x000009a0,0x00000000,0x000400fa,0x0000099e,0x0000099f,
    0x000009a0,0x000200f8,0x0000099f,0x0004003d,0x00000006,0x000009a2,0x00000998,0x00050085,
    0x00000006,0x000009a4,0x000009a2,0x000009a3,0x00050081,0x00000006,0x000009a5,0x000009a4,
    0x00000132,0x0006000c,0x00000006,0x000009a6,0x00000001,0x0000000a,0x000009a5,0x0003003e,
    0x000009a1,0x000009a6,0x00050041,0x00000010,0x000009a7,0x00000053,0x000000ef,0x0004003d,
    0x00000006,0x000009a8,0x000009a7,0x0004003d,0x00000006,0x000009a9,0x000009a1,0x000500b8,
    0x000001c9,0x000009aa,0x000009a8,0x000009a9,0x000300f7,0x000009ac,0x00000000,0x000400fa,
    0x000009aa,0x000009ab,0x000009ac,0x000200f8,0x000009ab,0x00050041,0x00000195,0x000009ae,
    0x00000193,0x000009ad,0x0004003d,0x00000006,0x000009af,0x000009ae,0x0004003d,0x00000006,
    0x000009b0,0x00000998,0x00050085,0x00000006,0x000009b2,0x000009b0,0x000009b1,0x0006000c,
    0x00000006,0x000009b3,0x00000001,0x0000000d,0x000009b2,0x00050085,0x00000006,0x000009b4,
    0x000009af,0x000009b3,0x00050085,0x00000006,0x000009b6,0x000009b4,0x000009b5,0x00050041,
    0x00000010,0x000009b7,0x00000053,0x000000ec,0x0004003d,0x00000006,0x000009b8,0x000009b7,
    0x00050081,0x00000006,0x000009b9,0x000009b8,0x000009b6,0x00050041,0x00000010,0x000009ba,
    0x00000053,0x000000ec,0x0003003e,0x000009ba,0x000009b9,0x000200f9,0x000009ac,0x000200f8,
    0x000009ac,0x000200f9,0x000009a0,0x000200f8,0x000009a0,0x00050041,0x00000010,0x000009bc,
    0x00000053,0x000000ef,0x0004003d,0x00000006,0x000009bd,0x000009bc,0x00050085,0x00000006,
    0x000009be,0x000009bd,0x00000780,0x0004003d,0x00000006,0x000009bf,0x00000998,0x00050041,
    0x00000195,0x000009c1,0x00000193,0x000009c0,0x0004003d,0x00000006,0x000009c2,0x000009c1,
    0x00050085,0x00000006,0x000009c3,0x000009bf,0x000009c2,0x00050085,0x00000006,0x000009c4,
    0x000009c3,0x00000758,0x00050083,0x00000006,0x000009c5,0x000009be,0x000009c4,0x0006000c,
    0x00000006,0x000009c6,0x00000001,0x0000000d,0x000009c5,0x0003003e,0x000009bb,0x000009c6,
    0x0004003d,0x00000006,0x000009c8,0x000009bb,0x0008000c,0x00000006,0x000009c9,0x00000001,
    0x00000031,0x000009c7,0x000000d8,0x000009c8,0x0003003e,0x000009bb,0x000009c9,0x0004003d,
    0x00000006,0x000009ca,0x000009bb,0x00050041,0x00000195,0x000009cc,0x00000193,0x000009cb,
    0x0004003d,0x00000006,0x000009cd,0x000009cc,0x00050085,0x00000006,0x000009ce,0x000009ca,
    0x000009cd,0x00050085,0x00000006,0x000009cf,0x000009ce,0x000009b5,0x00050041,0x00000010,
    0x000009d0,0x00000053,0x000000ec,0x0004003d,0x00000006,0x000009d1,0x000009d0,0x00050081,
    0x00000006,0x000009d2,0x000009d1,0x000009cf,0x00050041,0x00000010,0x000009d3,0x00000053,
    0x000000ec,0x0003003e,0x000009d3,0x000009d2,0x00050041,0x00000010,0x000009d4,0x00000053,
    0x000000ef,0x0004003d,0x00000006,0x000009d5,0x000009d4,0x00050085,0x00000006,0x000009d6,
    0x000009d5,0x00000775,0x0004003d,0x00000006,0x000009d7,0x00000998,0x00050041,0x00000195,
    0x000009d9,0x00000193,0x000009d8,0x0004003d,0x00000006,0x000009da,0x000009d9,0x00050085,
    0x00000006,0x000009db,0x000009d7,0x000009da,0x00050085,0x00000006,0x000009dc,0x000009db,
    0x00000166,0x00050081,0x00000006,0x000009dd,0x000009d6,0x000009dc,0x0006000c,0x00000006,
    0x000009de,0x00000001,0x0000000d,0x000009dd,0x00050041,0x00000195,0x000009e0,0x00000193,
    0x000009df,0x0004003d,0x00000006,0x000009e1,0x000009e0,0x00050085,0x00000006,0x000009e2,
    0x000009de,0x000009e1,0x00050041,0x00000010,0x000009e3,0x00000053,0x000000ec,0x0004003d,
    0x00000006,0x000009e4,0x000009e3,0x00050081,0x00000006,0x000009e5,0x000009e4,0x000009e2,
    0x00050041,0x00000010,0x000009e6,0x00000053,0x000000ec,0x0003003e,0x000009e6,0x000009e5,
    0x00050041,0x00000195,0x000009e9,0x00000193,0x000009e8,0x0004003d,0x00000006,0x000009ea,
    0x000009e9,0x0003003e,0x000009e7,0x000009ea,0x0004003d,0x000002de,0x000009ec,0x000002e0,
    0x00050041,0x00000010,0x000009ed,0x00000053,0x000000ec,0x0004003d,0x00000006,0x000009ee,
    0x000009ed,0x0004003d,0x00000006,0x000009ef,0x000009e7,0x00050081,0x00000006,0x000009f0,
    0x000009ee,0x000009ef,0x00050041,0x00000010,0x000009f1,0x00000053,0x000000ef,0x0004003d,
    0x00000006,0x000009f2,0x000009f1,0x00050050,0x00000025,0x000009f3,0x000009f0,0x000009f2,
    0x00050057,0x00000190,0x000009f4,0x000009ec,0x000009f3,0x00050051,0x00000006,0x000009f5,
    0x000009f4,0x00000000,0x0003003e,0x000009eb,0x000009f5,0x0004003d,0x000002de,0x000009f7,
    0x000002e0,0x0004003d,0x00000025,0x000009f8,0x00000053,0x00050057,0x00000190,0x000009f9,
    0x000009f7,0x000009f8,0x00050051,0x00000006,0x000009fa,0x000009f9,0x00000001,0x0003003e,
    0x000009f6,0x000009fa,0x0004003d,0x000002de,0x000009fc,0x000002e0,0x00050041,0x00000010,
    0x000009fd,0x00000053,0x000000ec,0x0004003d,0x00000006,0x000009fe,0x000009fd,0x0004003d,
    0x00000006,0x000009ff,0x000009e7,0x00050083,0x00000006,0x00000a00,0x000009fe,0x000009ff,
    0x00050041,0x00000010,0x00000a01,0x00000053,0x000000ef,0x0004003d,0x00000006,0x00000a02,
    0x00000a01,0x00050050,0x00000025,0x00000a03,0x00000a00,0x00000a02,0x00050057,0x00000190,
    0x00000a04,0x000009fc,0x00000a03,0x00050051,0x00000006,0x00000a05,0x00000a04,0x00000002,
    0x0003003e,0x000009fb,0x00000a05,0x0004003d,0x00000006,0x00000a07,0x000009eb,0x0004003d,
    0x00000006,0x00000a08,0x000009f6,0x0004003d,0x00000006,0x00000a09,0x000009fb,0x00060050,
    0x00000007,0x00000a0a,0x00000a07,0x00000a08,0x00000a09,0x0003003e,0x00000a06,0x00000a0a,
    0x00050041,0x00000010,0x00000a0c,0x00000996,0x000000ef,0x0004003d,0x00000006,0x00000a0d,
    0x00000a0c,0x00050085,0x00000006,0x00000a0f,0x00000a0d,0x00000a0e,0x0004003d,0x00000006,
    0x00000a10,0x00000998,0x00050050,0x00000025,0x00000a11,0x00000a0f,0x00000a10,0x00050094,
    0x00000006,0x00000a12,0x00000a11,0x000002c3,0x0006000c,0x00000006,0x00000a13,0x00000001,
    0x0000000d,0x00000a12,0x00050085,0x00000006,0x00000a14,0x00000a13,0x000002c6,0x0006000c,
    0x00000006,0x00000a15,0x00000001,0x0000000a,0x00000a14,0x0003003e,0x00000a0b,0x00000a15,
    0x0004003d,0x00000006,0x00000a16,0x00000a0b,0x00050085,0x00000006,0x00000a17,0x00000a16,
    0x00000175,0x00050083,0x00000006,0x00000a18,0x00000a17,0x000000d8,0x00050041,0x00000195,
    0x00000a1a,0x00000193,0x00000a19,0x0004003d,0x00000006,0x00000a1b,0x00000a1a,0x00050085,
    0x00000006,0x00000a1c,0x00000a18,0x00000a1b,0x0003003e,0x00000a0b,0x00000a1c,0x00050041,
    0x00000010,0x00000a1e,0x00000996,0x000000ec,0x0004003d,0x00000006,0x00000a1f,0x00000a1e,
    0x00050083,0x00000006,0x00000a20,0x00000a1f,0x00000132,0x0006000c,0x00000006,0x00000a21,
    0x00000001,0x00000004,0x00000a20,0x00050085,0x00000006,0x00000a22,0x00000a21,0x00000175,
    0x00050081,0x00000006,0x00000a23,0x000000d8,0x00000a22,0x0003003e,0x00000a1d,0x00000a23,
    0x0004003d,0x00000006,0x00000a24,0x00000a0b,0x0004003d,0x00000006,0x00000a25,0x00000a1d,
    0x00050085,0x00000006,0x00000a26,0x00000a24,0x00000a25,0x00060050,0x00000007,0x00000a27,
    0x00000a26,0x00000a26,0x00000a26,0x0004003d,0x00000007,0x00000a28,0x00000a06,0x00050081,
    0x00000007,0x00000a29,0x00000a28,0x00000a27,0x0003003e,0x00000a06,0x00000a29,0x00050041,
    0x00000195,0x00000a2b,0x00000193,0x00000a2a,0x0004003d,0x00000006,0x00000a2c,0x00000a2b,
    0x00050083,0x00000006,0x00000a2d,0x000000d8,0x00000a2c,0x00050041,0x00000195,0x00000a2e,
    0x00000193,0x00000a2a,0x0004003d,0x00000006,0x00000a2f,0x00000a2e,0x00050081,0x00000006,
    0x00000a30,0x000000d8,0x00000a2f,0x00060050,0x00000007,0x00000a31,0x00000a2d,0x000000d8,
    0x00000a30,0x0004003d,0x00000007,0x00000a32,0x00000a06,0x00050085,0x00000007,0x00000a33,
    0x00000a32,0x00000a31,0x0003003e,0x00000a06,0x00000a33,0x00050041,0x0000019b,0x00000a35,
    0x00000193,0x00000a34,0x0004003d,0x0000005d,0x00000a36,0x00000a35,0x000500ab,0x000001c9,
    0x00000a37,0x00000a36,0x000000ec,0x000300f7,0x00000a39,0x00000000,0x000400fa,0x00000a37,
    0x00000a38,0x00000a39,0x000200f8,0x00000a38,0x0004003d,0x00000006,0x00000a3b,0x00000998,
    0x00050085,0x00000006,0x00000a3c,0x00000a3b,0x0000077d,0x0004006e,0x00000061,0x00000a3d,
    0x00000a3c,0x0005008b,0x00000061,0x00000a3e,0x00000a3d,0x0000072f,0x0003003e,0x00000a3a,
    0x00000a3e,0x00050041,0x00000010,0x00000a40,0x00000996,0x000000ef,0x0004003d,0x00000006,
    0x00000a41,0x00000a40,0x00050041,0x0000019b,0x00000a42,0x00000193,0x000002eb,0x0004003d,
    0x0000005d,0x00000a43,0x00000a42,0x00040070,0x00000006,0x00000a44,0x00000a43,0x00050085,
    0x00000006,0x00000a45,0x00000a41,0x00000a44,0x0004006e,0x00000061,0x00000a46,0x00000a45,
    0x0003003e,0x00000a3f,0x00000a46,0x0004003d,0x00000061,0x00000a47,0x00000a3f,0x0004003d,
    0x00000061,0x00000a48,0x00000a3a,0x00050080,0x00000061,0x00000a49,0x00000a47,0x00000a48,
    0x0005008b,0x00000061,0x00000a4a,0x00000a49,0x0000072f,0x000500aa,0x000001c9,0x00000a4b,
    0x00000a4a,0x0000019a,0x000300f7,0x00000a4d,0x00000000,0x000400fa,0x00000a4b,0x00000a4c,
    0x00000a4d,0x000200f8,0x00000a4c,0x0004003d,0x00000007,0x00000a4f,0x00000a06,0x0005008e,
    0x00000007,0x00000a50,0x00000a4f,0x00000a4e,0x0003003e,0x00000a06,0x00000a50,0x000200f9,
    0x00000a4d,0x000200f8,0x00000a4d,0x000200f9,0x00000a39,0x000200f8,0x00000a39,0x00050041,
    0x00000195,0x00000a52,0x00000193,0x00000a51,0x0004003d,0x00000006,0x00000a53,0x00000a52,
    0x000500ba,0x000001c9,0x00000a54,0x00000a53,0x0000011e,0x000300f7,0x00000a56,0x00000000,
    0x000400fa,0x00000a54,0x00000a55,0x00000a56,0x000200f8,0x00000a55,0x00050041,0x00000010,
    0x00000a58,0x00000996,0x000000ef,0x0004003d,0x00000006,0x00000a59,0x00000a58,0x0004003d,
    0x00000006,0x00000a5a,0x00000998,0x00050085,0x00000006,0x00000a5b,0x00000a5a,0x00000125,
    0x00050081,0x00000006,0x00000a5c,0x00000a59,0x00000a5b,0x0003003e,0x00000a57,0x00000a5c,
    0x0004003d,0x00000006,0x00000a5e,0x00000a57,0x00050085,0x00000006,0x00000a5f,0x00000a5e,
    0x0000076f,0x0004003d,0x00000006,0x00000a60,0x00000998,0x00050085,0x00000006,0x00000a61,
    0x00000a60,0x00000174,0x00050081,0x00000006,0x00000a62,0x00000a5f,0x00000a61,0x0006000c,
    0x00000006,0x00000a63,0x00000001,0x00000008,0x00000a62,0x00050085,0x00000006,0x00000a65,
    0x00000a63,0x00000a64,0x0006000c,0x00000006,0x00000a66,0x00000001,0x0000000d,0x00000a65,
    0x00050085,0x00000006,0x00000a67,0x00000a66,0x000002c6,0x0006000c,0x00000006,0x00000a68,
    0x00000001,0x0000000a,0x00000a67,0x0003003e,0x00000a5d,0x00000a68,0x0004003d,0x00000006,
    0x00000a6a,0x00000a57,0x00050085,0x00000006,0x00000a6c,0x00000a6a,0x00000a6b,0x0004003d,
    0x00000006,0x00000a6d,0x00000998,0x00050085,0x00000006,0x00000a6e,0x00000a6d,0x00000756,
    0x00050081,0x00000006,0x00000a6f,0x00000a6c,0x00000a6e,0x0006000c,0x00000006,0x00000a70,
    0x00000001,0x00000008,0x00000a6f,0x00050085,0x00000006,0x00000a72,0x00000a70,0x00000a71,
    0x0006000c,0x00000006,0x00000a73,0x00000001,0x0000000d,0x00000a72,0x00050085,0x00000006,
    0x00000a74,0x00000a73,0x000002c6,0x0006000c,0x00000006,0x00000a75,0x00000001,0x0000000a,
    0x00000a74,0x0003003e,0x00000a69,0x00000a75,0x00050041,0x00000195,0x00000a77,0x00000193,
    0x00000a51,0x0004003d,0x00000006,0x00000a78,0x00000a77,0x00050085,0x00000006,0x00000a79,
    0x00000a78,0x00000125,0x0003003e,0x00000a76,0x00000a79,0x0004003d,0x00000006,0x00000a7a,
    0x00000a5d,0x0004003d,0x00000006,0x00000a7b,0x00000a76,0x000500b8,0x000001c9,0x00000a7c,
    0x00000a7a,0x00000a7b,0x000300f7,0x00000a7e,0x00000000,0x000400fa,0x00000a7c,0x00000a7d,
    0x00000a90,0x000200f8,0x00000a7d,0x0004003d,0x00000025,0x00000a80,0x00000996,0x0005008e,
    0x00000025,0x00000a82,0x00000a80,0x00000a81,0x00050094,0x00000006,0x00000a83,0x00000a82,
    0x000002c3,0x0004003d,0x00000006,0x00000a84,0x00000998,0x00050081,0x00000006,0x00000a85,
    0x00000a83,0x00000a84,0x0006000c,0x00000006,0x00000a86,0x00000001,0x0000000d,0x00000a85,
    0x00050085,0x00000006,0x00000a87,0x00000a86,0x000002c6,0x0006000c,0x00000006,0x00000a88,
    0x00000001,0x0000000a,0x00000a87,0x0003003e,0x00000a7f,0x00000a88,0x0004003d,0x00000007,
    0x00000a89,0x00000a06,0x0004003d,0x00000006,0x00000a8a,0x00000a7f,0x00050085,0x00000006,
    0x00000a8b,0x00000a8a,0x000009c7,0x00050081,0x00000006,0x00000a8c,0x00000a8b,0x00000911,
    0x00060050,0x00000007,0x00000a8d,0x00000a8c,0x00000a8c,0x00000a8c,0x00060050,0x00000007,
    0x00000a8e,0x00000a4e,0x00000a4e,0x00000a4e,0x0008000c,0x00000007,0x00000a8f,0x00000001,
    0x0000002e,0x00000a89,0x00000a8d,0x00000a8e,0x0003003e,0x00000a06,0x00000a8f,0x000200f9,
    0x00000a7e,0x000200f8,0x00000a90,0x0004003d,0x00000006,0x00000a91,0x00000a69,0x0004003d,
    0x00000006,0x00000a92,0x00000a76,0x00050085,0x00000006,0x00000a93,0x00000a92,0x00000132,
    0x000500b8,0x000001c9,0x00000a94,0x00000a91,0x00000a93,0x000300f7,0x00000a96,0x00000000,
    0x000400fa,0x00000a94,0x00000a95,0x00000a96,0x000200f8,0x00000a95,0x0004003d,0x00000007,
    0x00000a97,0x00000a06,0x00050094,0x00000006,0x00000a98,0x00000a97,0x00000321,0x00060050,
    0x00000007,0x00000a99,0x00000a98,0x00000a98,0x00000a98,0x0003003e,0x00000a06,0x00000a99,
    0x000200f9,0x00000a96,0x000200f8,0x00000a96,0x000200f9,0x00000a7e,0x000200f8,0x00000a7e,
    0x000200f9,0x00000a56,0x000200f8,0x00000a56,0x0004003d,0x00000007,0x00000a9a,0x00000a06,
    0x000200fe,0x00000a9a,0x00010038,0x00050036,0x00000025,0x00000057,0x00000000,0x0000003d,
    0x00030037,0x00000026,0x00000056,0x000200f8,0x00000058,0x0004003b,0x00000010,0x00000aa5,
    0x00000007,0x0004003b,0x00000010,0x00000aac,0x00000007,0x0004003b,0x00000010,0x00000ab0,
    0x00000007,0x0004003b,0x00000010,0x00000ac5,0x00000007,0x00050041,0x0000019b,0x00000a9e,
    0x00000193,0x00000a9d,0x0004003d,0x0000005d,0x00000a9f,0x00000a9e,0x000500aa,0x000001c9,
    0x00000aa0,0x00000a9f,0x000000ec,0x000300f7,0x00000aa2,0x00000000,0x000400fa,0x00000aa0,
    0x00000aa1,0x00000aa2,0x000200f8,0x00000aa1,0x0004003d,0x00000025,0x00000aa3,0x00000056,
    0x000200fe,0x00000aa3,0x000200f8,0x00000aa2,0x00050041,0x00000195,0x00000aa6,0x00000193,
    0x000002bb,0x0004003d,0x00000006,0x00000aa7,0x00000aa6,0x00050041,0x00000195,0x00000aa9,
    0x00000193,0x00000aa8,0x0004003d,0x00000006,0x00000aaa,0x00000aa9,0x00050085,0x00000006,
    0x00000aab,0x00000aa7,0x00000aaa,0x0003003e,0x00000aa5,0x00000aab,0x00050041,0x00000195,
    0x00000aae,0x00000193,0x00000aad,0x0004003d,0x00000006,0x00000aaf,0x00000aae,0x0003003e,
    0x00000aac,0x00000aaf,0x0004003d,0x00000006,0x00000ab1,0x00000aa5,0x00050085,0x00000006,
    0x00000ab3,0x00000ab1,0x00000ab2,0x00050081,0x00000006,0x00000ab5,0x00000ab3,0x00000ab4,
    0x0006000c,0x00000006,0x00000ab6,0x00000001,0x0000000d,0x00000ab5,0x00050085,0x00000006,
    0x00000ab7,0x00000ab6,0x0000023d,0x0004003d,0x00000006,0x00000ab8,0x00000aa5,0x00050085,
    0x00000006,0x00000aba,0x00000ab8,0x00000ab9,0x0006000c,0x00000006,0x00000abb,0x00000001,
    0x0000000d,0x00000aba,0x00050085,0x00000006,0x00000abc,0x00000abb,0x000008c6,0x00050081,
    0x00000006,0x00000abd,0x00000ab7,0x00000abc,0x0004003d,0x00000006,0x00000abe,0x00000aa5,
    0x00050085,0x00000006,0x00000ac0,0x00000abe,0x00000abf,0x0006000c,0x00000006,0x00000ac1,
    0x00000001,0x0000000d,0x00000ac0,0x00050085,0x00000006,0x00000ac3,0x00000ac1,0x00000ac2,
    0x00050081,0x00000006,0x00000ac4,0x00000abd,0x00000ac3,0x0003003e,0x00000ab0,0x00000ac4,
    0x0004003d,0x00000006,0x00000ac6,0x00000aa5,0x00050085,0x00000006,0x00000ac8,0x00000ac6,
    0x00000ac7,0x00050081,0x00000006,0x00000ac9,0x00000ac8,0x00000285,0x0006000c,0x00000006,
    0x00000aca,0x00000001,0x0000000d,0x00000ac9,0x00050085,0x00000006,0x00000acb,0x00000aca,
    0x00000132,0x0004003d,0x00000006,0x00000acc,0x00000aa5,0x00050085,0x00000006,0x00000ace,
    0x00000acc,0x00000acd,0x0006000c,0x00000006,0x00000acf,0x00000001,0x0000000d,0x00000ace,
    0x00050085,0x00000006,0x00000ad1,0x00000acf,0x00000ad0,0x00050081,0x00000006,0x00000ad2,
    0x00000acb,0x00000ad1,0x0004003d,0x00000006,0x00000ad3,0x00000aa5,0x00050085,0x00000006,
    0x00000ad5,0x00000ad3,0x00000ad4,0x0006000c,0x00000006,0x00000ad6,0x00000001,0x0000000d,
    0x00000ad5,0x00050085,0x00000006,0x00000ad7,0x00000ad6,0x00000125,0x00050081,0x00000006,
    0x00000ad8,0x00000ad2,0x00000ad7,0x0003003e,0x00000ac5,0x00000ad8,0x0004003d,0x00000025,
    0x00000ad9,0x00000056,0x0004003d,0x00000006,0x00000ada,0x00000ab0,0x0004003d,0x00000006,
    0x00000adb,0x00000ac5,0x00050050,0x00000025,0x00000adc,0x00000ada,0x00000adb,0x0004003d,
    0x00000006,0x00000add,0x00000aac,0x0005008e,0x00000025,0x00000ade,0x00000adc,0x00000add,
    0x00050081,0x00000025,0x00000adf,0x00000ad9,0x00000ade,0x000200fe,0x00000adf,0x00010038,
    0x00050036,0x00000007,0x0000005b,0x00000000,0x00000027,0x00030037,0x00000008,0x00000059,
    0x00030037,0x00000026,0x0000005a,0x000200f8,0x0000005c,0x0004003b,0x00000010,0x00000aea,
    0x00000007,0x0004003b,0x00000010,0x00000af1,0x00000007,0x0004003b,0x00000026,0x00000af5,
    0x00000007,0x0004003b,0x00000026,0x00000b02,0x00000007,0x0004003b,0x00000010,0x00000b10,
    0x00000007,0x0004003b,0x00000010,0x00000b17,0x00000007,0x0004003b,0x00000008,0x00000b1e,
    0x00000007,0x0004003b,0x00000008,0x00000b24,0x00000007,0x0004003b,0x00000010,0x00000b2a,
    0x00000007,0x00050041,0x0000019b,0x00000ae3,0x00000193,0x00000ae2,0x0004003d,0x0000005d,
    0x00000ae4,0x00000ae3,0x000500aa,0x000001c9,0x00000ae5,0x00000ae4,0x000000ec,0x000300f7,
    0x00000ae7,0x00000000,0x000400fa,0x00000ae5,0x00000ae6,0x00000ae7,0x000200f8,0x00000ae6,
    0x0004003d,0x00000007,0x00000ae8,0x00000059,0x000200fe,0x00000ae8,0x000200f8,0x00000ae7,
    0x00050041,0x00000195,0x00000aeb,0x00000193,0x000002bb,0x0004003d,0x00000006,0x00000aec,
    0x00000aeb,0x00050041,0x00000195,0x00000aee,0x00000193,0x00000aed,0x0004003d,0x00000006,
    0x00000aef,0x00000aee,0x00050085,0x00000006,0x00000af0,0x00000aec,0x00000aef,0x0003003e,
    0x00000aea,0x00000af0,0x00050041,0x00000195,0x00000af3,0x00000193,0x00000af2,0x0004003d,
    0x00000006,0x00000af4,0x00000af3,0x0003003e,0x00000af1,0x00000af4,0x0004003d,0x00000006,
    0x00000af6,0x00000aea,0x00050085,0x00000006,0x00000af7,0x00000af6,0x00000285,0x0006000c,
    0x00000006,0x00000af8,0x00000001,0x0000000d,0x00000af7,0x00050085,0x00000006,0x00000af9,
    0x00000af8,0x00000125,0x00050081,0x00000006,0x00000afa,0x00000ac2,0x00000af9,0x0004003d,
    0x00000006,0x00000afb,0x00000aea,0x00050085,0x00000006,0x00000afc,0x00000afb,0x00000132,
    0x00050081,0x00000006,0x00000afd,0x00000afc,0x000000d8,0x0006000c,0x00000006,0x00000afe,
    0x00000001,0x0000000d,0x00000afd,0x00050085,0x00000006,0x00000aff,0x00000afe,0x00000911,
    0x00050081,0x00000006,0x00000b00,0x00000911,0x00000aff,0x00050050,0x00000025,0x00000b01,
    0x00000afa,0x00000b00,0x0003003e,0x00000af5,0x00000b01,0x0004003d,0x00000006,0x00000b03,
    0x00000aea,0x00050085,0x00000006,0x00000b04,0x00000b03,0x0000023d,0x00050081,0x00000006,
    0x00000b05,0x00000b04,0x00000175,0x0006000c,0x00000006,0x00000b06,0x00000001,0x0000000d,
    0x00000b05,0x00050085,0x00000006,0x00000b07,0x00000b06,0x00000ac2,0x00050081,0x00000006,
    0x00000b08,0x00000a4e,0x00000b07,0x0004003d,0x00000006,0x00000b09,0x00000aea,0x00050085,
    0x00000006,0x00000b0b,0x00000b09,0x00000b0a,0x0006000c,0x00000006,0x00000b0c,0x00000001,
    0x0000000e,0x00000b0b,0x00050085,0x00000006,0x00000b0d,0x00000b0c,0x00000125,0x00050081,
    0x00000006,0x00000b0e,0x00000285,0x00000b0d,0x00050050,0x00000025,0x00000b0f,0x00000b08,
    0x00000b0e,0x0003003e,0x00000b02,0x00000b0f,0x0004003d,0x00000025,0x00000b11,0x0000005a,
    0x0004003d,0x00000025,0x00000b12,0x00000af5,0x00050083,0x00000025,0x00000b13,0x00000b11,
    0x00000b12,0x0006000c,0x00000006,0x00000b14,0x00000001,0x00000042,0x00000b13,0x0008000c,
    0x00000006,0x00000b15,0x00000001,0x00000031,0x0000011e,0x00000b0a,0x00000b14,0x00050083,
    0x00000006,0x00000b16,0x000000d8,0x00000b15,0x0003003e,0x00000b10,0x00000b16,0x0004003d,
    0x00000025,0x00000b18,0x0000005a,0x0004003d,0x00000025,0x00000b19,0x00000b02,0x00050083,
    0x00000025,0x00000b1a,0x00000b18,0x00000b19,0x0006000c,0x00000006,0x00000b1b,0x00000001,
    0x00000042,0x00000b1a,0x0008000c,0x00000006,0x00000b1c,0x00000001,0x00000031,0x0000011e,
    0x00000ad0,0x00000b1b,0x00050083,0x00000006,0x00000b1d,0x000000d8,0x00000b1c,0x0003003e,
    0x00000b17,0x00000b1d,0x0004003d,0x00000006,0x00000b20,0x00000b10,0x0005008e,0x00000007,
    0x00000b21,0x00000b1f,0x00000b20,0x0004003d,0x00000006,0x00000b22,0x00000b10,0x0005008e,
    0x00000007,0x00000b23,0x00000b21,0x00000b22,0x0003003e,0x00000b1e,0x00000b23,0x0004003d,
    0x00000006,0x00000b26,0x00000b17,0x0005008e,0x00000007,0x00000b27,0x00000b25,0x00000b26,
    0x0004003d,0x00000006,0x00000b28,0x00000b17,0x0005008e,0x00000007,0x00000b29,0x00000b27,
    0x00000b28,0x0003003e,0x00000b24,0x00000b29,0x0004003d,0x00000006,0x00000b2b,0x00000aea,
    0x00050085,0x00000006,0x00000b2c,0x00000b2b,0x00000ab4,0x0006000c,0x00000006,0x00000b2d,
    0x00000001,0x0000000d,0x00000b2c,0x00050085,0x00000006,0x00000b2e,0x000008c6,0x00000b2d,
    0x00050081,0x00000006,0x00000b2f,0x00000285,0x00000b2e,0x0003003e,0x00000b2a,0x00000b2f,
    0x0004003d,0x00000007,0x00000b30,0x00000b1e,0x0004003d,0x00000007,0x00000b31,0x00000b24,
    0x00050081,0x00000007,0x00000b32,0x00000b30,0x00000b31,0x0004003d,0x00000006,0x00000b33,
    0x00000af1,0x0005008e,0x00000007,0x00000b34,0x00000b32,0x00000b33,0x0004003d,0x00000006,
    0x00000b35,0x00000b2a,0x0005008e,0x00000007,0x00000b36,0x00000b34,0x00000b35,0x0004003d,
    0x00000007,0x00000b37,0x00000059,0x00050081,0x00000007,0x00000b38,0x00000b37,0x00000b36,
    0x0003003e,0x00000059,0x00000b38,0x0004003d,0x00000007,0x00000b39,0x00000059,0x000200fe,
    0x00000b39,0x00010038,0x00050036,0x00000007,0x00000067,0x00000000,0x00000063,0x00030037,
    0x00000008,0x00000064,0x00030037,0x00000060,0x00000065,0x00030037,0x00000062,0x00000066,
    0x000200f8,0x00000068,0x0004003b,0x00000010,0x00000b3c,0x00000007,0x0004003b,0x00000008,
    0x00000b3e,0x00000007,0x0004003b,0x00000062,0x00000b41,0x00000007,0x0004003b,0x00000008,
    0x00000b4a,0x00000007,0x0004003b,0x00000010,0x00000b50,0x00000007,0x0003003e,0x00000b3c,
    0x00000b3d,0x00050041,0x00000008,0x00000b3f,0x00000065,0x0000019a,0x0004003d,0x00000007,
    0x00000b40,0x00000b3f,0x0003003e,0x00000b3e,0x00000b40,0x0003003e,0x00000b41,0x0000019a,
    0x000200f9,0x00000b42,0x000200f8,0x00000b42,0x000400f6,0x00000b44,0x00000b45,0x00000000,
    0x000200f9,0x00000b46,0x000200f8,0x00000b46,0x0004003d,0x00000061,0x00000b47,0x00000b41,
    0x0004003d,0x00000061,0x00000b48,0x00000066,0x000500b1,0x000001c9,0x00000b49,0x00000b47,
    0x00000b48,0x000400fa,0x00000b49,0x00000b43,0x00000b44,0x000200f8,0x00000b43,0x0004003d,
    0x00000007,0x00000b4b,0x00000064,0x0004003d,0x00000061,0x00000b4c,0x00000b41,0x00050041,
    0x00000008,0x00000b4d,0x00000065,0x00000b4c,0x0004003d,0x00000007,0x00000b4e,0x00000b4d,
    0x00050083,0x00000007,0x00000b4f,0x00000b4b,0x00000b4e,0x0003003e,0x00000b4a,0x00000b4f,
    0x0004003d,0x00000007,0x00000b51,0x00000b4a,0x0004003d,0x00000007,0x00000b52,0x00000b4a,
    0x00050094,0x00000006,0x00000b53,0x00000b51,0x00000b52,0x0003003e,0x00000b50,0x00000b53,
    0x0004003d,0x00000006,0x00000b54,0x00000b50,0x0004003d,0x00000006,0x00000b55,0x00000b3c,
    0x000500b8,0x000001c9,0x00000b56,0x00000b54,0x00000b55,0x000300f7,0x00000b58,0x00000000,
    0x000400fa,0x00000b56,0x00000b57,0x00000b58,0x000200f8,0x00000b57,0x0004003d,0x00000006,
    0x00000b59,0x00000b50,0x0003003e,0x00000b3c,0x00000b59,0x0004003d,0x00000061,0x00000b5a,
    0x00000b41,0x00050041,0x00000008,0x00000b5b,0x00000065,0x00000b5a,0x0004003d,0x00000007,
    0x00000b5c,0x00000b5b,0x0003003e,0x00000b3e,0x00000b5c,0x000200f9,0x00000b58,0x000200f8,
    0x00000b58,0x000200f9,0x00000b45,0x000200f8,0x00000b45,0x0004003d,0x00000061,0x00000b5d,
    0x00000b41,0x00050080,0x00000061,0x00000b5e,0x00000b5d,0x00000194,0x0003003e,0x00000b41,
    0x00000b5e,0x000200f9,0x00000b42,0x000200f8,0x00000b44,0x0004003d,0x00000007,0x00000b5f,
    0x00000b3e,0x000200fe,0x00000b5f,0x00010038,0x00050036,0x00000007,0x0000006b,0x00000000,
    0x00000027,0x00030037,0x00000008,0x00000069,0x00030037,0x00000026,0x0000006a,0x000200f8,
    0x0000006c,0x0004003b,0x00000010,0x00000b62,0x00000007,0x0004003b,0x00000026,0x00000b65,
    0x00000007,0x0004003b,0x00000010,0x00000b6f,0x00000007,0x0004003b,0x00000010,0x00000b74,
    0x00000007,0x0004003b,0x00000010,0x00000b7f,0x00000007,0x0004003b,0x00000010,0x00000b92,
    0x00000007,0x0004003b,0x00000010,0x00000b9d,0x00000007,0x0004003b,0x00000010,0x00000bd0,
    0x00000007,0x0004003b,0x00000008,0x00000bda,0x00000007,0x0004003d,0x00000007,0x00000b63,
    0x00000069,0x00050094,0x00000006,0x00000b64,0x00000b63,0x00000321,0x0003003e,0x00000b62,
    0x00000b64,0x0004003d,0x00000025,0x00000b66,0x0000006a,0x00050041,0x0000019b,0x00000b67,
    0x00000193,0x000002e7,0x0004003d,0x0000005d,0x00000b68,0x00000b67,0x00040070,0x00000006,
    0x00000b69,0x00000b68,0x00050041,0x0000019b,0x00000b6a,0x00000193,0x000002eb,0x0004003d,
    0x0000005d,0x00000b6b,0x00000b6a,0x00040070,0x00000006,0x00000b6c,0x00000b6b,0x00050050,
    0x00000025,0x00000b6d,0x00000b69,0x00000b6c,0x00050085,0x00000025,0x00000b6e,0x00000b66,
    0x00000b6d,0x0003003e,0x00000b65,0x00000b6e,0x0003003e,0x00000b6f,0x000000d8,0x0004003d,
    0x00000006,0x00000b70,0x00000b62,0x000500b8,0x000001c9,0x00000b71,0x00000b70,0x00000911,
    0x000300f7,0x00000b73,0x00000000,0x000400fa,0x00000b71,0x00000b72,0x00000b8d,0x000200f8,
    0x00000b72,0x00050041,0x00000010,0x00000b75,0x00000b65,0x000000ec,0x0004003d,0x00000006,
    0x00000b76,0x00000b75,0x00050041,0x00000010,0x00000b77,0x00000b65,0x000000ef,0x0004003d,
    0x00000006,0x00000b78,0x00000b77,0x00050081,0x00000006,0x00000b79,0x00000b76,0x00000b78,
    0x00050085,0x00000006,0x00000b7a,0x00000b79,0x000009c7,0x0006000c,0x00000006,0x00000b7b,
    0x00000001,0x0000000d,0x00000b7a,0x0006000c,0x00000006,0x00000b7c,0x00000001,0x00000004,
    0x00000b7b,0x000500ba,0x000001c9,0x00000b7d,0x00000b7c,0x00000132,0x000600a9,0x00000006,
    0x00000b7e,0x00000b7d,0x0000011e,0x000000d8,0x0003003e,0x00000b74,0x00000b7e,0x00050041,
    0x00000010,0x00000b80,0x00000b65,0x000000ec,0x0004003d,0x00000006,0x00000b81,0x00000b80,
    0x00050041,0x00000010,0x00000b82,0x00000b65,0x000000ef,0x0004003d,0x00000006,0x00000b83,
    0x00000b82,0x00050083,0x00000006,0x00000b84,0x00000b81,0x00000b83,0x00050085,0x00000006,
    0x00000b85,0x00000b84,0x000009c7,0x0006000c,0x00000006,0x00000b86,0x00000001,0x0000000d,
    0x00000b85,0x0006000c,0x00000006,0x00000b87,0x00000001,0x00000004,0x00000b86,0x000500ba,
    0x000001c9,0x00000b88,0x00000b87,0x00000132,0x000600a9,0x00000006,0x00000b89,0x00000b88,
    0x0000011e,0x000000d8,0x0003003e,0x00000b7f,0x00000b89,0x0004003d,0x00000006,0x00000b8a,
    0x00000b74,0x0004003d,0x00000006,0x00000b8b,0x00000b7f,0x0007000c,0x00000006,0x00000b8c,
    0x00000001,0x00000025,0x00000b8a,0x00000b8b,0x0003003e,0x00000b6f,0x00000b8c,0x000200f9,
    0x00000b73,0x000200f8,0x00000b8d,0x0004003d,0x00000006,0x00000b8e,0x00000b62,0x000500b8,
    0x000001c9,0x00000b8f,0x00000b8e,0x00000ad0,0x000300f7,0x00000b91,0x00000000,0x000400fa,
    0x00000b8f,0x00000b90,0x00000bac,0x000200f8,0x00000b90,0x00050041,0x00000010,0x00000b93,
    0x00000b65,0x000000ec,0x0004003d,0x00000006,0x00000b94,0x00000b93,0x00050041,0x00000010,
    0x00000b95,0x00000b65,0x000000ef,0x0004003d,0x00000006,0x00000b96,0x00000b95,0x00050081,
    0x00000006,0x00000b97,0x00000b94,0x00000b96,0x00050085,0x00000006,0x00000b98,0x00000b97,
    0x0000023d,0x0006000c,0x00000006,0x00000b99,0x00000001,0x0000000d,0x00000b98,0x0006000c,
    0x00000006,0x00000b9a,0x00000001,0x00000004,0x00000b99,0x000500ba,0x000001c9,0x00000b9b,
    0x00000b9a,0x0000023d,0x000600a9,0x00000006,0x00000b9c,0x00000b9b,0x0000011e,0x000000d8,
    0x0003003e,0x00000b92,0x00000b9c,0x00050041,0x00000010,0x00000b9e,0x00000b65,0x000000ec,
    0x0004003d,0x00000006,0x00000b9f,0x00000b9e,0x00050041,0x00000010,0x00000ba0,0x00000b65,
    0x000000ef,0x0004003d,0x00000006,0x00000ba1,0x00000ba0,0x00050083,0x00000006,0x00000ba2,
    0x00000b9f,0x00000ba1,0x00050085,0x00000006,0x00000ba3,0x00000ba2,0x0000023d,0x0006000c,
    0x00000006,0x00000ba4,0x00000001,0x0000000d,0x00000ba3,0x0006000c,0x00000006,0x00000ba5,
    0x00000001,0x00000004,0x00000ba4,0x000500ba,0x000001c9,0x00000ba7,0x00000ba5,0x00000ba6,
    0x000600a9,0x00000006,0x00000ba8,0x00000ba7,0x0000011e,0x000000d8,0x0003003e,0x00000b9d,
    0x00000ba8,0x0004003d,0x00000006,0x00000ba9,0x00000b92,0x0004003d,0x00000006,0x00000baa,
    0x00000b9d,0x0007000c,0x00000006,0x00000bab,0x00000001,0x00000025,0x00000ba9,0x00000baa,
    0x0003003e,0x00000b6f,0x00000bab,0x000200f9,0x00000b91,0x000200f8,0x00000bac,0x0004003d,
    0x00000006,0x00000bad,0x00000b62,0x000500b8,0x000001c9,0x00000bae,0x00000bad,0x00000132,
    0x000300f7,0x00000bb0,0x00000000,0x000400fa,0x00000bae,0x00000baf,0x00000bbc,0x000200f8,
    0x00000baf,0x00050041,0x00000010,0x00000bb1,0x00000b65,0x000000ec,0x0004003d,0x00000006,
    0x00000bb2,0x00000bb1,0x00050041,0x00000010,0x00000bb3,0x00000b65,0x000000ef,0x0004003d,
    0x00000006,0x00000bb4,0x00000bb3,0x00050081,0x00000006,0x00000bb5,0x00000bb2,0x00000bb4,
    0x00050085,0x00000006,0x00000bb6,0x00000bb5,0x00000132,0x0006000c,0x00000006,0x00000bb7,
    0x00000001,0x0000000d,0x00000bb6,0x0006000c,0x00000006,0x00000bb8,0x00000001,0x00000004,
    0x00000bb7,0x000500ba,0x000001c9,0x00000bba,0x00000bb8,0x00000bb9,0x000600a9,0x00000006,
    0x00000bbb,0x00000bba,0x0000011e,0x000000d8,0x0003003e,0x00000b6f,0x00000bbb,0x000200f9,
    0x00000bb0,0x000200f8,0x00000bbc,0x0004003d,0x00000006,0x00000bbd,0x00000b62,0x000500b8,
    0x000001c9,0x00000bbe,0x00000bbd,0x00000ba6,0x000300f7,0x00000bc0,0x00000000,0x000400fa,
    0x00000bbe,0x00000bbf,0x00000bcb,0x000200f8,0x00000bbf,0x00050041,0x00000010,0x00000bc1,
    0x00000b65,0x000000ec,0x0004003d,0x00000006,0x00000bc2,0x00000bc1,0x00050041,0x00000010,
    0x00000bc3,0x00000b65,0x000000ef,0x0004003d,0x00000006,0x00000bc4,0x00000bc3,0x00050081,
    0x00000006,0x00000bc5,0x00000bc2,0x00000bc4,0x00050085,0x00000006,0x00000bc6,0x00000bc5,
    0x00000b0a,0x0006000c,0x00000006,0x00000bc7,0x00000001,0x0000000d,0x00000bc6,0x0006000c,
    0x00000006,0x00000bc8,0x00000001,0x00000004,0x00000bc7,0x000500ba,0x000001c9,0x00000bc9,
    0x00000bc8,0x00000285,0x000600a9,0x00000006,0x00000bca,0x00000bc9,0x0000011e,0x000000d8,
    0x0003003e,0x00000b6f,0x00000bca,0x000200f9,0x00000bc0,0x000200f8,0x00000bcb,0x0004003d,
    0x00000006,0x00000bcc,0x00000b62,0x000500b8,0x000001c9,0x00000bcd,0x00000bcc,0x000009c7,
    0x000300f7,0x00000bcf,0x00000000,0x000400fa,0x00000bcd,0x00000bce,0x00000bcf,0x000200f8,
    0x00000bce,0x0004003d,0x00000025,0x00000bd1,0x00000b65,0x0005008e,0x00000025,0x00000bd2,
    0x00000bd1,0x0000010e,0x0006000c,0x00000025,0x00000bd3,0x00000001,0x0000000a,0x00000bd2,
    0x00050050,0x00000025,0x00000bd4,0x00000132,0x00000132,0x00050083,0x00000025,0x00000bd5,
    0x00000bd3,0x00000bd4,0x0006000c,0x00000006,0x00000bd6,0x00000001,0x00000042,0x00000bd5,
    0x0003003e,0x00000bd0,0x00000bd6,0x0004003d,0x00000006,0x00000bd7,0x00000bd0,0x000500ba,
    0x000001c9,0x00000bd8,0x00000bd7,0x00000ad0,0x000600a9,0x00000006,0x00000bd9,0x00000bd8,
    0x000000d8,0x0000011e,0x0003003e,0x00000b6f,0x00000bd9,0x000200f9,0x00000bcf,0x000200f8,
    0x00000bcf,0x000200f9,0x00000bc0,0x000200f8,0x00000bc0,0x000200f9,0x00000bb0,0x000200f8,
    0x00000bb0,0x000200f9,0x00000b91,0x000200f8,0x00000b91,0x000200f9,0x00000b73,0x000200f8,
    0x00000b73,0x0004003d,0x00000007,0x00000bdb,0x00000069,0x0004003d,0x00000006,0x00000bdc,
    0x00000b6f,0x0005008e,0x00000007,0x00000bdd,0x00000bdb,0x00000bdc,0x0003003e,0x00000bda,
    0x00000bdd,0x0004003d,0x00000007,0x00000bde,0x00000bda,0x000200fe,0x00000bde,0x00010038,
    0x00050036,0x00000007,0x0000006f,0x00000000,0x00000027,0x00030037,0x00000008,0x0000006d,
    0x00030037,0x00000026,0x0000006e,0x000200f8,0x00000070,0x0004003b,0x00000026,0x00000be1,
    0x00000007,0x0004003b,0x00000010,0x00000beb,0x00000007,0x0004003b,0x00000010,0x00000bf1,
    0x00000007,0x0004003b,0x00000010,0x00000bfa,0x00000007,0x0004003b,0x00000010,0x00000c03,
    0x00000007,0x0004003b,0x00000010,0x00000c14,0x00000007,0x0004003b,0x00000010,0x00000c17,
    0x00000007,0x0004003b,0x00000010,0x00000c24,0x00000007,0x0004003b,0x00000010,0x00000c27,
    0x00000007,0x0004003b,0x00000010,0x00000c32,0x00000007,0x0004003b,0x00000008,0x00000c3d,
    0x00000007,0x0004003b,0x00000062,0x00000c3e,0x00000007,0x0004003b,0x00000062,0x00000c47,
    0x00000007,0x0004003b,0x00000010,0x00000c65,0x00000007,0x00050041,0x0000019b,0x00000be2,
    0x00000193,0x000002e7,0x0004003d,0x0000005d,0x00000be3,0x00000be2,0x00040070,0x00000006,
    0x00000be4,0x00000be3,0x00050041,0x0000019b,0x00000be5,0x00000193,0x000002eb,0x0004003d,
    0x0000005d,0x00000be6,0x00000be5,0x00040070,0x00000006,0x00000be7,0x00000be6,0x00050050,
    0x00000025,0x00000be8,0x00000be4,0x00000be7,0x00050050,0x00000025,0x00000be9,0x000000d8,
    0x000000d8,0x00050088,0x00000025,0x00000bea,0x00000be9,0x00000be8,0x0003003e,0x00000be1,
    0x00000bea,0x0004003d,0x000002de,0x00000bed,0x00000bec,0x0004003d,0x00000025,0x00000bee,
    0x0000006e,0x00050057,0x00000190,0x00000bef,0x00000bed,0x00000bee,0x00050051,0x00000006,
    0x00000bf0,0x00000bef,0x00000000,0x0003003e,0x00000beb,0x00000bf0,0x0004003d,0x000002de,
    0x00000bf2,0x00000bec,0x0004003d,0x00000025,0x00000bf3,0x0000006e,0x00050041,0x00000010,
    0x00000bf4,0x00000be1,0x000000ec,0x0004003d,0x00000006,0x00000bf5,0x00000bf4,0x00050050,
    0x00000025,0x00000bf6,0x00000bf5,0x0000011e,0x00050081,0x00000025,0x00000bf7,0x00000bf3,
    0x00000bf6,0x00050057,0x00000190,0x00000bf8,0x00000bf2,0x00000bf7,0x00050051,0x00000006,
    0x00000bf9,0x00000bf8,0x00000000,0x0003003e,0x00000bf1,0x00000bf9,0x0004003d,0x000002de,
    0x00000bfb,0x00000bec,0x0004003d,0x00000025,0x00000bfc,0x0000006e,0x00050041,0x00000010,
    0x00000bfd,0x00000be1,0x000000ef,0x0004003d,0x00000006,0x00000bfe,0x00000bfd,0x00050050,
    0x00000025,0x00000bff,0x0000011e,0x00000bfe,0x00050081,0x00000025,0x00000c00,0x00000bfc,
    0x00000bff,0x00050057,0x00000190,0x00000c01,0x00000bfb,0x00000c00,0x00050051,0x00000006,
    0x00000c02,0x00000c01,0x00000000,0x0003003e,0x00000bfa,0x00000c02,0x0004003d,0x00000006,
    0x00000c04,0x00000beb,0x0004003d,0x00000006,0x00000c05,0x00000bf1,0x00050083,0x00000006,
    0x00000c06,0x00000c04,0x00000c05,0x0006000c,0x00000006,0x00000c07,0x00000001,0x00000004,
    0x00000c06,0x0004003d,0x00000006,0x00000c08,0x00000beb,0x0004003d,0x00000006,0x00000c09,
    0x00000bfa,0x00050083,0x00000006,0x00000c0a,0x00000c08,0x00000c09,0x0006000c,0x00000006,
    0x00000c0b,0x00000001,0x00000004,0x00000c0a,0x00050081,0x00000006,0x00000c0c,0x00000c07,
    0x00000c0b,0x0003003e,0x00000c03,0x00000c0c,0x0004003d,0x00000006,0x00000c0d,0x00000c03,
    0x0008000c,0x00000006,0x00000c0e,0x00000001,0x00000031,0x0000011e,0x000009b5,0x00000c0d,
    0x0003003e,0x00000c03,0x00000c0e,0x0004003d,0x00000006,0x00000c0f,0x00000c03,0x00050085,
    0x00000006,0x00000c10,0x00000c0f,0x00000b0a,0x00050083,0x00000006,0x00000c11,0x000000d8,
    0x00000c10,0x0004003d,0x00000007,0x00000c12,0x0000006d,0x0005008e,0x00000007,0x00000c13,
    0x00000c12,0x00000c11,0x0003003e,0x0000006d,0x00000c13,0x0004003d,0x00000007,0x00000c15,
    0x0000006d,0x00050094,0x00000006,0x00000c16,0x00000c15,0x00000321,0x0003003e,0x00000c14,
    0x00000c16,0x0004003d,0x00000006,0x00000c18,0x00000c14,0x0008000c,0x00000006,0x00000c19,
    0x00000001,0x00000031,0x00000b0a,0x0000011e,0x00000c18,0x00050085,0x00000006,0x00000c1a,
    0x00000c19,0x000008c6,0x0003003e,0x00000c17,0x00000c1a,0x0004003d,0x00000007,0x00000c1b,
    0x0000006d,0x0004003d,0x00000007,0x00000c1c,0x0000006d,0x00050085,0x00000007,0x00000c20,
    0x00000c1c,0x00000c1f,0x0004003d,0x00000006,0x00000c21,0x00000c17,0x00060050,0x00000007,
    0x00000c22,0x00000c21,0x00000c21,0x00000c21,0x0008000c,0x00000007,0x00000c23,0x00000001,
    0x0000002e,0x00000c1b,0x00000c20,0x00000c22,0x0003003e,0x0000006d,0x00000c23,0x00050041,
    0x00000195,0x00000c25,0x00000193,0x000002bb,0x0004003d,0x00000006,0x00000c26,0x00000c25,
    0x0003003e,0x00000c24,0x00000c26,0x0004003d,0x00000025,0x00000c28,0x0000006e,0x0005008e,
    0x00000025,0x00000c29,0x00000c28,0x00000a81,0x0004003d,0x00000006,0x00000c2a,0x00000c24,
    0x00050085,0x00000006,0x00000c2b,0x00000c2a,0x00000ac2,0x00050050,0x00000025,0x00000c2c,
    0x00000c2b,0x00000c2b,0x00050081,0x00000025,0x00000c2d,0x00000c29,0x00000c2c,0x00050094,
    0x00000006,0x00000c2e,0x00000c2d,0x000002c3,0x0006000c,0x00000006,0x00000c2f,0x00000001,
    0x0000000d,0x00000c2e,0x00050085,0x00000006,0x00000c30,0x00000c2f,0x000002c6,0x0006000c,
    0x00000006,0x00000c31,0x00000001,0x0000000a,0x00000c30,0x0003003e,0x00000c27,0x00000c31,
    0x0004003d,0x00000007,0x00000c33,0x0000006d,0x00050094,0x00000006,0x00000c34,0x00000c33,
    0x00000321,0x0003003e,0x00000c32,0x00000c34,0x0004003d,0x00000006,0x00000c35,0x00000c32,
    0x00060050,0x00000007,0x00000c36,0x00000c35,0x00000c35,0x00000c35,0x0004003d,0x00000007,
    0x00000c37,0x0000006d,0x0004003d,0x00000006,0x00000c38,0x00000c27,0x00050085,0x00000006,
    0x00000c39,0x00000c38,0x00000125,0x00050081,0x00000006,0x00000c3a,0x00000a4e,0x00000c39,
    0x00060050,0x00000007,0x00000c3b,0x00000c3a,0x00000c3a,0x00000c3a,0x0008000c,0x00000007,
    0x00000c3c,0x00000001,0x0000002e,0x00000c36,0x00000c37,0x00000c3b,0x0003003e,0x0000006d,
    0x00000c3c,0x0003003e,0x00000c3d,0x00000935,0x0003003e,0x00000c3e,0x00000c3f,0x000200f9,
    0x00000c40,0x000200f8,0x00000c40,0x000400f6,0x00000c42,0x00000c43,0x00000000,0x000200f9,
    0x00000c44,0x000200f8,0x00000c44,0x0004003d,0x00000061,0x00000c45,0x00000c3e,0x000500b3,
    0x000001c9,0x00000c46,0x00000c45,0x00000194,0x000400fa,0x00000c46,0x00000c41,0x00000c42,
    0x000200f8,0x00000c41,0x0003003e,0x00000c47,0x00000c3f,0x000200f9,0x00000c48,0x000200f8,
    0x00000c48,0x000400f6,0x00000c4a,0x00000c4b,0x00000000,0x000200f9,0x00000c4c,0x000200f8,
    0x00000c4c,0x0004003d,0x00000061,0x00000c4d,0x00000c47,0x000500b3,0x000001c9,0x00000c4e,
    0x00000c4d,0x00000194,0x000400fa,0x00000c4e,0x00000c49,0x00000c4a,0x000200f8,0x00000c49,
    0x0004003d,0x000002de,0x00000c4f,0x000002e0,0x0004003d,0x00000025,0x00000c50,0x0000006e,
    0x0004003d,0x00000061,0x00000c51,0x00000c3e,0x0004006f,0x00000006,0x00000c52,0x00000c51,
    0x0004003d,0x00000061,0x00000c53,0x00000c47,0x0004006f,0x00000006,0x00000c54,0x00000c53,
    0x00050050,0x00000025,0x00000c55,0x00000c52,0x00000c54,0x0004003d,0x00000025,0x00000c56,
    0x00000be1,0x00050085,0x00000025,0x00000c57,0x00000c55,0x00000c56,0x0005008e,0x00000025,
    0x00000c58,0x00000c57,0x000004f7,0x00050081,0x00000025,0x00000c59,0x00000c50,0x00000c58,
    0x00050057,0x00000190,0x00000c5a,0x00000c4f,0x00000c59,0x0008004f,0x00000007,0x00000c5b,
    0x00000c5a,0x00000c5a,0x00000000,0x00000001,0x00000002,0x0004003d,0x00000007,0x00000c5c,
    0x00000c3d,0x00050081,0x00000007,0x00000c5d,0x00000c5c,0x00000c5b,0x0003003e,0x00000c3d,
    0x00000c5d,0x000200f9,0x00000c4b,0x000200f8,0x00000c4b,0x0004003d,0x00000061,0x00000c5e,
    0x00000c47,0x00050080,0x00000061,0x00000c5f,0x00000c5e,0x00000194,0x0003003e,0x00000c47,
    0x00000c5f,0x000200f9,0x00000c48,0x000200f8,0x00000c4a,0x000200f9,0x00000c43,0x000200f8,
    0x00000c43,0x0004003d,0x00000061,0x00000c60,0x00000c3e,0x00050080,0x00000061,0x00000c61,
    0x00000c60,0x00000194,0x0003003e,0x00000c3e,0x00000c61,0x000200f9,0x00000c40,0x000200f8,
    0x00000c42,0x0004003d,0x00000007,0x00000c62,0x00000c3d,0x00060050,0x00000007,0x00000c63,
    0x00000754,0x00000754,0x00000754,0x00050088,0x00000007,0x00000c64,0x00000c62,0x00000c63,
    0x0003003e,0x00000c3d,0x00000c64,0x0004003d,0x00000006,0x00000c67,0x00000c03,0x0008000c,
    0x00000006,0x00000c68,0x00000001,0x00000031,0x0000011e,0x00000c66,0x00000c67,0x00050085,
    0x00000006,0x00000c69,0x00000c68,0x000008c6,0x0003003e,0x00000c65,0x00000c69,0x0004003d,
    0x00000007,0x00000c6a,0x0000006d,0x0004003d,0x00000007,0x00000c6b,0x00000c3d,0x0004003d,
    0x00000006,0x00000c6c,0x00000c65,0x00060050,0x00000007,0x00000c6d,0x00000c6c,0x00000c6c,
    0x00000c6c,0x0008000c,0x00000007,0x00000c6e,0x00000001,0x0000002e,0x00000c6a,0x00000c6b,
    0x00000c6d,0x0003003e,0x0000006d,0x00000c6e,0x0004003d,0x00000007,0x00000c6f,0x0000006d,
    0x000200fe,0x00000c6f,0x00010038,0x00050036,0x00000007,0x00000072,0x00000000,0x00000009,
    0x00030037,0x00000008,0x00000071,0x000200f8,0x00000073,0x0004003b,0x00000010,0x00000c80,
    0x00000007,0x0004003b,0x00000062,0x00000c95,0x00000007,0x0004003b,0x00000060,0x00000c9b,
    0x00000007,0x0004003b,0x00000008,0x00000d74,0x00000007,0x0004003b,0x00000060,0x00000d76,
    0x00000007,0x0004003b,0x00000062,0x00000d78,0x00000007,0x00050041,0x0000019b,0x00000c73,
    0x00000193,0x00000c72,0x0004003d,0x0000005d,0x00000c74,0x00000c73,0x000500aa,0x000001c9,
    0x00000c75,0x00000c74,0x000000ec,0x000300f7,0x00000c77,0x00000000,0x000400fa,0x00000c75,
    0x00000c76,0x00000c77,0x000200f8,0x00000c76,0x0004003d,0x00000007,0x00000c78,0x00000071,
    0x000200fe,0x00000c78,0x000200f8,0x00000c77,0x00050041,0x0000019b,0x00000c7b,0x00000193,
    0x00000c7a,0x0004003d,0x0000005d,0x00000c7c,0x00000c7b,0x000500aa,0x000001c9,0x00000c7d,
    0x00000c7c,0x000000ec,0x000300f7,0x00000c7f,0x00000000,0x000400fa,0x00000c7d,0x00000c7e,
    0x00000c7f,0x000200f8,0x00000c7e,0x00050041,0x0000019b,0x00000c82,0x00000193,0x00000c81,
    0x0004003d,0x0000005d,0x00000c83,0x00000c82,0x00040070,0x00000006,0x00000c84,0x00000c83,
    0x0003003e,0x00000c80,0x00000c84,0x0004003d,0x00000007,0x00000c85,0x00000071,0x0004003d,
    0x00000006,0x00000c86,0x00000c80,0x00050083,0x00000006,0x00000c87,0x00000c86,0x000000d8,
    0x0005008e,0x00000007,0x00000c88,0x00000c85,0x00000c87,0x00060050,0x00000007,0x00000c89,
    0x00000132,0x00000132,0x00000132,0x00050081,0x00000007,0x00000c8a,0x00000c88,0x00000c89,
    0x0006000c,0x00000007,0x00000c8b,0x00000001,0x00000008,0x00000c8a,0x0004003d,0x00000006,
    0x00000c8c,0x00000c80,0x00050083,0x00000006,0x00000c8d,0x00000c8c,0x000000d8,0x00060050,
    0x00000007,0x00000c8e,0x00000c8d,0x00000c8d,0x00000c8d,0x00050088,0x00000007,0x00000c8f,
    0x00000c8b,0x00000c8e,0x0003003e,0x00000071,0x00000c8f,0x0004003d,0x00000007,0x00000c90,
    0x00000071,0x00060050,0x00000007,0x00000c91,0x0000011e,0x0000011e,0x0000011e,0x00060050,
    0x00000007,0x00000c92,0x000000d8,0x000000d8,0x000000d8,0x0008000c,0x00000007,0x00000c93,
    0x00000001,0x0000002b,0x00000c90,0x00000c91,0x00000c92,0x000200fe,0x00000c93,0x000200f8,
    0x00000c7f,0x0003003e,0x00000c95,0x00000205,0x00050041,0x0000019b,0x00000c96,0x00000193,
    0x00000c7a,0x0004003d,0x0000005d,0x00000c97,0x00000c96,0x000500aa,0x000001c9,0x00000c98,
    0x00000c97,0x000000ef,0x000300f7,0x00000c9a,0x00000000,0x000400fa,0x00000c98,0x00000c99,
    0x00000ce1,0x000200f8,0x00000c99,0x00050041,0x00000008,0x00000c9c,0x00000c9b,0x0000019a,
    0x0003003e,0x00000c9c,0x00000935,0x00050041,0x00000008,0x00000ca0,0x00000c9b,0x00000194,
    0x0003003e,0x00000ca0,0x00000c9f,0x00050041,0x00000008,0x00000ca4,0x00000c9b,0x0000072f,
    0x0003003e,0x00000ca4,0x00000ca3,0x00050041,0x00000008,0x00000ca8,0x00000c9b,0x000001a9,
    0x0003003e,0x00000ca8,0x00000ca7,0x00050041,0x00000008,0x00000cad,0x00000c9b,0x00000748,
    0x0003003e,0x00000cad,0x00000cac,0x00050041,0x00000008,0x00000cb3,0x00000c9b,0x00000cae,
    0x0003003e,0x00000cb3,0x00000cb2,0x00050041,0x00000008,0x00000cb9,0x00000c9b,0x00000cb4,
    0x0003003e,0x00000cb9,0x00000cb8,0x00050041,0x00000008,0x00000cbe,0x00000c9b,0x00000cba,
    0x0003003e,0x00000cbe,0x00000cbd,0x00050041,0x00000008,0x00000cc1,0x00000c9b,0x000001c6,
    0x0003003e,0x00000cc1,0x00000cc0,0x00050041,0x00000008,0x00000cc4,0x00000c9b,0x000001dc,
    0x0003003e,0x00000cc4,0x00000cc3,0x00050041,0x00000008,0x00000cc8,0x00000c9b,0x000001d7,
    0x0003003e,0x00000cc8,0x00000cc7,0x00050041,0x00000008,0x00000ccc,0x00000c9b,0x00000cc9,
    0x0003003e,0x00000ccc,0x00000ccb,0x00050041,0x00000008,0x00000cd1,0x00000c9b,0x00000ccd,
    0x0003003e,0x00000cd1,0x00000cd0,0x00050041,0x00000008,0x00000cd7,0x00000c9b,0x00000cd2,
    0x0003003e,0x00000cd7,0x00000cd6,0x00050041,0x00000008,0x00000cdc,0x00000c9b,0x00000cd8,
    0x0003003e,0x00000cdc,0x00000cdb,0x00050041,0x00000008,0x00000ce0,0x00000c9b,0x00000cdd,
    0x0003003e,0x00000ce0,0x00000cdf,0x0003003e,0x00000c95,0x00000205,0x000200f9,0x00000c9a,
    0x000200f8,0x00000ce1,0x00050041,0x0000019b,0x00000ce2,0x00000193,0x00000c7a,0x0004003d,
    0x0000005d,0x00000ce3,0x00000ce2,0x000500aa,0x000001c9,0x00000ce4,0x00000ce3,0x000000f3,
    0x000300f7,0x00000ce6,0x00000000,0x000400fa,0x00000ce4,0x00000ce5,0x00000cf7,0x000200f8,
    0x00000ce5,0x00050041,0x00000008,0x00000cea,0x00000c9b,0x0000019a,0x0003003e,0x00000cea,
    0x00000ce9,0x00050041,0x00000008,0x00000cee,0x00000c9b,0x00000194,0x0003003e,0x00000cee,
    0x00000ced,0x00050041,0x00000008,0x00000cf2,0x00000c9b,0x0000072f,0x0003003e,0x00000cf2,
    0x00000cf1,0x00050041,0x00000008,0x00000cf6,0x00000c9b,0x000001a9,0x0003003e,0x00000cf6,
    0x00000cf5,0x0003003e,0x00000c95,0x00000748,0x000200f9,0x00000ce6,0x000200f8,0x00000cf7,
    0x00050041,0x0000019b,0x00000cf8,0x00000193,0x00000c7a,0x0004003d,0x0000005d,0x00000cf9,
    0x00000cf8,0x000500aa,0x000001c9,0x00000cfa,0x00000cf9,0x0000023b,0x000300f7,0x00000cfc,
    0x00000000,0x000400fa,0x00000cfa,0x00000cfb,0x00000d29,0x000200f8,0x00000cfb,0x00050041,
    0x00000008,0x00000cfd,0x00000c9b,0x0000019a,0x0003003e,0x00000cfd,0x00000935,0x00050041,
    0x00000008,0x00000d00,0x00000c9b,0x00000194,0x0003003e,0x00000d00,0x00000cff,0x00050041,
    0x00000008,0x00000d02,0x00000c9b,0x0000072f,0x0003003e,0x00000d02,0x00000d01,0x00050041,
    0x00000008,0x00000d05,0x00000c9b,0x000001a9,0x0003003e,0x00000d05,0x00000d04,0x00050041,
    0x00000008,0x00000d09,0x00000c9b,0x00000748,0x0003003e,0x00000d09,0x00000d08,0x00050041,
    0x00000008,0x00000d0b,0x00000c9b,0x00000cae,0x0003003e,0x00000d0b,0x00000d0a,0x00050041,
    0x00000008,0x00000d0d,0x00000c9b,0x00000cb4,0x0003003e,0x00000d0d,0x00000d0c,0x00050041,
    0x00000008,0x00000d10,0x00000c9b,0x00000cba,0x0003003e,0x00000d10,0x00000d0f,0x00050041,
    0x00000008,0x00000d13,0x00000c9b,0x000001c6,0x0003003e,0x00000d13,0x00000d12,0x00050041,
    0x00000008,0x00000d17,0x00000c9b,0x000001dc,0x0003003e,0x00000d17,0x00000d16,0x00050041,
    0x00000008,0x00000d1a,0x00000c9b,0x000001d7,0x0003003e,0x00000d1a,0x00000d19,0x00050041,
    0x00000008,0x00000d1e,0x00000c9b,0x00000cc9,0x0003003e,0x00000d1e,0x00000d1d,0x00050041,
    0x00000008,0x00000d20,0x00000c9b,0x00000ccd,0x0003003e,0x00000d20,0x00000d1f,0x00050041,
    0x00000008,0x00000d23,0x00000c9b,0x00000cd2,0x0003003e,0x00000d23,0x00000d22,0x00050041,
    0x00000008,0x00000d25,0x00000c9b,0x00000cd8,0x0003003e,0x00000d25,0x00000d24,0x00050041,
    0x00000008,0x00000d28,0x00000c9b,0x00000cdd,0x0003003e,0x00000d28,0x00000d27,0x0003003e,
    0x00000c95,0x00000205,0x000200f9,0x00000cfc,0x000200f8,0x00000d29,0x00050041,0x0000019b,
    0x00000d2a,0x00000193,0x00000c7a,0x0004003d,0x0000005d,0x00000d2b,0x00000d2a,0x000500aa,
    0x000001c9,0x00000d2c,0x00000d2b,0x00000232,0x000300f7,0x00000d2e,0x00000000,0x000400fa,
    0x00000d2c,0x00000d2d,0x00000d36,0x000200f8,0x00000d2d,0x00050041,0x00000008,0x00000d2f,
    0x00000c9b,0x0000019a,0x0003003e,0x00000d2f,0x00000935,0x00050041,0x00000008,0x00000d32,
    0x00000c9b,0x00000194,0x0003003e,0x00000d32,0x00000d31,0x00050041,0x00000008,0x00000d34,
    0x00000c9b,0x0000072f,0x0003003e,0x00000d34,0x00000d33,0x00050041,0x00000008,0x00000d35,
    0x00000c9b,0x000001a9,0x0003003e,0x00000d35,0x000000e6,0x0003003e,0x00000c95,0x00000748,
    0x000200f9,0x00000d2e,0x000200f8,0x00000d36,0x00050041,0x0000019b,0x00000d37,0x00000193,
    0x00000c7a,0x0004003d,0x0000005d,0x00000d38,0x00000d37,0x000500aa,0x000001c9,0x00000d3a,
    0x00000d38,0x00000d39,0x000300f7,0x00000d3c,0x00000000,0x000400fa,0x00000d3a,0x00000d3b,
    0x00000d3c,0x000200f8,0x00000d3b,0x00050041,0x00000008,0x00000d3d,0x00000c9b,0x0000019a,
    0x0003003e,0x00000d3d,0x00000935,0x00050041,0x00000008,0x00000d3e,0x00000c9b,0x00000194,
    0x0003003e,0x00000d3e,0x000000e6,0x00050041,0x00000008,0x00000d41,0x00000c9b,0x0000072f,
    0x0003003e,0x00000d41,0x00000d40,0x00050041,0x00000008,0x00000d45,0x00000c9b,0x000001a9,
    0x0003003e,0x00000d45,0x00000d44,0x00050041,0x00000008,0x00000d49,0x00000c9b,0x00000748,
    0x0003003e,0x00000d49,0x00000d48,0x00050041,0x00000008,0x00000d4e,0x00000c9b,0x00000cae,
    0x0003003e,0x00000d4e,0x00000d4d,0x00050041,0x00000008,0x00000d52,0x00000c9b,0x00000cb4,
    0x0003003e,0x00000d52,0x00000d51,0x00050041,0x00000008,0x00000d56,0x00000c9b,0x00000cba,
    0x0003003e,0x00000d56,0x00000d55,0x00050041,0x00000008,0x00000d5a,0x00000c9b,0x000001c6,
    0x0003003e,0x00000d5a,0x00000d59,0x00050041,0x00000008,0x00000d5d,0x00000c9b,0x000001dc,
    0x0003003e,0x00000d5d,0x00000d5c,0x00050041,0x00000008,0x00000d62,0x00000c9b,0x000001d7,
    0x0003003e,0x00000d62,0x00000d61,0x00050041,0x00000008,0x00000d65,0x00000c9b,0x00000cc9,
    0x0003003e,0x00000d65,0x00000d64,0x00050041,0x00000008,0x00000d67,0x00000c9b,0x00000ccd,
    0x0003003e,0x00000d67,0x00000d66,0x00050041,0x00000008,0x00000d6c,0x00000c9b,0x00000cd2,
    0x0003003e,0x00000d6c,0x00000d6b,0x00050041,0x00000008,0x00000d70,0x00000c9b,0x00000cd8,
    0x0003003e,0x00000d70,0x00000d6f,0x00050041,0x00000008,0x00000d73,0x00000c9b,0x00000cdd,
    0x0003003e,0x00000d73,0x00000d72,0x0003003e,0x00000c95,0x00000205,0x000200f9,0x00000d3c,
    0x000200f8,0x00000d3c,0x000200f9,0x00000d2e,0x000200f8,0x00000d2e,0x000200f9,0x00000cfc,
    0x000200f8,0x00000cfc,0x000200f9,0x00000ce6,0x000200f8,0x00000ce6,0x000200f9,0x00000c9a,
    0x000200f8,0x00000c9a,0x0004003d,0x00000007,0x00000d75,0x00000071,0x0003003e,0x00000d74,
    0x00000d75,0x0004003d,0x0000005f,0x00000d77,0x00000c9b,0x0003003e,0x00000d76,0x00000d77,
    0x0004003d,0x00000061,0x00000d79,0x00000c95,0x0003003e,0x00000d78,0x00000d79,0x00070039,
    0x00000007,0x00000d7a,0x00000067,0x00000d74,0x00000d76,0x00000d78,0x000200fe,0x00000d7a,
    0x00010038,0x00050036,0x00000006,0x00000078,0x00000000,0x00000076,0x00030037,0x00000075,
    0x00000077,0x000200f8,0x00000079,0x0004003b,0x00000062,0x00000d7d,0x00000007,0x0004003b,
    0x0000075b,0x00000d87,0x00000007,0x00050041,0x00000062,0x00000d7e,0x00000077,0x000000ec,
    0x0004003d,0x00000061,0x00000d7f,0x00000d7e,0x0005008b,0x00000061,0x00000d80,0x00000d7f,
    0x00000748,0x00050041,0x00000062,0x00000d81,0x00000077,0x000000ef,0x0004003d,0x00000061,
    0x00000d82,0x00000d81,0x0005008b,0x00000061,0x00000d83,0x00000d82,0x00000748,0x00050084,
    0x00000061,0x00000d84,0x00000d83,0x00000748,0x00050080,0x00000061,0x00000d85,0x00000d80,
    0x00000d84,0x0003003e,0x00000d7d,0x00000d85,0x0004003d,0x00000061,0x00000d86,0x00000d7d,
    0x0003003e,0x00000d87,0x00000759,0x00050041,0x00000010,0x00000d88,0x00000d87,0x00000d86,
    0x0004003d,0x00000006,0x00000d89,0x00000d88,0x00050088,0x00000006,0x00000d8a,0x00000d89,
    0x0000075f,0x000200fe,0x00000d8a,0x00010038,0x00050036,0x00000006,0x0000007b,0x00000000,
    0x00000076,0x00030037,0x00000075,0x0000007a,0x000200f8,0x0000007c,0x0004003b,0x00000062,
    0x00000d8d,0x00000007,0x0004003b,0x0000079f,0x00000d97,0x00000007,0x00050041,0x00000062,
    0x00000d8e,0x0000007a,0x000000ec,0x0004003d,0x00000061,0x00000d8f,0x00000d8e,0x0005008b,
    0x00000061,0x00000d90,0x00000d8f,0x000001c6,0x00050041,0x00000062,0x00000d91,0x0000007a,
    0x000000ef,0x0004003d,0x00000061,0x00000d92,0x00000d91,0x0005008b,0x00000061,0x00000d93,
    0x00000d92,0x000001c6,0x00050084,0x00000061,0x00000d94,0x00000d93,0x000001c6,0x00050080,
    0x00000061,0x00000d95,0x00000d90,0x00000d94,0x0003003e,0x00000d8d,0x00000d95,0x0004003d,
    0x00000061,0x00000d96,0x00000d8d,0x0003003e,0x00000d97,0x0000079d,0x00050041,0x00000010,
    0x00000d98,0x00000d97,0x00000d96,0x0004003d,0x00000006,0x00000d99,0x00000d98,0x00050088,
    0x00000006,0x00000d9a,0x00000d99,0x000007a3,0x000200fe,0x00000d9a,0x00010038,0x00050036,
    0x00000006,0x0000007e,0x00000000,0x00000076,0x00030037,0x00000075,0x0000007d,0x000200f8,
    0x0000007f,0x0004003b,0x00000026,0x00000d9d,0x00000007,0x0004003d,0x00000074,0x00000d9e,
    0x0000007d,0x0004006f,0x00000025,0x00000d9f,0x00000d9e,0x0003003e,0x00000d9d,0x00000d9f,
    0x00050041,0x00000010,0x00000da2,0x00000d9d,0x000000ec,0x0004003d,0x00000006,0x00000da3,
    0x00000da2,0x00050085,0x00000006,0x00000da4,0x00000da1,0x00000da3,0x00050041,0x00000010,
    0x00000da6,0x00000d9d,0x000000ef,0x0004003d,0x00000006,0x00000da7,0x00000da6,0x00050085,
    0x00000006,0x00000da8,0x00000da5,0x00000da7,0x00050081,0x00000006,0x00000da9,0x00000da4,
    0x00000da8,0x0006000c,0x00000006,0x00000daa,0x00000001,0x0000000a,0x00000da9,0x00050085,
    0x00000006,0x00000dab,0x00000da0,0x00000daa,0x0006000c,0x00000006,0x00000dac,0x00000001,
    0x0000000a,0x00000dab,0x000200fe,0x00000dac,0x00010038,0x00050036,0x00000006,0x00000081,
    0x00000000,0x00000076,0x00030037,0x00000075,0x00000080,0x000200f8,0x00000082,0x0004003b,
    0x00000026,0x00000daf,0x00000007,0x0004003d,0x00000074,0x00000db0,0x00000080,0x0004006f,
    0x00000025,0x00000db1,0x00000db0,0x00050050,0x00000025,0x00000db2,0x0000057e,0x0000057e,
    0x0005008d,0x00000025,0x00000db3,0x00000db1,0x00000db2,0x00050050,0x00000025,0x00000db5,
    0x00000db4,0x00000db4,0x00050083,0x00000025,0x00000db6,0x00000db3,0x00000db5,0x0003003e,
    0x00000daf,0x00000db6,0x0004003d,0x00000025,0x00000db7,0x00000daf,0x0006000c,0x00000006,
    0x00000db8,0x00000001,0x00000042,0x00000db7,0x00050088,0x00000006,0x00000db9,0x00000db8,
    0x00000758,0x000200fe,0x00000db9,0x00010038,0x00050036,0x00000006,0x00000084,0x00000000,
    0x00000076,0x00030037,0x00000075,0x00000083,0x000200f8,0x00000085,0x0004003b,0x00000010,
    0x00000dbc,0x00000007,0x0004003b,0x00000010,0x00000dc5,0x00000007,0x00050041,0x00000062,
    0x00000dbd,0x00000083,0x000000ec,0x0004003d,0x00000061,0x00000dbe,0x00000dbd,0x00050041,
    0x00000062,0x00000dbf,0x00000083,0x000000ef,0x0004003d,0x00000061,0x00000dc0,0x00000dbf,
    0x00050080,0x00000061,0x00000dc1,0x00000dbe,0x00000dc0,0x0004006f,0x00000006,0x00000dc2,
    0x00000dc1,0x0005008d,0x00000006,0x00000dc3,0x00000dc2,0x0000057e,0x00050088,0x00000006,
    0x00000dc4,0x00000dc3,0x0000057e,0x0003003e,0x00000dbc,0x00000dc4,0x00050041,0x00000062,
    0x00000dc6,0x00000083,0x000000ec,0x0004003d,0x00000061,0x00000dc7,0x00000dc6,0x00050041,
    0x00000062,0x00000dc8,0x00000083,0x000000ef,0x0004003d,0x00000061,0x00000dc9,0x00000dc8,
    0x00050082,0x00000061,0x00000dca,0x00000dc7,0x00000dc9,0x00050080,0x00000061,0x00000dcc,
    0x00000dca,0x00000dcb,0x0004006f,0x00000006,0x00000dcd,0x00000dcc,0x0005008d,0x00000006,
    0x00000dce,0x00000dcd,0x0000057e,0x00050088,0x00000006,0x00000dcf,0x00000dce,0x0000057e,
    0x0003003e,0x00000dc5,0x00000dcf,0x0004003d,0x00000006,0x00000dd0,0x00000dbc,0x0004003d,
    0x00000006,0x00000dd1,0x00000dc5,0x0007000c,0x00000006,0x00000dd2,0x00000001,0x00000025,
    0x00000dd0,0x00000dd1,0x000200fe,0x00000dd2,0x00010038,0x00050036,0x00000006,0x00000087,
    0x00000000,0x00000076,0x00030037,0x00000075,0x00000086,0x000200f8,0x00000088,0x0004003b,
    0x00000026,0x00000dd5,0x00000007,0x0004003b,0x00000010,0x00000dd8,0x00000007,0x0004003b,
    0x00000010,0x00000ddc,0x00000007,0x0004003b,0x00000010,0x00000de0,0x00000007,0x0004003b,
    0x00000026,0x00000de6,0x00000007,0x0004003b,0x00000010,0x00000de8,0x00000007,0x0004003d,
    0x00000074,0x00000dd6,0x00000086,0x0004006f,0x00000025,0x00000dd7,0x00000dd6,0x0003003e,
    0x00000dd5,0x00000dd7,0x00050041,0x00000010,0x00000dd9,0x00000dd5,0x000000ef,0x0004003d,
    0x00000006,0x00000dda,0x00000dd9,0x0005008d,0x00000006,0x00000ddb,0x00000dda,0x00000752,
    0x0003003e,0x00000dd8,0x00000ddb,0x0004003d,0x00000006,0x00000ddd,0x00000dd8,0x000500b8,
    0x000001c9,0x00000dde,0x00000ddd,0x00000174,0x000600a9,0x00000006,0x00000ddf,0x00000dde,
    0x0000011e,0x00000174,0x0003003e,0x00000ddc,0x00000ddf,0x00050041,0x00000010,0x00000de1,
    0x00000dd5,0x000000ec,0x0004003d,0x00000006,0x00000de2,0x00000de1,0x0004003d,0x00000006,
    0x00000de3,0x00000ddc,0x00050081,0x00000006,0x00000de4,0x00000de2,0x00000de3,0x0005008d,
    0x00000006,0x00000de5,0x00000de4,0x00000752,0x0003003e,0x00000de0,0x00000de5,0x0003003e,
    0x00000de6,0x00000de7,0x0004003d,0x00000006,0x00000de9,0x00000de0,0x0004003d,0x00000006,
    0x00000dea,0x00000dd8,0x0005008d,0x00000006,0x00000deb,0x00000dea,0x00000174,0x00050085,
    0x00000006,0x00000dec,0x00000deb,0x00000175,0x00050050,0x00000025,0x00000ded,0x00000de9,
    0x00000dec,0x0004003d,0x00000025,0x00000dee,0x00000de6,0x00050083,0x00000025,0x00000def,
    0x00000ded,0x00000dee,0x0006000c,0x00000006,0x00000df0,0x00000001,0x00000042,0x00000def,
    0x0003003e,0x00000de8,0x00000df0,0x0004003d,0x00000006,0x00000df1,0x00000de8,0x00050088,
    0x00000006,0x00000df2,0x00000df1,0x00000544,0x0008000c,0x00000006,0x00000df3,0x00000001,
    0x0000002b,0x00000df2,0x0000011e,0x000000d8,0x000200fe,0x00000df3,0x00010038,0x00050036,
    0x00000006,0x0000008a,0x00000000,0x00000076,0x00030037,0x00000075,0x00000089,0x000200f8,
    0x0000008b,0x0004003b,0x00000062,0x00000df6,0x00000007,0x0004003b,0x00000739,0x00000e00,
    0x00000007,0x00050041,0x00000062,0x00000df7,0x00000089,0x000000ec,0x0004003d,0x00000061,
    0x00000df8,0x00000df7,0x0005008b,0x00000061,0x00000df9,0x00000df8,0x0000072f,0x00050041,
    0x00000062,0x00000dfa,0x00000089,0x000000ef,0x0004003d,0x00000061,0x00000dfb,0x00000dfa,
    0x0005008b,0x00000061,0x00000dfc,0x00000dfb,0x0000072f,0x00050084,0x00000061,0x00000dfd,
    0x00000dfc,0x0000072f,0x00050080,0x00000061,0x00000dfe,0x00000df9,0x00000dfd,0x0003003e,
    0x00000df6,0x00000dfe,0x0004003d,0x00000061,0x00000dff,0x00000df6,0x0003003e,0x00000e00,
    0x00000737,0x00050041,0x00000010,0x00000e01,0x00000e00,0x00000dff,0x0004003d,0x00000006,
    0x00000e02,0x00000e01,0x00050088,0x00000006,0x00000e03,0x00000e02,0x00000544,0x000200fe,
    0x00000e03,0x00010038,0x00050036,0x00000006,0x0000008f,0x00000000,0x0000008c,0x00030037,
    0x00000075,0x0000008d,0x00030037,0x00000010,0x0000008e,0x000200f8,0x00000090,0x0004003b,
    0x00000010,0x00000e06,0x00000007,0x0004003d,0x00000074,0x00000e07,0x0000008d,0x0004006f,
    0x00000025,0x00000e08,0x00000e07,0x00050094,0x00000006,0x00000e09,0x00000e08,0x000002c3,
    0x0006000c,0x00000006,0x00000e0a,0x00000001,0x0000000d,0x00000e09,0x00050085,0x00000006,
    0x00000e0b,0x00000e0a,0x000002c6,0x0006000c,0x00000006,0x00000e0c,0x00000001,0x0000000a,
    0x00000e0b,0x0003003e,0x00000e06,0x00000e0c,0x0004003d,0x00000006,0x00000e0d,0x0000008e,
    0x0004003d,0x00000006,0x00000e0e,0x00000e06,0x0008000c,0x00000006,0x00000e0f,0x00000001,
    0x0000002e,0x00000e0d,0x00000e0e,0x00000132,0x000200fe,0x00000e0f,0x00010038,0x00050036,
    0x00000007,0x00000093,0x00000000,0x00000027,0x00030037,0x00000008,0x00000091,0x00030037,
    0x00000026,0x00000092,0x000200f8,0x00000094,0x0004003b,0x00000010,0x00000e1a,0x00000007,
    0x0004003b,0x00000075,0x00000e1f,0x00000007,0x0004003b,0x00000010,0x00000e26,0x00000007,
    0x0004003b,0x000000c7,0x00000e29,0x00000007,0x0004003b,0x00000010,0x00000e2d,0x00000007,
    0x0004003b,0x00000010,0x00000e2e,0x00000007,0x0004003b,0x00000075,0x00000e34,0x00000007,
    0x0004003b,0x00000075,0x00000e40,0x00000007,0x0004003b,0x00000075,0x00000e4c,0x00000007,
    0x0004003b,0x00000075,0x00000e59,0x00000007,0x0004003b,0x00000075,0x00000e65,0x00000007,
    0x0004003b,0x00000075,0x00000e72,0x00000007,0x0004003b,0x00000075,0x00000e7e,0x00000007,
    0x0004003b,0x00000075,0x00000e8b,0x00000007,0x0004003b,0x00000010,0x00000e8d,0x00000007,
    0x0004003b,0x00000010,0x00000e9c,0x00000007,0x0004003b,0x00000008,0x00000ea9,0x00000007,
    0x0004003b,0x00000008,0x00000ead,0x00000007,0x0004003b,0x00000008,0x00000ec1,0x00000007,
    0x0004003b,0x00000010,0x00000ecb,0x00000007,0x00050041,0x0000019b,0x00000e13,0x00000193,
    0x00000e12,0x0004003d,0x0000005d,0x00000e14,0x00000e13,0x000500aa,0x000001c9,0x00000e15,
    0x00000e14,0x000000ec,0x000300f7,0x00000e17,0x00000000,0x000400fa,0x00000e15,0x00000e16,
    0x00000e17,0x000200f8,0x00000e16,0x0004003d,0x00000007,0x00000e18,0x00000091,0x000200fe,
    0x00000e18,0x000200f8,0x00000e17,0x00050041,0x00000195,0x00000e1c,0x00000193,0x00000e1b,
    0x0004003d,0x00000006,0x00000e1d,0x00000e1c,0x0007000c,0x00000006,0x00000e1e,0x00000001,
    0x00000028,0x00000e1d,0x00000132,0x0003003e,0x00000e1a,0x00000e1e,0x0004003d,0x00000025,
    0x00000e20,0x00000092,0x0004003d,0x00000006,0x00000e21,0x00000e1a,0x00050050,0x00000025,
    0x00000e22,0x00000e21,0x00000e21,0x00050088,0x00000025,0x00000e23,0x00000e20,0x00000e22,
    0x0006000c,0x00000025,0x00000e24,0x00000001,0x00000008,0x00000e23,0x0004006e,0x00000074,
    0x00000e25,0x00000e24,0x0003003e,0x00000e1f,0x00000e25,0x0004003d,0x00000007,0x00000e27,
    0x00000091,0x00050094,0x00000006,0x00000e28,0x00000e27,0x000001fb,0x0003003e,0x00000e26,
    0x00000e28,0x00050041,0x0000019b,0x00000e2b,0x00000193,0x00000e2a,0x0004003d,0x0000005d,
    0x00000e2c,0x00000e2b,0x0003003e,0x00000e29,0x00000e2c,0x0003003e,0x00000e2d,0x0000011e,
    0x0003003e,0x00000e2e,0x0000011e,0x0004003d,0x0000005d,0x00000e2f,0x00000e29,0x000500c7,
    0x0000005d,0x00000e30,0x00000e2f,0x000000ef,0x000500ab,0x000001c9,0x00000e31,0x00000e30,
    0x000000ec,0x000300f7,0x00000e33,0x00000000,0x000400fa,0x00000e31,0x00000e32,0x00000e33,
    0x000200f8,0x00000e32,0x0004003d,0x00000074,0x00000e35,0x00000e1f,0x0003003e,0x00000e34,
    0x00000e35,0x00050039,0x00000006,0x00000e36,0x00000078,0x00000e34,0x0004003d,0x00000006,
    0x00000e37,0x00000e2d,0x00050081,0x00000006,0x00000e38,0x00000e37,0x00000e36,0x0003003e,
    0x00000e2d,0x00000e38,0x0004003d,0x00000006,0x00000e39,0x00000e2e,0x00050081,0x00000006,
    0x00000e3a,0x00000e39,0x000000d8,0x0003003e,0x00000e2e,0x00000e3a,0x000200f9,0x00000e33,
    0x000200f8,0x00000e33,0x0004003d,0x0000005d,0x00000e3b,0x00000e29,0x000500c7,0x0000005d,
    0x00000e3c,0x00000e3b,0x000000f3,0x000500ab,0x000001c9,0x00000e3d,0x00000e3c,0x000000ec,
    0x000300f7,0x00000e3f,0x00000000,0x000400fa,0x00000e3d,0x00000e3e,0x00000e3f,0x000200f8,
    0x00000e3e,0x0004003d,0x00000074,0x00000e41,0x00000e1f,0x0003003e,0x00000e40,0x00000e41,
    0x00050039,0x00000006,0x00000e42,0x0000007b,0x00000e40,0x0004003d,0x00000006,0x00000e43,
    0x00000e2d,0x00050081,0x00000006,0x00000e44,0x00000e43,0x00000e42,0x0003003e,0x00000e2d,
    0x00000e44,0x0004003d,0x00000006,0x00000e45,0x00000e2e,0x00050081,0x00000006,0x00000e46,
    0x00000e45,0x000000d8,0x0003003e,0x00000e2e,0x00000e46,0x000200f9,0x00000e3f,0x000200f8,
    0x00000e3f,0x0004003d,0x0000005d,0x00000e47,0x00000e29,0x000500c7,0x0000005d,0x00000e48,
    0x00000e47,0x00000232,0x000500ab,0x000001c9,0x00000e49,0x00000e48,0x000000ec,0x000300f7,
    0x00000e4b,0x00000000,0x000400fa,0x00000e49,0x00000e4a,0x00000e4b,0x000200f8,0x00000e4a,
    0x0004003d,0x00000074,0x00000e4d,0x00000e1f,0x0003003e,0x00000e4c,0x00000e4d,0x00050039,
    0x00000006,0x00000e4e,0x0000007e,0x00000e4c,0x0004003d,0x00000006,0x00000e4f,0x00000e2d,
    0x00050081,0x00000006,0x00000e50,0x00000e4f,0x00000e4e,0x0003003e,0x00000e2d,0x00000e50,
    0x0004003d,0x00000006,0x00000e51,0x00000e2e,0x00050081,0x00000006,0x00000e52,0x00000e51,
    0x000000d8,0x0003003e,0x00000e2e,0x00000e52,0x000200f9,0x00000e4b,0x000200f8,0x00000e4b,
    0x0004003d,0x0000005d,0x00000e53,0x00000e29,0x000500c7,0x0000005d,0x00000e55,0x00000e53,
    0x00000e54,0x000500ab,0x000001c9,0x00000e56,0x00000e55,0x000000ec,0x000300f7,0x00000e58,
    0x00000000,0x000400fa,0x00000e56,0x00000e57,0x00000e58,0x000200f8,0x00000e57,0x0004003d,
    0x00000074,0x00000e5a,0x00000e1f,0x0003003e,0x00000e59,0x00000e5a,0x00050039,0x00000006,
    0x00000e5b,0x00000081,0x00000e59,0x0004003d,0x00000006,0x00000e5c,0x00000e2d,0x00050081,
    0x00000006,0x00000e5d,0x00000e5c,0x00000e5b,0x0003003e,0x00000e2d,0x00000e5d,0x0004003d,
    0x00000006,0x00000e5e,0x00000e2e,0x00050081,0x00000006,0x00000e5f,0x00000e5e,0x000000d8,
    0x0003003e,0x00000e2e,0x00000e5f,0x000200f9,0x00000e58,0x000200f8,0x00000e58,0x0004003d,
    0x0000005d,0x00000e60,0x00000e29,0x000500c7,0x0000005d,0x00000e61,0x00000e60,0x0000005e,
    0x000500ab,0x000001c9,0x00000e62,0x00000e61,0x000000ec,0x000300f7,0x00000e64,0x00000000,
    0x000400fa,0x00000e62,0x00000e63,0x00000e64,0x000200f8,0x00000e63,0x0004003d,0x00000074,
    0x00000e66,0x00000e1f,0x0003003e,0x00000e65,0x00000e66,0x00050039,0x00000006,0x00000e67,
    0x00000084,0x00000e65,0x0004003d,0x00000006,0x00000e68,0x00000e2d,0x00050081,0x00000006,
    0x00000e69,0x00000e68,0x00000e67,0x0003003e,0x00000e2d,0x00000e69,0x0004003d,0x00000006,
    0x00000e6a,0x00000e2e,0x00050081,0x00000006,0x00000e6b,0x00000e6a,0x000000d8,0x0003003e,
    0x00000e2e,0x00000e6b,0x000200f9,0x00000e64,0x000200f8,0x00000e64,0x0004003d,0x0000005d,
    0x00000e6c,0x00000e29,0x000500c7,0x0000005d,0x00000e6e,0x00000e6c,0x00000e6d,0x000500ab,
    0x000001c9,0x00000e6f,0x00000e6e,0x000000ec,0x000300f7,0x00000e71,0x00000000,0x000400fa,
    0x00000e6f,0x00000e70,0x00000e71,0x000200f8,0x00000e70,0x0004003d,0x00000074,0x00000e73,
    0x00000e1f,0x0003003e,0x00000e72,0x00000e73,0x00050039,0x00000006,0x00000e74,0x00000087,
    0x00000e72,0x0004003d,0x00000006,0x00000e75,0x00000e2d,0x00050081,0x00000006,0x00000e76,
    0x00000e75,0x00000e74,0x0003003e,0x00000e2d,0x00000e76,0x0004003d,0x00000006,0x00000e77,
    0x00000e2e,0x00050081,0x00000006,0x00000e78,0x00000e77,0x000000d8,0x0003003e,0x00000e2e,
    0x00000e78,0x000200f9,0x00000e71,0x000200f8,0x00000e71,0x0004003d,0x0000005d,0x00000e79,
    0x00000e29,0x000500c7,0x0000005d,0x00000e7a,0x00000e79,0x0000076c,0x000500ab,0x000001c9,
    0x00000e7b,0x00000e7a,0x000000ec,0x000300f7,0x00000e7d,0x00000000,0x000400fa,0x00000e7b,
    0x00000e7c,0x00000e7d,0x000200f8,0x00000e7c,0x0004003d,0x00000074,0x00000e7f,0x00000e1f,
    0x0003003e,0x00000e7e,0x00000e7f,0x00050039,0x00000006,0x00000e80,0x0000008a,0x00000e7e,
    0x0004003d,0x00000006,0x00000e81,0x00000e2d,0x00050081,0x00000006,0x00000e82,0x00000e81,
    0x00000e80,0x0003003e,0x00000e2d,0x00000e82,0x0004003d,0x00000006,0x00000e83,0x00000e2e,
    0x00050081,0x00000006,0x00000e84,0x00000e83,0x000000d8,0x0003003e,0x00000e2e,0x00000e84,
    0x000200f9,0x00000e7d,0x000200f8,0x00000e7d,0x0004003d,0x0000005d,0x00000e85,0x00000e29,
    0x000500c7,0x0000005d,0x00000e87,0x00000e85,0x00000e86,0x000500ab,0x000001c9,0x00000e88,
    0x00000e87,0x000000ec,0x000300f7,0x00000e8a,0x00000000,0x000400fa,0x00000e88,0x00000e89,
    0x00000e8a,0x000200f8,0x00000e89,0x0004003d,0x00000074,0x00000e8c,0x00000e1f,0x0003003e,
    0x00000e8b,0x00000e8c,0x0004003d,0x00000006,0x00000e8e,0x00000e26,0x0003003e,0x00000e8d,
    0x00000e8e,0x00060039,0x00000006,0x00000e8f,0x0000008f,0x00000e8b,0x00000e8d,0x0004003d,
    0x00000006,0x00000e90,0x00000e2d,0x00050081,0x00000006,0x00000e91,0x00000e90,0x00000e8f,
    0x0003003e,0x00000e2d,0x00000e91,0x0004003d,0x00000006,0x00000e92,0x00000e2e,0x00050081,
    0x00000006,0x00000e93,0x00000e92,0x000000d8,0x0003003e,0x00000e2e,0x00000e93,0x000200f9,
    0x00000e8a,0x000200f8,0x00000e8a,0x0004003d,0x00000006,0x00000e94,0x00000e2e,0x000500b8,
    0x000001c9,0x00000e95,0x00000e94,0x000000d8,0x000300f7,0x00000e97,0x00000000,0x000400fa,
    0x00000e95,0x00000e96,0x00000e98,0x000200f8,0x00000e96,0x0003003e,0x00000e2d,0x00000132,
    0x000200f9,0x00000e97,0x000200f8,0x00000e98,0x0004003d,0x00000006,0x00000e99,0x00000e2e,
    0x0004003d,0x00000006,0x00000e9a,0x00000e2d,0x00050088,0x00000006,0x00000e9b,0x00000e9a,
    0x00000e99,0x0003003e,0x00000e2d,0x00000e9b,0x000200f9,0x00000e97,0x000200f8,0x00000e97,
    0x0004003d,0x00000006,0x00000e9d,0x00000e26,0x00050041,0x00000195,0x00000e9f,0x00000193,
    0x00000e9e,0x0004003d,0x00000006,0x00000ea0,0x00000e9f,0x00050083,0x00000006,0x00000ea1,
    0x00000ea0,0x00000132,0x00050081,0x00000006,0x00000ea2,0x00000e9d,0x00000ea1,0x0003003e,
    0x00000e9c,0x00000ea2,0x00050041,0x0000019b,0x00000ea4,0x00000193,0x00000ea3,0x0004003d,
    0x0000005d,0x00000ea5,0x00000ea4,0x000500aa,0x000001c9,0x00000ea6,0x00000ea5,0x000000ec,
    0x000300f7,0x00000ea8,0x00000000,0x000400fa,0x00000ea6,0x00000ea7,0x00000eb8,0x000200f8,
    0x00000ea7,0x0004003d,0x00000006,0x00000eaa,0x00000e9c,0x0004003d,0x00000006,0x00000eab,
    0x00000e2d,0x000500ba,0x000001c9,0x00000eac,0x00000eaa,0x00000eab,0x000300f7,0x00000eaf,
    0x00000000,0x000400fa,0x00000eac,0x00000eae,0x00000eb3,0x000200f8,0x00000eae,0x00050041,
    0x00000206,0x00000eb1,0x00000193,0x00000eb0,0x0004003d,0x00000007,0x00000eb2,0x00000eb1,
    0x0003003e,0x00000ead,0x00000eb2,0x000200f9,0x00000eaf,0x000200f8,0x00000eb3,0x00050041,
    0x00000206,0x00000eb5,0x00000193,0x00000eb4,0x0004003d,0x00000007,0x00000eb6,0x00000eb5,
    0x0003003e,0x00000ead,0x00000eb6,0x000200f9,0x00000eaf,0x000200f8,0x00000eaf,0x0004003d,
    0x00000007,0x00000eb7,0x00000ead,0x0003003e,0x00000ea9,0x00000eb7,0x000200f9,0x00000ea8,
    0x000200f8,0x00000eb8,0x00050041,0x0000019b,0x00000eb9,0x00000193,0x00000ea3,0x0004003d,
    0x0000005d,0x00000eba,0x00000eb9,0x000500aa,0x000001c9,0x00000ebb,0x00000eba,0x000000ef,
    0x000300f7,0x00000ebd,0x00000000,0x000400fa,0x00000ebb,0x00000ebc,0x00000eca,0x000200f8,
    0x00000ebc,0x0004003d,0x00000006,0x00000ebe,0x00000e9c,0x0004003d,0x00000006,0x00000ebf,
    0x00000e2d,0x000500ba,0x000001c9,0x00000ec0,0x00000ebe,0x00000ebf,0x000300f7,0x00000ec3,
    0x00000000,0x000400fa,0x00000ec0,0x00000ec2,0x00000ec6,0x000200f8,0x00000ec2,0x00050041,
    0x00000206,0x00000ec4,0x00000193,0x00000eb0,0x0004003d,0x00000007,0x00000ec5,0x00000ec4,
    0x0003003e,0x00000ec1,0x00000ec5,0x000200f9,0x00000ec3,0x000200f8,0x00000ec6,0x00050041,
    0x00000206,0x00000ec7,0x00000193,0x00000eb4,0x0004003d,0x00000007,0x00000ec8,0x00000ec7,
    0x0003003e,0x00000ec1,0x00000ec8,0x000200f9,0x00000ec3,0x000200f8,0x00000ec3,0x0004003d,
    0x00000007,0x00000ec9,0x00000ec1,0x0003003e,0x00000ea9,0x00000ec9,0x000200f9,0x00000ebd,
    0x000200f8,0x00000eca,0x0004003d,0x00000006,0x00000ecc,0x00000e9c,0x0004003d,0x00000006,
    0x00000ecd,0x00000e2d,0x000500ba,0x000001c9,0x00000ece,0x00000ecc,0x00000ecd,0x000600a9,
    0x00000006,0x00000ecf,0x00000ece,0x000000d8,0x0000011e,0x0003003e,0x00000ecb,0x00000ecf,
    0x0004003d,0x00000007,0x00000ed0,0x00000091,0x0004003d,0x00000006,0x00000ed1,0x00000ecb,
    0x0005008e,0x00000007,0x00000ed2,0x00000ed0,0x00000ed1,0x0003003e,0x00000ea9,0x00000ed2,
    0x000200f9,0x00000ebd,0x000200f8,0x00000ebd,0x000200f9,0x00000ea8,0x000200f8,0x00000ea8,
    0x0004003d,0x00000007,0x00000ed3,0x00000091,0x0004003d,0x00000007,0x00000ed4,0x00000ea9,
    0x00050041,0x00000195,0x00000ed6,0x00000193,0x00000ed5,0x0004003d,0x00000006,0x00000ed7,
    0x00000ed6,0x00060050,0x00000007,0x00000ed8,0x00000ed7,0x00000ed7,0x00000ed7,0x0008000c,
    0x00000007,0x00000ed9,0x00000001,0x0000002e,0x00000ed3,0x00000ed4,0x00000ed8,0x000200fe,
    0x00000ed9,0x00010038,0x00050036,0x00000006,0x00000099,0x00000000,0x00000095,0x00030037,
    0x00000010,0x00000096,0x00030037,0x00000010,0x00000097,0x00030037,0x00000010,0x00000098,
    0x000200f8,0x0000009a,0x0004003d,0x00000006,0x00000edc,0x00000097,0x0004003d,0x00000006,
    0x00000edd,0x00000098,0x00050085,0x00000006,0x00000ede,0x00000edc,0x00000edd,0x0004003d,
    0x00000006,0x00000edf,0x00000098,0x0004003d,0x00000006,0x00000ee0,0x00000096,0x0004003d,
    0x00000006,0x00000ee1,0x00000098,0x0004003d,0x00000006,0x00000ee2,0x00000097,0x00050083,
    0x00000006,0x00000ee3,0x00000ee1,0x00000ee2,0x00050085,0x00000006,0x00000ee4,0x00000ee0,
    0x00000ee3,0x00050083,0x00000006,0x00000ee5,0x00000edf,0x00000ee4,0x00050088,0x00000006,
    0x00000ee6,0x00000ede,0x00000ee5,0x000200fe,0x00000ee6,0x00010038,0x00050036,0x00000006,
    0x0000009d,0x00000000,0x0000009b,0x00030037,0x00000026,0x0000009c,0x000200f8,0x0000009e,
    0x00050041,0x00000010,0x00000ee9,0x0000009c,0x000000ec,0x0004003d,0x00000006,0x00000eea,
    0x00000ee9,0x00050085,0x00000006,0x00000eeb,0x00000da1,0x00000eea,0x00050041,0x00000010,
    0x00000eec,0x0000009c,0x000000ef,0x0004003d,0x00000006,0x00000eed,0x00000eec,0x00050085,
    0x00000006,0x00000eee,0x00000da5,0x00000eed,0x00050081,0x00000006,0x00000eef,0x00000eeb,
    0x00000eee,0x0006000c,0x00000006,0x00000ef0,0x00000001,0x0000000a,0x00000eef,0x00050085,
    0x00000006,0x00000ef1,0x00000da0,0x00000ef0,0x0006000c,0x00000006,0x00000ef2,0x00000001,
    0x0000000a,0x00000ef1,0x000200fe,0x00000ef2,0x00010038,0x00050036,0x00000007,0x000000a2,
    0x00000000,0x0000009f,0x00030037,0x00000026,0x000000a0,0x00030037,0x00000010,0x000000a1,
    0x000200f8,0x000000a3,0x0004003b,0x00000ef5,0x00000ef6,0x00000007,0x0004003b,0x00000ef5,
    0x00000eff,0x00000007,0x0004003d,0x00000025,0x00000ef7,0x000000a0,0x0005008e,0x00000025,
    0x00000ef8,0x00000ef7,0x00000175,0x00050050,0x00000025,0x00000ef9,0x000000d8,0x000000d8,
    0x00050083,0x00000025,0x00000efa,0x00000ef8,0x00000ef9,0x0004003d,0x00000006,0x00000efb,
    0x000000a1,0x00050051,0x00000006,0x00000efc,0x00000efa,0x00000000,0x00050051,0x00000006,
    0x00000efd,0x00000efa,0x00000001,0x00070050,0x00000190,0x00000efe,0x00000efc,0x00000efd,
    0x00000efb,0x000000d8,0x0003003e,0x00000ef6,0x00000efe,0x0004003d,0x00000190,0x00000f00,
    0x00000ef6,0x00060041,0x00000195,0x00000f02,0x00000193,0x00000f01,0x000000ec,0x0004003d,
    0x00000006,0x00000f03,0x00000f02,0x00060041,0x00000195,0x00000f05,0x00000193,0x00000f04,
    0x000000ec,0x0004003d,0x00000006,0x00000f06,0x00000f05,0x00060041,0x00000195,0x00000f08,
    0x00000193,0x00000f07,0x000000ec,0x0004003d,0x00000006,0x00000f09,0x00000f08,0x00060041,
    0x00000195,0x00000f0b,0x00000193,0x00000f0a,0x000000ec,0x0004003d,0x00000006,0x00000f0c,
    0x00000f0b,0x00070050,0x00000190,0x00000f0d,0x00000f03,0x00000f06,0x00000f09,0x00000f0c,
    0x00050094,0x00000006,0x00000f0e,0x00000f00,0x00000f0d,0x00050041,0x00000010,0x00000f0f,
    0x00000eff,0x000000ec,0x0003003e,0x00000f0f,0x00000f0e,0x0004003d,0x00000190,0x00000f10,
    0x00000ef6,0x00060041,0x00000195,0x00000f11,0x00000193,0x00000f01,0x000000ef,0x0004003d,
    0x00000006,0x00000f12,0x00000f11,0x00060041,0x00000195,0x00000f13,0x00000193,0x00000f04,
    0x000000ef,0x0004003d,0x00000006,0x00000f14,0x00000f13,0x00060041,0x00000195,0x00000f15,
    0x00000193,0x00000f07,0x000000ef,0x0004003d,0x00000006,0x00000f16,0x00000f15,0x00060041,
    0x00000195,0x00000f17,0x00000193,0x00000f0a,0x000000ef,0x0004003d,0x00000006,0x00000f18,
    0x00000f17,0x00070050,0x00000190,0x00000f19,0x00000f12,0x00000f14,0x00000f16,0x00000f18,
    0x00050094,0x00000006,0x00000f1a,0x00000f10,0x00000f19,0x00050041,0x00000010,0x00000f1b,
    0x00000eff,0x000000ef,0x0003003e,0x00000f1b,0x00000f1a,0x0004003d,0x00000190,0x00000f1c,
    0x00000ef6,0x00060041,0x00000195,0x00000f1d,0x00000193,0x00000f01,0x000000f3,0x0004003d,
    0x00000006,0x00000f1e,0x00000f1d,0x00060041,0x00000195,0x00000f1f,0x00000193,0x00000f04,
    0x000000f3,0x0004003d,0x00000006,0x00000f20,0x00000f1f,0x00060041,0x00000195,0x00000f21,
    0x00000193,0x00000f07,0x000000f3,0x0004003d,0x00000006,0x00000f22,0x00000f21,0x00060041,
    0x00000195,0x00000f23,0x00000193,0x00000f0a,0x000000f3,0x0004003d,0x00000006,0x00000f24,
    0x00000f23,0x00070050,0x00000190,0x00000f25,0x00000f1e,0x00000f20,0x00000f22,0x00000f24,
    0x00050094,0x00000006,0x00000f26,0x00000f1c,0x00000f25,0x00050041,0x00000010,0x00000f27,
    0x00000eff,0x000000f3,0x0003003e,0x00000f27,0x00000f26,0x0004003d,0x00000190,0x00000f28,
    0x00000ef6,0x00060041,0x00000195,0x00000f29,0x00000193,0x00000f01,0x0000023b,0x0004003d,
    0x00000006,0x00000f2a,0x00000f29,0x00060041,0x00000195,0x00000f2b,0x00000193,0x00000f04,
    0x0000023b,0x0004003d,0x00000006,0x00000f2c,0x00000f2b,0x00060041,0x00000195,0x00000f2d,
    0x00000193,0x00000f07,0x0000023b,0x0004003d,0x00000006,0x00000f2e,0x00000f2d,0x00060041,
    0x00000195,0x00000f2f,0x00000193,0x00000f0a,0x0000023b,0x0004003d,0x00000006,0x00000f30,
    0x00000f2f,0x00070050,0x00000190,0x00000f31,0x00000f2a,0x00000f2c,0x00000f2e,0x00000f30,
    0x00050094,0x00000006,0x00000f32,0x00000f28,0x00000f31,0x00050041,0x00000010,0x00000f33,
    0x00000eff,0x0000023b,0x0003003e,0x00000f33,0x00000f32,0x0004003d,0x00000190,0x00000f34,
    0x00000eff,0x0008004f,0x00000007,0x00000f35,0x00000f34,0x00000f34,0x00000000,0x00000001,
    0x00000002,0x00050041,0x00000010,0x00000f36,0x00000eff,0x0000023b,0x0004003d,0x00000006,
    0x00000f37,0x00000f36,0x00060050,0x00000007,0x00000f38,0x00000f37,0x00000f37,0x00000f37,
    0x00050088,0x00000007,0x00000f39,0x00000f35,0x00000f38,0x000200fe,0x00000f39,0x00010038,
    0x00050036,0x00000007,0x000000a5,0x00000000,0x00000036,0x00030037,0x00000026,0x000000a4,
    0x000200f8,0x000000a6,0x0004003b,0x00000026,0x00000f3c,0x00000007,0x0004003b,0x00000010,
    0x00000f46,0x00000007,0x0004003b,0x00000010,0x00000f4b,0x00000007,0x0004003b,0x00000010,
    0x00000f54,0x00000007,0x0004003b,0x00000008,0x00000f5d,0x00000007,0x0004003b,0x00000026,
    0x00000f5e,0x00000007,0x0004003b,0x00000010,0x00000f60,0x00000007,0x0004003b,0x00000008,
    0x00000f63,0x00000007,0x0004003b,0x00000026,0x00000f69,0x00000007,0x0004003b,0x00000010,
    0x00000f6a,0x00000007,0x0004003b,0x00000008,0x00000f6d,0x00000007,0x0004003b,0x00000026,
    0x00000f73,0x00000007,0x0004003b,0x00000010,0x00000f74,0x00000007,0x00050041,0x0000019b,
    0x00000f3d,0x00000193,0x000002e7,0x0004003d,0x0000005d,0x00000f3e,0x00000f3d,0x00040070,
    0x00000006,0x00000f3f,0x00000f3e,0x00050041,0x0000019b,0x00000f40,0x00000193,0x000002eb,
    0x0004003d,0x0000005d,0x00000f41,0x00000f40,0x00040070,0x00000006,0x00000f42,0x00000f41,
    0x00050050,0x00000025,0x00000f43,0x00000f3f,0x00000f42,0x00050050,0x00000025,0x00000f44,
    0x000000d8,0x000000d8,0x00050088,0x00000025,0x00000f45,0x00000f44,0x00000f43,0x0003003e,
    0x00000f3c,0x00000f45,0x0004003d,0x000002de,0x00000f47,0x00000bec,0x0004003d,0x00000025,
    0x00000f48,0x000000a4,0x00050057,0x00000190,0x00000f49,0x00000f47,0x00000f48,0x00050051,
    0x00000006,0x00000f4a,0x00000f49,0x00000000,0x0003003e,0x00000f46,0x00000f4a,0x0004003d,
    0x000002de,0x00000f4c,0x00000bec,0x0004003d,0x00000025,0x00000f4d,0x000000a4,0x00050041,
    0x00000010,0x00000f4e,0x00000f3c,0x000000ec,0x0004003d,0x00000006,0x00000f4f,0x00000f4e,
    0x00050050,0x00000025,0x00000f50,0x00000f4f,0x0000011e,0x00050081,0x00000025,0x00000f51,
    0x00000f4d,0x00000f50,0x00050057,0x00000190,0x00000f52,0x00000f4c,0x00000f51,0x00050051,
    0x00000006,0x00000f53,0x00000f52,0x00000000,0x0003003e,0x00000f4b,0x00000f53,0x0004003d,
    0x000002de,0x00000f55,0x00000bec,0x0004003d,0x00000025,0x00000f56,0x000000a4,0x00050041,
    0x00000010,0x00000f57,0x00000f3c,0x000000ef,0x0004003d,0x00000006,0x00000f58,0x00000f57,
    0x00050050,0x00000025,0x00000f59,0x0000011e,0x00000f58,0x00050081,0x00000025,0x00000f5a,
    0x00000f56,0x00000f59,0x00050057,0x00000190,0x00000f5b,0x00000f55,0x00000f5a,0x00050051,
    0x00000006,0x00000f5c,0x00000f5b,0x00000000,0x0003003e,0x00000f54,0x00000f5c,0x0004003d,
    0x00000025,0x00000f5f,0x000000a4,0x0003003e,0x00000f5e,0x00000f5f,0x0004003d,0x00000006,
    0x00000f61,0x00000f46,0x0003003e,0x00000f60,0x00000f61,0x00060039,0x00000007,0x00000f62,
    0x000000a2,0x00000f5e,0x00000f60,0x0003003e,0x00000f5d,0x00000f62,0x0004003d,0x00000025,
    0x00000f64,0x000000a4,0x00050041,0x00000010,0x00000f65,0x00000f3c,0x000000ec,0x0004003d,
    0x00000006,0x00000f66,0x00000f65,0x00050050,0x00000025,0x00000f67,0x00000f66,0x0000011e,
    0x00050081,0x00000025,0x00000f68,0x00000f64,0x00000f67,0x0003003e,0x00000f69,0x00000f68,
    0x0004003d,0x00000006,0x00000f6b,0x00000f4b,0x0003003e,0x00000f6a,0x00000f6b,0x00060039,
    0x00000007,0x00000f6c,0x000000a2,0x00000f69,0x00000f6a,0x0003003e,0x00000f63,0x00000f6c,
    0x0004003d,0x00000025,0x00000f6e,0x000000a4,0x00050041,0x00000010,0x00000f6f,0x00000f3c,
    0x000000ef,0x0004003d,0x00000006,0x00000f70,0x00000f6f,0x00050050,0x00000025,0x00000f71,
    0x0000011e,0x00000f70,0x00050081,0x00000025,0x00000f72,0x00000f6e,0x00000f71,0x0003003e,
    0x00000f73,0x00000f72,0x0004003d,0x00000006,0x00000f75,0x00000f54,0x0003003e,0x00000f74,
    0x00000f75,0x00060039,0x00000007,0x00000f76,0x000000a2,0x00000f73,0x00000f74,0x0003003e,
    0x00000f6d,0x00000f76,0x0004003d,0x00000007,0x00000f77,0x00000f63,0x0004003d,0x00000007,
    0x00000f78,0x00000f5d,0x00050083,0x00000007,0x00000f79,0x00000f77,0x00000f78,0x0004003d,
    0x00000007,0x00000f7a,0x00000f6d,0x0004003d,0x00000007,0x00000f7b,0x00000f5d,0x00050083,
    0x00000007,0x00000f7c,0x00000f7a,0x00000f7b,0x0007000c,0x00000007,0x00000f7d,0x00000001,
    0x00000044,0x00000f79,0x00000f7c,0x0006000c,0x00000007,0x00000f7e,0x00000001,0x00000045,
    0x00000f7d,0x000200fe,0x00000f7e,0x00010038,0x00050036,0x00000007,0x000000a9,0x00000000,
    0x00000027,0x00030037,0x00000008,0x000000a7,0x00030037,0x00000026,0x000000a8,0x000200f8,
    0x000000aa,0x0004003b,0x00000026,0x00000f91,0x00000007,0x0004003b,0x000000c7,0x00000f96,
    0x00000007,0x0004003b,0x00000026,0x00000f9c,0x00000007,0x0004003b,0x00000026,0x00000fa8,
    0x00000007,0x0004003b,0x00000010,0x00000faa,0x00000007,0x0004003b,0x00000010,0x00000fab,
    0x00000007,0x0004003b,0x000000c7,0x00000fac,0x00000007,0x0004003b,0x00000026,0x00000fb8,
    0x00000007,0x0004003b,0x00000010,0x00000fbf,0x00000007,0x00050041,0x0000019b,0x00000f82,
    0x00000193,0x00000f81,0x0004003d,0x0000005d,0x00000f83,0x00000f82,0x000500aa,0x000001c9,
    0x00000f84,0x00000f83,0x000000ec,0x000300f7,0x00000f86,0x00000000,0x000400fa,0x00000f84,
    0x00000f85,0x00000f86,0x000200f8,0x00000f85,0x0004003d,0x00000007,0x00000f87,0x000000a7,
    0x000200fe,0x00000f87,0x000200f8,0x00000f86,0x00060041,0x00000195,0x00000f8a,0x00000193,
    0x00000f89,0x0000023b,0x0004003d,0x00000006,0x00000f8b,0x00000f8a,0x000500b8,0x000001c9,
    0x00000f8c,0x00000f8b,0x00000132,0x000300f7,0x00000f8e,0x00000000,0x000400fa,0x00000f8c,
    0x00000f8d,0x00000f8e,0x000200f8,0x00000f8d,0x0004003d,0x00000007,0x00000f8f,0x000000a7,
    0x000200fe,0x00000f8f,0x000200f8,0x00000f8e,0x00050041,0x00000f92,0x00000f93,0x00000193,
    0x00000f89,0x0004003d,0x00000190,0x00000f94,0x00000f93,0x0007004f,0x00000025,0x00000f95,
    0x00000f94,0x00000f94,0x00000000,0x00000001,0x0003003e,0x00000f91,0x00000f95,0x00050041,
    0x0000019b,0x00000f98,0x00000193,0x00000f97,0x0004003d,0x0000005d,0x00000f99,0x00000f98,
    0x0007000c,0x0000005d,0x00000f9b,0x00000001,0x00000026,0x00000f99,0x00000f9a,0x0003003e,
    0x00000f96,0x00000f9b,0x0004003d,0x00000025,0x00000f9d,0x000000a8,0x0004003d,0x00000025,
    0x00000f9e,0x00000f91,0x00050083,0x00000025,0x00000f9f,0x00000f9d,0x00000f9e,0x00050041,
    0x00000195,0x00000fa1,0x00000193,0x00000fa0,0x0004003d,0x00000006,0x00000fa2,0x00000fa1,
    0x0005008e,0x00000025,0x00000fa3,0x00000f9f,0x00000fa2,0x0004003d,0x0000005d,0x00000fa4,
    0x00000f96,0x00040070,0x00000006,0x00000fa5,0x00000fa4,0x00050050,0x00000025,0x00000fa6,
    0x00000fa5,0x00000fa5,0x00050088,0x00000025,0x00000fa7,0x00000fa3,0x00000fa6,0x0003003e,
    0x00000f9c,0x00000fa7,0x0004003d,0x00000025,0x00000fa9,0x000000a8,0x0003003e,0x00000fa8,
    0x00000fa9,0x0003003e,0x00000faa,0x0000011e,0x0003003e,0x00000fab,0x000000d8,0x0003003e,
    0x00000fac,0x000000ec,0x000200f9,0x00000fad,0x000200f8,0x00000fad,0x000400f6,0x00000faf,
    0x00000fb0,0x00000000,0x000200f9,0x00000fb1,0x000200f8,0x00000fb1,0x0004003d,0x0000005d,
    0x00000fb2,0x00000fac,0x0004003d,0x0000005d,0x00000fb3,0x00000f96,0x000500b0,0x000001c9,
    0x00000fb4,0x00000fb2,0x00000fb3,0x000400fa,0x00000fb4,0x00000fae,0x00000faf,0x000200f8,
    0x00000fae,0x0004003d,0x00000025,0x00000fb5,0x00000f9c,0x0004003d,0x00000025,0x00000fb6,
    0x00000fa8,0x00050083,0x00000025,0x00000fb7,0x00000fb6,0x00000fb5,0x0003003e,0x00000fa8,
    0x00000fb7,0x0004003d,0x00000025,0x00000fb9,0x00000fa8,0x00050050,0x00000025,0x00000fbc,
    0x00000fba,0x00000fba,0x00050050,0x00000025,0x00000fbd,0x00000fbb,0x00000fbb,0x0008000c,
    0x00000025,0x00000fbe,0x00000001,0x0000002b,0x00000fb9,0x00000fbc,0x00000fbd,0x0003003e,
    0x00000fb8,0x00000fbe,0x0004003d,0x000002de,0x00000fc0,0x000002e0,0x0004003d,0x00000025,
    0x00000fc1,0x00000fb8,0x00050057,0x00000190,0x00000fc2,0x00000fc0,0x00000fc1,0x0008004f,
    0x00000007,0x00000fc3,0x00000fc2,0x00000fc2,0x00000000,0x00000001,0x00000002,0x00050094,
    0x00000006,0x00000fc4,0x00000fc3,0x000001fb,0x0003003e,0x00000fbf,0x00000fc4,0x0004003d,
    0x00000006,0x00000fc5,0x00000fbf,0x00050083,0x00000006,0x00000fc6,0x00000fc5,0x00000132,
    0x0007000c,0x00000006,0x00000fc7,0x00000001,0x00000028,0x00000fc6,0x0000011e,0x0003003e,
    0x00000fbf,0x00000fc7,0x0004003d,0x00000006,0x00000fc8,0x00000fbf,0x0004003d,0x00000006,
    0x00000fc9,0x00000fab,0x00050085,0x00000006,0x00000fca,0x00000fc8,0x00000fc9,0x00050041,
    0x00000195,0x00000fcc,0x00000193,0x00000fcb,0x0004003d,0x00000006,0x00000fcd,0x00000fcc,
    0x00050085,0x00000006,0x00000fce,0x00000fca,0x00000fcd,0x0004003d,0x00000006,0x00000fcf,
    0x00000faa,0x00050081,0x00000006,0x00000fd0,0x00000fcf,0x00000fce,0x0003003e,0x00000faa,
    0x00000fd0,0x00050041,0x00000195,0x00000fd2,0x00000193,0x00000fd1,0x0004003d,0x00000006,
    0x00000fd3,0x00000fd2,0x0004003d,0x00000006,0x00000fd4,0x00000fab,0x00050085,0x00000006,
    0x00000fd5,0x00000fd4,0x00000fd3,0x0003003e,0x00000fab,0x00000fd5,0x000200f9,0x00000fb0,
    0x000200f8,0x00000fb0,0x0004003d,0x0000005d,0x00000fd6,0x00000fac,0x00050080,0x0000005d,
    0x00000fd7,0x00000fd6,0x00000194,0x0003003e,0x00000fac,0x00000fd7,0x000200f9,0x00000fad,
    0x000200f8,0x00000faf,0x0004003d,0x00000007,0x00000fd8,0x000000a7,0x0004003d,0x00000006,
    0x00000fd9,0x00000faa,0x00050041,0x00000195,0x00000fdb,0x00000193,0x00000fda,0x0004003d,
    0x00000006,0x00000fdc,0x00000fdb,0x00050085,0x00000006,0x00000fdd,0x00000fd9,0x00000fdc,
    0x00060050,0x00000007,0x00000fde,0x00000fdd,0x00000fdd,0x00000fdd,0x00050081,0x00000007,
    0x00000fdf,0x00000fd8,0x00000fde,0x000200fe,0x00000fdf,0x00010038,0x00050036,0x00000007,
    0x000000ad,0x00000000,0x00000027,0x00030037,0x00000008,0x000000ab,0x00030037,0x00000026,
    0x000000ac,0x000200f8,0x000000ae,0x0004003b,0x00000010,0x00000fea,0x00000007,0x0004003b,
    0x00000008,0x00000ff6,0x00000007,0x0004003b,0x00000026,0x00000ff7,0x00000007,0x0004003b,
    0x00000010,0x00000ff9,0x00000007,0x0004003b,0x00000008,0x00000ffc,0x00000007,0x0004003b,
    0x00000026,0x00000ffd,0x00000007,0x0004003b,0x00000026,0x00001000,0x00000007,0x0004003b,
    0x00000026,0x0000100a,0x00000007,0x0004003b,0x00000010,0x00001014,0x00000007,0x0004003b,
    0x000000c7,0x00001015,0x00000007,0x0004003b,0x000000c7,0x0000101a,0x00000007,0x0004003b,
    0x00000010,0x00001023,0x00000007,0x0004003b,0x00000010,0x00001026,0x00000007,0x0004003b,
    0x00000026,0x0000102e,0x00000007,0x0004003b,0x00000010,0x00001030,0x00000007,0x0004003b,
    0x00000010,0x00001038,0x00000007,0x0004003b,0x00000008,0x00001043,0x00000007,0x0004003b,
    0x00000008,0x00001053,0x00000007,0x0004003b,0x00000008,0x00001060,0x00000007,0x0004003b,
    0x00000008,0x00001064,0x00000007,0x0004003b,0x00000008,0x00001073,0x00000007,0x0004003b,
    0x00000ef5,0x0000107b,0x00000007,0x0004003b,0x00000026,0x0000108c,0x00000007,0x0004003b,
    0x00000010,0x0000109c,0x00000007,0x0004003b,0x00000010,0x000010a1,0x00000007,0x0004003b,
    0x00000010,0x000010a4,0x00000007,0x0004003b,0x00000010,0x000010a6,0x00000007,0x0004003b,
    0x00000010,0x000010a9,0x00000007,0x0004003b,0x00000010,0x000010ad,0x00000007,0x0004003b,
    0x00000010,0x000010ae,0x00000007,0x0004003b,0x00000010,0x000010b0,0x00000007,0x0004003b,
    0x00000010,0x000010b3,0x00000007,0x0004003b,0x00000010,0x000010b7,0x00000007,0x00050041,
    0x0000019b,0x00000fe3,0x00000193,0x00000fe2,0x0004003d,0x0000005d,0x00000fe4,0x00000fe3,
    0x000500aa,0x000001c9,0x00000fe5,0x00000fe4,0x000000ec,0x000300f7,0x00000fe7,0x00000000,
    0x000400fa,0x00000fe5,0x00000fe6,0x00000fe7,0x000200f8,0x00000fe6,0x0004003d,0x00000007,
    0x00000fe8,0x000000ab,0x000200fe,0x00000fe8,0x000200f8,0x00000fe7,0x0004003d,0x000002de,
    0x00000feb,0x00000bec,0x0004003d,0x00000025,0x00000fec,0x000000ac,0x00050057,0x00000190,
    0x00000fed,0x00000feb,0x00000fec,0x00050051,0x00000006,0x00000fee,0x00000fed,0x00000000,
    0x0003003e,0x00000fea,0x00000fee,0x0004003d,0x00000006,0x00000fef,0x00000fea,0x000500b8,
    0x000001c9,0x00000ff1,0x00000fef,0x00000ff0,0x000300f7,0x00000ff3,0x00000000,0x000400fa,
    0x00000ff1,0x00000ff2,0x00000ff3,0x000200f8,0x00000ff2,0x0004003d,0x00000007,0x00000ff4,
    0x000000ab,0x000200fe,0x00000ff4,0x000200f8,0x00000ff3,0x0004003d,0x00000025,0x00000ff8,
    0x000000ac,0x0003003e,0x00000ff7,0x00000ff8,0x0004003d,0x00000006,0x00000ffa,0x00000fea,
    0x0003003e,0x00000ff9,0x00000ffa,0x00060039,0x00000007,0x00000ffb,0x000000a2,0x00000ff7,
    0x00000ff9,0x0003003e,0x00000ff6,0x00000ffb,0x0004003d,0x00000025,0x00000ffe,0x000000ac,
    0x0003003e,0x00000ffd,0x00000ffe,0x00050039,0x00000007,0x00000fff,0x000000a5,0x00000ffd,
    0x0003003e,0x00000ffc,0x00000fff,0x00050041,0x0000019b,0x00001001,0x00000193,0x000002e7,
    0x0004003d,0x0000005d,0x00001002,0x00001001,0x00040070,0x00000006,0x00001003,0x00001002,
    0x00050041,0x0000019b,0x00001004,0x00000193,0x000002eb,0x0004003d,0x0000005d,0x00001005,
    0x00001004,0x00040070,0x00000006,0x00001006,0x00001005,0x00050050,0x00000025,0x00001007,
    0x00001003,0x00001006,0x00050050,0x00000025,0x00001008,0x000000d8,0x000000d8,0x00050088,
    0x00000025,0x00001009,0x00001008,0x00001007,0x0003003e,0x00001000,0x00001009,0x0004003d,
    0x00000025,0x0000100b,0x000000ac,0x00050041,0x0000019b,0x0000100c,0x00000193,0x000002e7,
    0x0004003d,0x0000005d,0x0000100d,0x0000100c,0x00040070,0x00000006,0x0000100e,0x0000100d,
    0x00050041,0x0000019b,0x0000100f,0x00000193,0x000002eb,0x0004003d,0x0000005d,0x00001010,
    0x0000100f,0x00040070,0x00000006,0x00001011,0x00001010,0x00050050,0x00000025,0x00001012,
    0x0000100e,0x00001011,0x00050085,0x00000025,0x00001013,0x0000100b,0x00001012,0x0003003e,
    0x0000100a,0x00001013,0x0003003e,0x00001014,0x0000011e,0x00050041,0x0000019b,0x00001017,
    0x00000193,0x00001016,0x0004003d,0x0000005d,0x00001018,0x00001017,0x0007000c,0x0000005d,
    0x00001019,0x00000001,0x00000026,0x00001018,0x00000e6d,0x0003003e,0x00001015,0x00001019,
    0x0003003e,0x0000101a,0x000000ec,0x000200f9,0x0000101b,0x000200f8,0x0000101b,0x000400f6,
    0x0000101d,0x0000101e,0x00000000,0x000200f9,0x0000101f,0x000200f8,0x0000101f,0x0004003d,
    0x0000005d,0x00001020,0x0000101a,0x0004003d,0x0000005d,0x00001021,0x00001015,0x000500b0,
    0x000001c9,0x00001022,0x00001020,0x00001021,0x000400fa,0x00001022,0x0000101c,0x0000101d,
    0x000200f8,0x0000101c,0x0004003d,0x0000005d,0x00001024,0x0000101a,0x00040070,0x00000006,
    0x00001025,0x00001024,0x0003003e,0x00001023,0x00001025,0x0004003d,0x00000025,0x00001027,
    0x0000100a,0x0004003d,0x00000006,0x00001028,0x00001023,0x00050085,0x00000006,0x00001029,
    0x00001028,0x00000756,0x0004003d,0x00000006,0x0000102a,0x00001023,0x00050085,0x00000006,
    0x0000102b,0x0000102a,0x00000757,0x00050050,0x00000025,0x0000102c,0x00001029,0x0000102b,
    0x00050081,0x00000025,0x0000102d,0x00001027,0x0000102c,0x0003003e,0x0000102e,0x0000102d,
    0x00050039,0x00000006,0x0000102f,0x0000009d,0x0000102e,0x0003003e,0x00001026,0x0000102f,
    0x0004003d,0x00000006,0x00001031,0x00001023,0x00050085,0x00000006,0x00001033,0x00001031,
    0x00001032,0x0004003d,0x00000006,0x00001034,0x00001026,0x00050085,0x00000006,0x00001036,
    0x00001034,0x00001035,0x00050081,0x00000006,0x00001037,0x00001033,0x00001036,0x0003003e,
    0x00001030,0x00001037,0x0004003d,0x00000006,0x00001039,0x00001023,0x0004003d,0x00000006,
    0x0000103a,0x00001026,0x00050081,0x00000006,0x0000103b,0x00001039,0x0000103a,0x0004003d,
    0x0000005d,0x0000103c,0x00001015,0x00040070,0x00000006,0x0000103d,0x0000103c,0x00050088,
    0x00000006,0x0000103e,0x0000103b,0x0000103d,0x0003003e,0x00001038,0x0000103e,0x0004003d,
    0x00000006,0x0000103f,0x00001038,0x0004003d,0x00000006,0x00001040,0x00001038,0x00050085,
    0x00000006,0x00001041,0x0000103f,0x00001040,0x0008000c,0x00000006,0x00001042,0x00000001,
    0x0000002e,0x00000ac2,0x000000d8,0x00001041,0x0003003e,0x00001038,0x00001042,0x0004003d,
    0x00000006,0x00001044,0x00001030,0x0006000c,0x00000006,0x00001045,0x00000001,0x0000000e,
    0x00001044,0x0004003d,0x00000006,0x00001046,0x00001038,0x00050085,0x00000006,0x00001047,
    0x00001045,0x00001046,0x0004003d,0x00000006,0x00001048,0x00001030,0x0006000c,0x00000006,
    0x00001049,0x00000001,0x0000000d,0x00001048,0x0004003d,0x00000006,0x0000104a,0x00001038,
    0x00050085,0x00000006,0x0000104b,0x00001049,0x0000104a,0x0004003d,0x00000006,0x0000104c,
    0x00001038,0x0004003d,0x00000006,0x0000104d,0x00001038,0x00050085,0x00000006,0x0000104e,
    0x0000104c,0x0000104d,0x00050083,0x00000006,0x0000104f,0x000000d8,0x0000104e,0x0007000c,
    0x00000006,0x00001050,0x00000001,0x00000028,0x0000104f,0x0000011e,0x0006000c,0x00000006,
    0x00001051,0x00000001,0x0000001f,0x00001050,0x00060050,0x00000007,0x00001052,0x00001047,
    0x0000104b,0x00001051,0x0003003e,0x00001043,0x00001052,0x00050041,0x00000010,0x00001054,
    0x00000ffc,0x000000ef,0x0004003d,0x00000006,0x00001055,0x00001054,0x0006000c,0x00000006,
    0x00001056,0x00000001,0x00000004,0x00001055,0x000500b8,0x000001c9,0x00001057,0x00001056,
    0x00000fbb,0x00060050,0x0000105a,0x0000105b,0x00001057,0x00001057,0x00001057,0x000600a9,
    0x00000007,0x0000105c,0x0000105b,0x00001058,0x00001059,0x0004003d,0x00000007,0x0000105d,
    0x00000ffc,0x0007000c,0x00000007,0x0000105e,0x00000001,0x00000044,0x0000105c,0x0000105d,
    0x0006000c,0x00000007,0x0000105f,0x00000001,0x00000045,0x0000105e,0x0003003e,0x00001053,
    0x0000105f,0x0004003d,0x00000007,0x00001061,0x00000ffc,0x0004003d,0x00000007,0x00001062,
    0x00001053,0x0007000c,0x00000007,0x00001063,0x00000001,0x00000044,0x00001061,0x00001062,
    0x0003003e,0x00001060,0x00001063,0x0004003d,0x00000007,0x00001065,0x00001053,0x00050041,
    0x00000010,0x00001066,0x00001043,0x000000ec,0x0004003d,0x00000006,0x00001067,0x00001066,
    0x0005008e,0x00000007,0x00001068,0x00001065,0x00001067,0x0004003d,0x00000007,0x00001069,
    0x00001060,0x00050041,0x00000010,0x0000106a,0x00001043,0x000000ef,0x0004003d,0x00000006,
    0x0000106b,0x0000106a,0x0005008e,0x00000007,0x0000106c,0x00001069,0x0000106b,0x00050081,
    0x00000007,0x0000106d,0x00001068,0x0000106c,0x0004003d,0x00000007,0x0000106e,0x00000ffc,
    0x00050041,0x00000010,0x0000106f,0x00001043,0x000000f3,0x0004003d,0x00000006,0x00001070,
    0x0000106f,0x0005008e,0x00000007,0x00001071,0x0000106e,0x00001070,0x00050081,0x00000007,
    0x00001072,0x0000106d,0x00001071,0x0003003e,0x00001064,0x00001072,0x0004003d,0x00000007,
    0x00001074,0x00000ff6,0x0004003d,0x00000007,0x00001075,0x00001064,0x00050041,0x00000195,
    0x00001077,0x00000193,0x00001076,0x0004003d,0x00000006,0x00001078,0x00001077,0x0005008e,
    0x00000007,0x00001079,0x00001075,0x00001078,0x00050081,0x00000007,0x0000107a,0x00001074,
    0x00001079,0x0003003e,0x00001073,0x0000107a,0x0004003d,0x00000007,0x0000107c,0x00001073,
    0x00050051,0x00000006,0x0000107d,0x0000107c,0x00000000,0x00050051,0x00000006,0x0000107e,
    0x0000107c,0x00000001,0x00050051,0x00000006,0x0000107f,0x0000107c,0x00000002,0x00070050,
    0x00000190,0x00001080,0x0000107d,0x0000107e,0x0000107f,0x000000d8,0x00060041,0x00000195,
    0x00001081,0x00000193,0x00000f01,0x000000ec,0x0004003d,0x00000006,0x00001082,0x00001081,
    0x00060041,0x00000195,0x00001083,0x00000193,0x00000f01,0x000000ef,0x0004003d,0x00000006,
    0x00001084,0x00001083,0x00060041,0x00000195,0x00001085,0x00000193,0x00000f01,0x000000f3,
    0x0004003d,0x00000006,0x00001086,0x00001085,0x00060041,0x00000195,0x00001087,0x00000193,
    0x00000f01,0x0000023b,0x0004003d,0x00000006,0x00001088,0x00001087,0x00070050,0x00000190,
    0x00001089,0x00001082,0x00001084,0x00001086,0x00001088,0x00050094,0x00000006,0x0000108a,
    0x00001080,0x00001089,0x00050041,0x00000010,0x0000108b,0x0000107b,0x000000ec,0x0003003e,
    0x0000108b,0x0000108a,0x0004003d,0x00000025,0x0000108d,0x000000ac,0x0004003d,0x00000007,
    0x0000108e,0x00001064,0x0007004f,0x00000025,0x0000108f,0x0000108e,0x0000108e,0x00000000,
    0x00000001,0x00050041,0x00000195,0x00001090,0x00000193,0x00001076,0x0004003d,0x00000006,
    0x00001091,0x00001090,0x0005008e,0x00000025,0x00001092,0x0000108f,0x00001091,0x0004003d,
    0x00000025,0x00001093,0x00001000,0x00050085,0x00000025,0x00001094,0x00001092,0x00001093,
    0x0005008e,0x00000025,0x00001096,0x00001094,0x00001095,0x00050081,0x00000025,0x00001097,
    0x0000108d,0x00001096,0x0003003e,0x0000108c,0x00001097,0x0004003d,0x00000025,0x00001098,
    0x0000108c,0x00050050,0x00000025,0x00001099,0x00000fba,0x00000fba,0x00050050,0x00000025,
    0x0000109a,0x00000fbb,0x00000fbb,0x0008000c,0x00000025,0x0000109b,0x00000001,0x0000002b,
    0x00001098,0x00001099,0x0000109a,0x0003003e,0x0000108c,0x0000109b,0x0004003d,0x000002de,
    0x0000109d,0x00000bec,0x0004003d,0x00000025,0x0000109e,0x0000108c,0x00050057,0x00000190,
    0x0000109f,0x0000109d,0x0000109e,0x00050051,0x00000006,0x000010a0,0x0000109f,0x00000000,
    0x0003003e,0x0000109c,0x000010a0,0x0004003d,0x00000006,0x000010a5,0x0000109c,0x0003003e,
    0x000010a4,0x000010a5,0x00050041,0x00000195,0x000010a7,0x00000193,0x000010a2,0x0004003d,
    0x00000006,0x000010a8,0x000010a7,0x0003003e,0x000010a6,0x000010a8,0x00050041,0x00000195,
    0x000010aa,0x00000193,0x000010a3,0x0004003d,0x00000006,0x000010ab,0x000010aa,0x0003003e,
    0x000010a9,0x000010ab,0x00070039,0x00000006,0x000010ac,0x00000099,0x000010a4,0x000010a6,
    0x000010a9,0x0003003e,0x000010a1,0x000010ac,0x0004003d,0x00000006,0x000010af,0x00000fea,
    0x0003003e,0x000010ae,0x000010af,0x00050041,0x00000195,0x000010b1,0x00000193,0x000010a2,
    0x0004003d,0x00000006,0x000010b2,0x000010b1,0x0003003e,0x000010b0,0x000010b2,0x00050041,
    0x00000195,0x000010b4,0x00000193,0x000010a3,0x0004003d,0x00000006,0x000010b5,0x000010b4,
    0x0003003e,0x000010b3,0x000010b5,0x00070039,0x00000006,0x000010b6,0x00000099,0x000010ae,
    0x000010b0,0x000010b3,0x0003003e,0x000010ad,0x000010b6,0x00050041,0x00000195,0x000010b8,
    0x00000193,0x00001076,0x0004003d,0x00000006,0x000010b9,0x000010b8,0x0004003d,0x00000006,
    0x000010ba,0x000010ad,0x0004003d,0x00000006,0x000010bb,0x000010a1,0x00050083,0x00000006,
    0x000010bc,0x000010ba,0x000010bb,0x0006000c,0x00000006,0x000010bd,0x00000001,0x00000004,
    0x000010bc,0x0007000c,0x00000006,0x000010be,0x00000001,0x00000028,0x000010bd,0x00000fba,
    0x00050088,0x00000006,0x000010bf,0x000010b9,0x000010be,0x0008000c,0x00000006,0x000010c0,
    0x00000001,0x00000031,0x0000011e,0x000000d8,0x000010bf,0x0003003e,0x000010b7,0x000010c0,
    0x0004003d,0x00000006,0x000010c1,0x000010a1,0x0004003d,0x00000006,0x000010c2,0x000010ad,
    0x00050041,0x00000195,0x000010c4,0x00000193,0x000010c3,0x0004003d,0x00000006,0x000010c5,
    0x000010c4,0x00050083,0x00000006,0x000010c6,0x000010c2,0x000010c5,0x000500bc,0x000001c9,
    0x000010c7,0x000010c1,0x000010c6,0x000600a9,0x00000006,0x000010c8,0x000010c7,0x000000d8,
    0x0000011e,0x0004003d,0x00000006,0x000010c9,0x000010b7,0x00050085,0x00000006,0x000010ca,
    0x000010c8,0x000010c9,0x0004003d,0x00000006,0x000010cb,0x00001014,0x00050081,0x00000006,
    0x000010cc,0x000010cb,0x000010ca,0x0003003e,0x00001014,0x000010cc,0x000200f9,0x0000101e,
    0x000200f8,0x0000101e,0x0004003d,0x0000005d,0x000010cd,0x0000101a,0x00050080,0x0000005d,
    0x000010ce,0x000010cd,0x00000194,0x0003003e,0x0000101a,0x000010ce,0x000200f9,0x0000101b,
    0x000200f8,0x0000101d,0x0004003d,0x00000006,0x000010cf,0x00001014,0x0004003d,0x0000005d,
    0x000010d0,0x00001015,0x00040070,0x00000006,0x000010d1,0x000010d0,0x00050088,0x00000006,
    0x000010d2,0x000010cf,0x000010d1,0x00050041,0x00000195,0x000010d4,0x00000193,0x000010d3,
    0x0004003d,0x00000006,0x000010d5,0x000010d4,0x00050085,0x00000006,0x000010d6,0x000010d2,
    0x000010d5,0x00050083,0x00000006,0x000010d7,0x000000d8,0x000010d6,0x0003003e,0x00001014,
    0x000010d7,0x0004003d,0x00000006,0x000010d8,0x00001014,0x0008000c,0x00000006,0x000010d9,
    0x00000001,0x0000002b,0x000010d8,0x0000011e,0x000000d8,0x0003003e,0x00001014,0x000010d9,
    0x0004003d,0x00000007,0x000010da,0x000000ab,0x0004003d,0x00000006,0x000010db,0x00001014,
    0x0005008e,0x00000007,0x000010dc,0x000010da,0x000010db,0x000200fe,0x000010dc,0x00010038,
    0x00050036,0x00000007,0x000000b1,0x00000000,0x00000027,0x00030037,0x00000008,0x000000af,
    0x00030037,0x00000026,0x000000b0,0x000200f8,0x000000b2,0x0004003b,0x00000010,0x000010e7,
    0x00000007,0x0004003b,0x00000026,0x000010f2,0x00000007,0x0004003b,0x000000c7,0x000010f9,
    0x00000007,0x0004003b,0x00000026,0x000010fe,0x00000007,0x0004003b,0x00000010,0x00001108,
    0x00000007,0x0004003b,0x00000010,0x00001109,0x00000007,0x0004003b,0x00000010,0x0000110b,
    0x00000007,0x0004003b,0x00000010,0x0000110e,0x00000007,0x0004003b,0x00000026,0x00001112,
    0x00000007,0x0004003b,0x00000010,0x00001114,0x00000007,0x0004003b,0x000000c7,0x00001115,
    0x00000007,0x0004003b,0x00000010,0x0000113c,0x00000007,0x0004003b,0x00000010,0x00001141,
    0x00000007,0x0004003b,0x00000010,0x00001142,0x00000007,0x0004003b,0x00000010,0x00001144,
    0x00000007,0x0004003b,0x00000010,0x00001147,0x00000007,0x0004003b,0x00000010,0x0000114b,
    0x00000007,0x0004003b,0x00000010,0x00001151,0x00000007,0x0004003b,0x00000010,0x0000115a,
    0x00000007,0x00050041,0x0000019b,0x000010e0,0x00000193,0x000010df,0x0004003d,0x0000005d,
    0x000010e1,0x000010e0,0x000500aa,0x000001c9,0x000010e2,0x000010e1,0x000000ec,0x000300f7,
    0x000010e4,0x00000000,0x000400fa,0x000010e2,0x000010e3,0x000010e4,0x000200f8,0x000010e3,
    0x0004003d,0x00000007,0x000010e5,0x000000af,0x000200fe,0x000010e5,0x000200f8,0x000010e4,
    0x0004003d,0x000002de,0x000010e8,0x00000bec,0x0004003d,0x00000025,0x000010e9,0x000000b0,
    0x00050057,0x00000190,0x000010ea,0x000010e8,0x000010e9,0x00050051,0x00000006,0x000010eb,
    0x000010ea,0x00000000,0x0003003e,0x000010e7,0x000010eb,0x0004003d,0x00000006,0x000010ec,
    0x000010e7,0x000500b8,0x000001c9,0x000010ed,0x000010ec,0x00000ff0,0x000300f7,0x000010ef,
    0x00000000,0x000400fa,0x000010ed,0x000010ee,0x000010ef,0x000200f8,0x000010ee,0x0004003d,
    0x00000007,0x000010f0,0x000000af,0x000200fe,0x000010f0,0x000200f8,0x000010ef,0x00050041,
    0x00000f92,0x000010f3,0x00000193,0x00000f89,0x0004003d,0x00000190,0x000010f4,0x000010f3,
    0x0007004f,0x00000025,0x000010f5,0x000010f4,0x000010f4,0x00000000,0x00000001,0x0004003d,
    0x00000025,0x000010f6,0x000000b0,0x00050083,0x00000025,0x000010f7,0x000010f5,0x000010f6,
    0x0006000c,0x00000025,0x000010f8,0x00000001,0x00000045,0x000010f7,0x0003003e,0x000010f2,
    0x000010f8,0x00050041,0x0000019b,0x000010fb,0x00000193,0x000010fa,0x0004003d,0x0000005d,
    0x000010fc,0x000010fb,0x0007000c,0x0000005d,0x000010fd,0x00000001,0x00000026,0x000010fc,
    0x0000076c,0x0003003e,0x000010f9,0x000010fd,0x0004003d,0x00000025,0x000010ff,0x000010f2,
    0x00050041,0x00000195,0x00001101,0x00000193,0x00001100,0x0004003d,0x00000006,0x00001102,
    0x00001101,0x0005008e,0x00000025,0x00001103,0x000010ff,0x00001102,0x0004003d,0x0000005d,
    0x00001104,0x000010f9,0x00040070,0x00000006,0x00001105,0x00001104,0x00050050,0x00000025,
    0x00001106,0x00001105,0x00001105,0x00050088,0x00000025,0x00001107,0x00001103,0x00001106,
    0x0003003e,0x000010fe,0x00001107,0x0004003d,0x00000006,0x0000110a,0x000010e7,0x0003003e,
    0x00001109,0x0000110a,0x00050041,0x00000195,0x0000110c,0x00000193,0x000010a2,0x0004003d,
    0x00000006,0x0000110d,0x0000110c,0x0003003e,0x0000110b,0x0000110d,0x00050041,0x00000195,
    0x0000110f,0x00000193,0x000010a3,0x0004003d,0x00000006,0x00001110,0x0000110f,0x0003003e,
    0x0000110e,0x00001110,0x00070039,0x00000006,0x00001111,0x00000099,0x00001109,0x0000110b,
    0x0000110e,0x0003003e,0x00001108,0x00001111,0x0004003d,0x00000025,0x00001113,0x000000b0,
    0x0003003e,0x00001112,0x00001113,0x0003003e,0x00001114,0x0000011e,0x0003003e,0x00001115,
    0x000000ef,0x000200f9,0x00001116,0x000200f8,0x00001116,0x000400f6,0x00001118,0x00001119,
    0x00000000,0x000200f9,0x0000111a,0x000200f8,0x0000111a,0x0004003d,0x0000005d,0x0000111b,
    0x00001115,0x0004003d,0x0000005d,0x0000111c,0x000010f9,0x000500b2,0x000001c9,0x0000111d,
    0x0000111b,0x0000111c,0x000400fa,0x0000111d,0x00001117,0x00001118,0x000200f8,0x00001117,
    0x0004003d,0x00000025,0x0000111e,0x000010fe,0x0004003d,0x00000025,0x0000111f,0x00001112,
    0x00050081,0x00000025,0x00001120,0x0000111f,0x0000111e,0x0003003e,0x00001112,0x00001120,
    0x00050041,0x00000010,0x00001121,0x00001112,0x000000ec,0x0004003d,0x00000006,0x00001122,
    0x00001121,0x000500b8,0x000001c9,0x00001123,0x00001122,0x0000011e,0x000400a8,0x000001c9,
    0x00001124,0x00001123,0x000300f7,0x00001126,0x00000000,0x000400fa,0x00001124,0x00001125,
    0x00001126,0x000200f8,0x00001125,0x00050041,0x00000010,0x00001127,0x00001112,0x000000ec,
    0x0004003d,0x00000006,0x00001128,0x00001127,0x000500ba,0x000001c9,0x00001129,0x00001128,
    0x000000d8,0x000200f9,0x00001126,0x000200f8,0x00001126,0x000700f5,0x000001c9,0x0000112a,
    0x00001123,0x00001117,0x00001129,0x00001125,0x000400a8,0x000001c9,0x0000112b,0x0000112a,
    0x000300f7,0x0000112d,0x00000000,0x000400fa,0x0000112b,0x0000112c,0x0000112d,0x000200f8,
    0x0000112c,0x00050041,0x00000010,0x0000112e,0x00001112,0x000000ef,0x0004003d,0x00000006,
    0x0000112f,0x0000112e,0x000500b8,0x000001c9,0x00001130,0x0000112f,0x0000011e,0x000200f9,
    0x0000112d,0x000200f8,0x0000112d,0x000700f5,0x000001c9,0x00001131,0x0000112a,0x00001126,
    0x00001130,0x0000112c,0x000400a8,0x000001c9,0x00001132,0x00001131,0x000300f7,0x00001134,
    0x00000000,0x000400fa,0x00001132,0x00001133,0x00001134,0x000200f8,0x00001133,0x00050041,
    0x00000010,0x00001135,0x00001112,0x000000ef,0x0004003d,0x00000006,0x00001136,0x00001135,
    0x000500ba,0x000001c9,0x00001137,0x00001136,0x000000d8,0x000200f9,0x00001134,0x000200f8,
    0x00001134,0x000700f5,0x000001c9,0x00001138,0x00001131,0x0000112d,0x00001137,0x00001133,
    0x000300f7,0x0000113a,0x00000000,0x000400fa,0x00001138,0x00001139,0x0000113a,0x000200f8,
    0x00001139,0x000200f9,0x00001118,0x000200f8,0x0000113a,0x0004003d,0x000002de,0x0000113d,
    0x00000bec,0x0004003d,0x00000025,0x0000113e,0x00001112,0x00050057,0x00000190,0x0000113f,
    0x0000113d,0x0000113e,0x00050051,0x00000006,0x00001140,0x0000113f,0x00000000,0x0003003e,
    0x0000113c,0x00001140,0x0004003d,0x00000006,0x00001143,0x0000113c,0x0003003e,0x00001142,
    0x00001143,0x00050041,0x00000195,0x00001145,0x00000193,0x000010a2,0x0004003d,0x00000006,
    0x00001146,0x00001145,0x0003003e,0x00001144,0x00001146,0x00050041,0x00000195,0x00001148,
    0x00000193,0x000010a3,0x0004003d,0x00000006,0x00001149,0x00001148,0x0003003e,0x00001147,
    0x00001149,0x00070039,0x00000006,0x0000114a,0x00000099,0x00001142,0x00001144,0x00001147,
    0x0003003e,0x00001141,0x0000114a,0x0004003d,0x0000005d,0x0000114c,0x00001115,0x00040070,
    0x00000006,0x0000114d,0x0000114c,0x0004003d,0x0000005d,0x0000114e,0x000010f9,0x00040070,
    0x00000006,0x0000114f,0x0000114e,0x00050088,0x00000006,0x00001150,0x0000114d,0x0000114f,
    0x0003003e,0x0000114b,0x00001150,0x0004003d,0x00000006,0x00001152,0x00001108,0x0004003d,
    0x00000006,0x00001153,0x0000114b,0x00050041,0x00000195,0x00001154,0x00000193,0x00001100,
    0x0004003d,0x00000006,0x00001155,0x00001154,0x00050085,0x00000006,0x00001156,0x00001153,
    0x00001155,0x0004003d,0x00000006,0x00001157,0x00001108,0x00050085,0x00000006,0x00001158,
    0x00001156,0x00001157,0x00050083,0x00000006,0x00001159,0x00001152,0x00001158,0x0003003e,
    0x00001151,0x00001159,0x0004003d,0x00000006,0x0000115b,0x00001141,0x0004003d,0x00000006,
    0x0000115c,0x00001151,0x00050083,0x00000006,0x0000115d,0x0000115b,0x0000115c,0x0006000c,
    0x00000006,0x0000115e,0x00000001,0x00000004,0x0000115d,0x0003003e,0x0000115a,0x0000115e,
    0x0004003d,0x00000006,0x0000115f,0x00001141,0x0004003d,0x00000006,0x00001160,0x00001151,
    0x000500b8,0x000001c9,0x00001161,0x0000115f,0x00001160,0x000300f7,0x00001163,0x00000000,
    0x000400fa,0x00001161,0x00001162,0x00001163,0x000200f8,0x00001162,0x0004003d,0x00000006,
    0x00001164,0x0000115a,0x00050041,0x00000195,0x00001165,0x00000193,0x00001100,0x0004003d,
    0x00000006,0x00001166,0x00001165,0x0004003d,0x00000006,0x00001167,0x00001108,0x00050085,
    0x00000006,0x00001168,0x00001166,0x00001167,0x00050085,0x00000006,0x00001169,0x00001168,
    0x00000132,0x000500b8,0x000001c9,0x0000116a,0x00001164,0x00001169,0x000200f9,0x00001163,
    0x000200f8,0x00001163,0x000700f5,0x000001c9,0x0000116b,0x00001161,0x0000113a,0x0000116a,
    0x00001162,0x000300f7,0x0000116d,0x00000000,0x000400fa,0x0000116b,0x0000116c,0x0000116d,
    0x000200f8,0x0000116c,0x0004003d,0x00000006,0x0000116e,0x0000114b,0x00050083,0x00000006,
    0x0000116f,0x000000d8,0x0000116e,0x0003003e,0x00001114,0x0000116f,0x000200f9,0x00001118,
    0x000200f8,0x0000116d,0x000200f9,0x00001119,0x000200f8,0x00001119,0x0004003d,0x0000005d,
    0x00001171,0x00001115,0x00050080,0x0000005d,0x00001172,0x00001171,0x00000194,0x0003003e,
    0x00001115,0x00001172,0x000200f9,0x00001116,0x000200f8,0x00001118,0x00050041,0x00000195,
    0x00001174,0x00000193,0x00001173,0x0004003d,0x00000006,0x00001175,0x00001174,0x0004003d,
    0x00000006,0x00001176,0x00001114,0x00050085,0x00000006,0x00001177,0x00001176,0x00001175,
    0x0003003e,0x00001114,0x00001177,0x0004003d,0x00000007,0x00001178,0x000000af,0x0004003d,
    0x00000006,0x00001179,0x00001114,0x00050083,0x00000006,0x0000117a,0x000000d8,0x00001179,
    0x0005008e,0x00000007,0x0000117b,0x00001178,0x0000117a,0x000200fe,0x0000117b,0x00010038,
    0x00050036,0x00000007,0x000000b5,0x00000000,0x00000027,0x00030037,0x00000008,0x000000b3,
    0x00030037,0x00000026,0x000000b4,0x000200f8,0x000000b6,0x0004003b,0x00000010,0x00001186,
    0x00000007,0x0004003b,0x00000008,0x00001191,0x00000007,0x0004003b,0x00000026,0x00001192,
    0x00000007,0x0004003b,0x00000010,0x00001194,0x00000007,0x0004003b,0x00000010,0x000011a1,
    0x00000007,0x0004003b,0x00000026,0x000011a8,0x00000007,0x0004003b,0x00000010,0x000011af,
    0x00000007,0x0004003b,0x00000010,0x000011b0,0x00000007,0x0004003b,0x00000062,0x000011b1,
    0x00000007,0x0004003b,0x00000062,0x000011b9,0x00000007,0x0004003b,0x00000026,0x000011c1,
    0x00000007,0x0004003b,0x00000026,0x000011c7,0x00000007,0x0004003b,0x00000026,0x000011cc,
    0x00000007,0x0004003b,0x00000010,0x000011ef,0x00000007,0x0004003b,0x00000010,0x0000120a,
    0x00000007,0x0004003b,0x00000010,0x00001212,0x00000007,0x00050041,0x0000019b,0x0000117f,
    0x00000193,0x0000117e,0x0004003d,0x0000005d,0x00001180,0x0000117f,0x000500aa,0x000001c9,
    0x00001181,0x00001180,0x000000ec,0x000300f7,0x00001183,0x00000000,0x000400fa,0x00001181,
    0x00001182,0x00001183,0x000200f8,0x00001182,0x0004003d,0x00000007,0x00001184,0x000000b3,
    0x000200fe,0x00001184,0x000200f8,0x00001183,0x0004003d,0x000002de,0x00001187,0x00000bec,
    0x0004003d,0x00000025,0x00001188,0x000000b4,0x00050057,0x00000190,0x00001189,0x00001187,
    0x00001188,0x00050051,0x00000006,0x0000118a,0x00001189,0x00000000,0x0003003e,0x00001186,
    0x0000118a,0x0004003d,0x00000006,0x0000118b,0x00001186,0x000500b8,0x000001c9,0x0000118c,
    0x0000118b,0x00000ff0,0x000300f7,0x0000118e,0x00000000,0x000400fa,0x0000118c,0x0000118d,
    0x0000118e,0x000200f8,0x0000118d,0x0004003d,0x00000007,0x0000118f,0x000000b3,0x000200fe,
    0x0000118f,0x000200f8,0x0000118e,0x0004003d,0x00000025,0x00001193,0x000000b4,0x0003003e,
    0x00001192,0x00001193,0x0004003d,0x00000006,0x00001195,0x00001186,0x0003003e,0x00001194,
    0x00001195,0x00060039,0x00000007,0x00001196,0x000000a2,0x00001192,0x00001194,0x0003003e,
    0x00001191,0x00001196,0x00050041,0x00000010,0x00001197,0x00001191,0x000000ef,0x0004003d,
    0x00000006,0x00001198,0x00001197,0x00050041,0x00000195,0x0000119a,0x00000193,0x00001199,
    0x0004003d,0x00000006,0x0000119b,0x0000119a,0x000500ba,0x000001c9,0x0000119c,0x00001198,
    0x0000119b,0x000300f7,0x0000119e,0x00000000,0x000400fa,0x0000119c,0x0000119d,0x0000119e,
    0x000200f8,0x0000119d,0x0004003d,0x00000007,0x0000119f,0x000000b3,0x000200fe,0x0000119f,
    0x000200f8,0x0000119e,0x00050041,0x00000195,0x000011a2,0x00000193,0x000002bb,0x0004003d,
    0x00000006,0x000011a3,0x000011a2,0x00050041,0x00000195,0x000011a5,0x00000193,0x000011a4,
    0x0004003d,0x00000006,0x000011a6,0x000011a5,0x00050085,0x00000006,0x000011a7,0x000011a3,
    0x000011a6,0x0003003e,0x000011a1,0x000011a7,0x0004003d,0x00000007,0x000011a9,0x00001191,
    0x0007004f,0x00000025,0x000011aa,0x000011a9,0x000011a9,0x00000000,0x00000002,0x00050041,
    0x00000195,0x000011ac,0x00000193,0x000011ab,0x0004003d,0x00000006,0x000011ad,0x000011ac,
    0x0005008e,0x00000025,0x000011ae,0x000011aa,0x000011ad,0x0003003e,0x000011a8,0x000011ae,
    0x0003003e,0x000011af,0x000000d8,0x0003003e,0x000011b0,0x000000d8,0x0003003e,0x000011b1,
    0x00000c3f,0x000200f9,0x000011b2,0x000200f8,0x000011b2,0x000400f6,0x000011b4,0x000011b5,
    0x00000000,0x000200f9,0x000011b6,0x000200f8,0x000011b6,0x0004003d,0x00000061,0x000011b7,
    0x000011b1,0x000500b3,0x000001c9,0x000011b8,0x000011b7,0x00000194,0x000400fa,0x000011b8,
    0x000011b3,0x000011b4,0x000200f8,0x000011b3,0x0003003e,0x000011b9,0x00000c3f,0x000200f9,
    0x000011ba,0x000200f8,0x000011ba,0x000400f6,0x000011bc,0x000011bd,0x00000000,0x000200f9,
    0x000011be,0x000200f8,0x000011be,0x0004003d,0x00000061,0x000011bf,0x000011b9,0x000500b3,
    0x000001c9,0x000011c0,0x000011bf,0x00000194,0x000400fa,0x000011c0,0x000011bb,0x000011bc,
    0x000200f8,0x000011bb,0x0004003d,0x00000061,0x000011c2,0x000011b9,0x0004006f,0x00000006,
    0x000011c3,0x000011c2,0x0004003d,0x00000061,0x000011c4,0x000011b1,0x0004006f,0x00000006,
    0x000011c5,0x000011c4,0x00050050,0x00000025,0x000011c6,0x000011c3,0x000011c5,0x0003003e,
    0x000011c1,0x000011c6,0x0004003d,0x00000025,0x000011c8,0x000011a8,0x0006000c,0x00000025,
    0x000011c9,0x00000001,0x00000008,0x000011c8,0x0004003d,0x00000025,0x000011ca,0x000011c1,
    0x00050081,0x00000025,0x000011cb,0x000011c9,0x000011ca,0x0003003e,0x000011c7,0x000011cb,
    0x0004003d,0x00000025,0x000011cd,0x000011c7,0x0004003d,0x00000025,0x000011ce,0x000011c7,
    0x00050094,0x00000006,0x000011d0,0x000011ce,0x000011cf,0x0006000c,0x00000006,0x000011d1,
    0x00000001,0x0000000d,0x000011d0,0x00050085,0x00000006,0x000011d2,0x000011d1,0x000002c6,
    0x0006000c,0x00000006,0x000011d3,0x00000001,0x0000000a,0x000011d2,0x0004003d,0x00000025,
    0x000011d4,0x000011c7,0x00050094,0x00000006,0x000011d8,0x000011d4,0x000011d7,0x0006000c,
    0x00000006,0x000011d9,0x00000001,0x0000000d,0x000011d8,0x00050085,0x00000006,0x000011da,
    0x000011d9,0x000002c6,0x0006000c,0x00000006,0x000011db,0x00000001,0x0000000a,0x000011da,
    0x00050050,0x00000025,0x000011dc,0x000011d3,0x000011db,0x00050081,0x00000025,0x000011dd,
    0x000011cd,0x000011dc,0x0003003e,0x000011cc,0x000011dd,0x0004003d,0x00000006,0x000011de,
    0x000011a1,0x00050041,0x00000010,0x000011df,0x000011cc,0x000000ec,0x0004003d,0x00000006,
    0x000011e0,0x000011df,0x00050085,0x00000006,0x000011e2,0x000011e0,0x000011e1,0x00050081,
    0x00000006,0x000011e3,0x000011de,0x000011e2,0x0006000c,0x00000006,0x000011e4,0x00000001,
    0x0000000d,0x000011e3,0x0004003d,0x00000006,0x000011e5,0x000011a1,0x00050041,0x00000010,
    0x000011e6,0x000011cc,0x000000ef,0x0004003d,0x00000006,0x000011e7,0x000011e6,0x00050085,
    0x00000006,0x000011e8,0x000011e7,0x000011e1,0x00050081,0x00000006,0x000011e9,0x000011e5,
    0x000011e8,0x0006000c,0x00000006,0x000011ea,0x00000001,0x0000000e,0x000011e9,0x00050050,
    0x00000025,0x000011eb,0x000011e4,0x000011ea,0x0005008e,0x00000025,0x000011ec,0x000011eb,
    0x000008c6,0x0004003d,0x00000025,0x000011ed,0x000011cc,0x00050081,0x00000025,0x000011ee,
    0x000011ed,0x000011ec,0x0003003e,0x000011cc,0x000011ee,0x0004003d,0x00000025,0x000011f0,
    0x000011a8,0x0006000c,0x00000025,0x000011f1,0x00000001,0x0000000a,0x000011f0,0x0004003d,
    0x00000025,0x000011f2,0x000011c1,0x00050083,0x00000025,0x000011f3,0x000011f1,0x000011f2,
    0x0004003d,0x00000025,0x000011f4,0x000011cc,0x0006000c,0x00000025,0x000011f5,0x00000001,
    0x0000000a,0x000011f4,0x00050083,0x00000025,0x000011f6,0x000011f3,0x000011f5,0x0006000c,
    0x00000006,0x000011f7,0x00000001,0x00000042,0x000011f6,0x0003003e,0x000011ef,0x000011f7,
    0x0004003d,0x00000006,0x000011f8,0x000011ef,0x0004003d,0x00000006,0x000011f9,0x000011af,
    0x000500b8,0x000001c9,0x000011fa,0x000011f8,0x000011f9,0x000300f7,0x000011fc,0x00000000,
    0x000400fa,0x000011fa,0x000011fb,0x000011ff,0x000200f8,0x000011fb,0x0004003d,0x00000006,
    0x000011fd,0x000011af,0x0003003e,0x000011b0,0x000011fd,0x0004003d,0x00000006,0x000011fe,
    0x000011ef,0x0003003e,0x000011af,0x000011fe,0x000200f9,0x000011fc,0x000200f8,0x000011ff,
    0x0004003d,0x00000006,0x00001200,0x000011ef,0x0004003d,0x00000006,0x00001201,0x000011b0,
    0x000500b8,0x000001c9,0x00001202,0x00001200,0x00001201,0x000300f7,0x00001204,0x00000000,
    0x000400fa,0x00001202,0x00001203,0x00001204,0x000200f8,0x00001203,0x0004003d,0x00000006,
    0x00001205,0x000011ef,0x0003003e,0x000011b0,0x00001205,0x000200f9,0x00001204,0x000200f8,
    0x00001204,0x000200f9,0x000011fc,0x000200f8,0x000011fc,0x000200f9,0x000011bd,0x000200f8,
    0x000011bd,0x0004003d,0x00000061,0x00001206,0x000011b9,0x00050080,0x00000061,0x00001207,
    0x00001206,0x00000194,0x0003003e,0x000011b9,0x00001207,0x000200f9,0x000011ba,0x000200f8,
    0x000011bc,0x000200f9,0x000011b5,0x000200f8,0x000011b5,0x0004003d,0x00000061,0x00001208,
    0x000011b1,0x00050080,0x00000061,0x00001209,0x00001208,0x00000194,0x0003003e,0x000011b1,
    0x00001209,0x000200f9,0x000011b2,0x000200f8,0x000011b4,0x0004003d,0x00000006,0x0000120b,
    0x000011b0,0x0004003d,0x00000006,0x0000120c,0x000011af,0x00050083,0x00000006,0x0000120d,
    0x0000120b,0x0000120c,0x0008000c,0x00000006,0x0000120e,0x00000001,0x00000031,0x0000011e,
    0x000008c6,0x0000120d,0x0003003e,0x0000120a,0x0000120e,0x0004003d,0x00000006,0x0000120f,
    0x0000120a,0x0004003d,0x00000006,0x00001210,0x0000120a,0x00050085,0x00000006,0x00001211,
    0x00001210,0x0000120f,0x0003003e,0x0000120a,0x00001211,0x00050041,0x00000195,0x00001213,
    0x00000193,0x00001199,0x0004003d,0x00000006,0x00001214,0x00001213,0x00050041,0x00000010,
    0x00001215,0x00001191,0x000000ef,0x0004003d,0x00000006,0x00001216,0x00001215,0x00050083,
    0x00000006,0x00001217,0x00001214,0x00001216,0x00050085,0x00000006,0x00001218,0x00001217,
    0x00000ac2,0x0008000c,0x00000006,0x00001219,0x00000001,0x0000002b,0x00001218,0x0000011e,
    0x000000d8,0x0003003e,0x00001212,0x00001219,0x0004003d,0x00000007,0x0000121a,0x000000b3,
    0x0004003d,0x00000006,0x0000121b,0x0000120a,0x00050041,0x00000195,0x0000121d,0x00000193,
    0x0000121c,0x0004003d,0x00000006,0x0000121e,0x0000121d,0x00050085,0x00000006,0x0000121f,
    0x0000121b,0x0000121e,0x0004003d,0x00000006,0x00001220,0x00001212,0x00050085,0x00000006,
    0x00001221,0x0000121f,0x00001220,0x00060050,0x00000007,0x00001222,0x00001221,0x00001221,
    0x00001221,0x00050081,0x00000007,0x00001223,0x0000121a,0x00001222,0x000200fe,0x00001223,
    0x00010038,0x00050036,0x00000007,0x000000b9,0x00000000,0x00000027,0x00030037,0x00000008,
    0x000000b7,0x00030037,0x00000026,0x000000b8,0x000200f8,0x000000ba,0x0004003b,0x00000010,
    0x0000122e,0x00000007,0x0004003b,0x00000010,0x00001233,0x00000007,0x0004003b,0x00000010,
    0x00001234,0x00000007,0x0004003b,0x00000010,0x00001236,0x00000007,0x0004003b,0x00000010,
    0x00001239,0x00000007,0x0004003b,0x00000010,0x0000123d,0x00000007,0x0004003b,0x00000026,
    0x00001243,0x00000007,0x0004003b,0x00000010,0x0000124d,0x00000007,0x0004003b,0x00000026,
    0x0000124e,0x00000007,0x0004003b,0x00000026,0x00001251,0x00000007,0x0004003b,0x00000010,
    0x00001258,0x00000007,0x0004003b,0x00000010,0x00001259,0x00000007,0x0004003b,0x000000c7,
    0x0000125a,0x00000007,0x0004003b,0x000000c7,0x0000125f,0x00000007,0x0004003b,0x00000010,
    0x00001268,0x00000007,0x0004003b,0x00000026,0x00001270,0x00000007,0x0004003b,0x00000010,
    0x0000127b,0x00000007,0x0004003b,0x00000010,0x00001280,0x00000007,0x0004003b,0x00000010,
    0x00001281,0x00000007,0x0004003b,0x00000010,0x00001283,0x00000007,0x0004003b,0x00000010,
    0x00001286,0x00000007,0x0004003b,0x00000010,0x0000128a,0x00000007,0x0004003b,0x00000010,
    0x000012a1,0x00000007,0x00050041,0x0000019b,0x00001227,0x00000193,0x00001226,0x0004003d,
    0x0000005d,0x00001228,0x00001227,0x000500aa,0x000001c9,0x00001229,0x00001228,0x000000ec,
    0x000300f7,0x0000122b,0x00000000,0x000400fa,0x00001229,0x0000122a,0x0000122b,0x000200f8,
    0x0000122a,0x0004003d,0x00000007,0x0000122c,0x000000b7,0x000200fe,0x0000122c,0x000200f8,
    0x0000122b,0x0004003d,0x000002de,0x0000122f,0x00000bec,0x0004003d,0x00000025,0x00001230,
    0x000000b8,0x00050057,0x00000190,0x00001231,0x0000122f,0x00001230,0x00050051,0x00000006,
    0x00001232,0x00001231,0x00000000,0x0003003e,0x0000122e,0x00001232,0x0004003d,0x00000006,
    0x00001235,0x0000122e,0x0003003e,0x00001234,0x00001235,0x00050041,0x00000195,0x00001237,
    0x00000193,0x000010a2,0x0004003d,0x00000006,0x00001238,0x00001237,0x0003003e,0x00001236,
    0x00001238,0x00050041,0x00000195,0x0000123a,0x00000193,0x000010a3,0x0004003d,0x00000006,
    0x0000123b,0x0000123a,0x0003003e,0x00001239,0x0000123b,0x00070039,0x00000006,0x0000123c,
    0x00000099,0x00001234,0x00001236,0x00001239,0x0003003e,0x00001233,0x0000123c,0x0004003d,
    0x00000006,0x0000123e,0x00001233,0x00050041,0x00000195,0x00001240,0x00000193,0x0000123f,
    0x0004003d,0x00000006,0x00001241,0x00001240,0x0007000c,0x00000006,0x00001242,0x00000001,
    0x00000025,0x0000123e,0x00001241,0x0003003e,0x0000123d,0x00001242,0x0004003d,0x00000025,
    0x00001244,0x000000b8,0x00050041,0x0000019b,0x00001245,0x00000193,0x000002e7,0x0004003d,
    0x0000005d,0x00001246,0x00001245,0x00040070,0x00000006,0x00001247,0x00001246,0x00050041,
    0x0000019b,0x00001248,0x00000193,0x000002eb,0x0004003d,0x0000005d,0x00001249,0x00001248,
    0x00040070,0x00000006,0x0000124a,0x00001249,0x00050050,0x00000025,0x0000124b,0x00001247,
    0x0000124a,0x00050085,0x00000025,0x0000124c,0x00001244,0x0000124b,0x0003003e,0x00001243,
    0x0000124c,0x0004003d,0x00000025,0x0000124f,0x00001243,0x0003003e,0x0000124e,0x0000124f,
    0x00050039,0x00000006,0x00001250,0x0000009d,0x0000124e,0x0003003e,0x0000124d,0x00001250,
    0x00050041,0x00000f92,0x00001252,0x00000193,0x00000f89,0x0004003d,0x00000190,0x00001253,
    0x00001252,0x0007004f,0x00000025,0x00001254,0x00001253,0x00001253,0x00000000,0x00000001,
    0x0004003d,0x00000025,0x00001255,0x000000b8,0x00050083,0x00000025,0x00001256,0x00001254,
    0x00001255,0x0006000c,0x00000025,0x00001257,0x00000001,0x00000045,0x00001256,0x0003003e,
    0x00001251,0x00001257,0x0003003e,0x00001258,0x0000011e,0x0003003e,0x00001259,0x000000d8,
    0x00050041,0x0000019b,0x0000125c,0x00000193,0x0000125b,0x0004003d,0x0000005d,0x0000125d,
    0x0000125c,0x0007000c,0x0000005d,0x0000125e,0x00000001,0x00000026,0x0000125d,0x00000e6d,
    0x0003003e,0x0000125a,0x0000125e,0x0003003e,0x0000125f,0x000000ec,0x000200f9,0x00001260,
    0x000200f8,0x00001260,0x000400f6,0x00001262,0x00001263,0x00000000,0x000200f9,0x00001264,
    0x000200f8,0x00001264,0x0004003d,0x0000005d,0x00001265,0x0000125f,0x0004003d,0x0000005d,
    0x00001266,0x0000125a,0x000500b0,0x000001c9,0x00001267,0x00001265,0x00001266,0x000400fa,
    0x00001267,0x00001261,0x00001262,0x000200f8,0x00001261,0x0004003d,0x0000005d,0x00001269,
    0x0000125f,0x00040070,0x00000006,0x0000126a,0x00001269,0x0004003d,0x00000006,0x0000126b,
    0x0000124d,0x00050081,0x00000006,0x0000126c,0x0000126a,0x0000126b,0x0004003d,0x0000005d,
    0x0000126d,0x0000125a,0x00040070,0x00000006,0x0000126e,0x0000126d,0x00050088,0x00000006,
    0x0000126f,0x0000126c,0x0000126e,0x0003003e,0x00001268,0x0000126f,0x0004003d,0x00000025,
    0x00001271,0x000000b8,0x0004003d,0x00000025,0x00001272,0x00001251,0x0004003d,0x00000006,
    0x00001273,0x00001268,0x0005008e,0x00000025,0x00001274,0x00001272,0x00001273,0x0005008e,
    0x00000025,0x00001275,0x00001274,0x00000911,0x00050083,0x00000025,0x00001276,0x00001271,
    0x00001275,0x0003003e,0x00001270,0x00001276,0x0004003d,0x00000025,0x00001277,0x00001270,
    0x00050050,0x00000025,0x00001278,0x00000fba,0x00000fba,0x00050050,0x00000025,0x00001279,
    0x00000fbb,0x00000fbb,0x0008000c,0x00000025,0x0000127a,0x00000001,0x0000002b,0x00001277,
    0x00001278,0x00001279,0x0003003e,0x00001270,0x0000127a,0x0004003d,0x000002de,0x0000127c,
    0x00000bec,0x0004003d,0x00000025,0x0000127d,0x00001270,0x00050057,0x00000190,0x0000127e,
    0x0000127c,0x0000127d,0x00050051,0x00000006,0x0000127f,0x0000127e,0x00000000,0x0003003e,
    0x0000127b,0x0000127f,0x0004003d,0x00000006,0x00001282,0x0000127b,0x0003003e,0x00001281,
    0x00001282,0x00050041,0x00000195,0x00001284,0x00000193,0x000010a2,0x0004003d,0x00000006,
    0x00001285,0x00001284,0x0003003e,0x00001283,0x00001285,0x00050041,0x00000195,0x00001287,
    0x00000193,0x000010a3,0x0004003d,0x00000006,0x00001288,0x00001287,0x0003003e,0x00001286,
    0x00001288,0x00070039,0x00000006,0x00001289,0x00000099,0x00001281,0x00001283,0x00001286,
    0x0003003e,0x00001280,0x00001289,0x0004003d,0x00000006,0x0000128b,0x00001268,0x0004003d,
    0x00000006,0x0000128c,0x0000123d,0x00050085,0x00000006,0x0000128d,0x0000128b,0x0000128c,
    0x0003003e,0x0000128a,0x0000128d,0x0004003d,0x00000006,0x0000128e,0x00001280,0x0004003d,
    0x00000006,0x0000128f,0x0000128a,0x000500ba,0x000001c9,0x00001290,0x0000128e,0x0000128f,
    0x000300f7,0x00001292,0x00000000,0x000400fa,0x00001290,0x00001291,0x00001292,0x000200f8,
    0x00001291,0x00050041,0x00000195,0x00001294,0x00000193,0x00001293,0x0004003d,0x00000006,
    0x00001295,0x00001294,0x0004003d,0x00000006,0x00001296,0x00001259,0x00050085,0x00000006,
    0x00001297,0x00001295,0x00001296,0x0004003d,0x00000006,0x00001298,0x00001258,0x00050081,
    0x00000006,0x00001299,0x00001298,0x00001297,0x0003003e,0x00001258,0x00001299,0x000200f9,
    0x00001292,0x000200f8,0x00001292,0x00050041,0x00000195,0x0000129b,0x00000193,0x0000129a,
    0x0004003d,0x00000006,0x0000129c,0x0000129b,0x0004003d,0x00000006,0x0000129d,0x00001259,
    0x00050085,0x00000006,0x0000129e,0x0000129d,0x0000129c,0x0003003e,0x00001259,0x0000129e,
    0x000200f9,0x00001263,0x000200f8,0x00001263,0x0004003d,0x0000005d,0x0000129f,0x0000125f,
    0x00050080,0x0000005d,0x000012a0,0x0000129f,0x00000194,0x0003003e,0x0000125f,0x000012a0,
    0x000200f9,0x00001260,0x000200f8,0x00001262,0x00050041,0x00000f92,0x000012a2,0x00000193,
    0x00000f89,0x0004003d,0x00000190,0x000012a3,0x000012a2,0x0007004f,0x00000025,0x000012a4,
    0x000012a3,0x000012a3,0x00000000,0x00000001,0x00050083,0x00000025,0x000012a6,0x000012a4,
    0x000012a5,0x0006000c,0x00000025,0x000012a7,0x00000001,0x00000045,0x000012a6,0x0004003d,
    0x00000025,0x000012a8,0x000000b8,0x00050083,0x00000025,0x000012a9,0x000012a8,0x000012a5,
    0x00050094,0x00000006,0x000012aa,0x000012a7,0x000012a9,0x0007000c,0x00000006,0x000012ab,
    0x00000001,0x00000028,0x000012aa,0x0000011e,0x0003003e,0x000012a1,0x000012ab,0x0004003d,
    0x00000006,0x000012ac,0x000012a1,0x00050081,0x00000006,0x000012ad,0x000012ac,0x000008c6,
    0x0007000c,0x00000006,0x000012ae,0x00000001,0x0000001a,0x000012ad,0x00000175,0x0003003e,
    0x000012a1,0x000012ae,0x00050041,0x00000195,0x000012b0,0x00000193,0x000012af,0x0004003d,
    0x00000006,0x000012b1,0x000012b0,0x0004003d,0x00000006,0x000012b2,0x000012a1,0x00050085,
    0x00000006,0x000012b3,0x000012b1,0x000012b2,0x0004003d,0x00000006,0x000012b4,0x00001258,
    0x00050085,0x00000006,0x000012b5,0x000012b4,0x000012b3,0x0003003e,0x00001258,0x000012b5,
    0x0004003d,0x00000007,0x000012b6,0x000000b7,0x0004003d,0x00000006,0x000012b7,0x00001258,
    0x0008000c,0x00000006,0x000012b8,0x00000001,0x0000002b,0x000012b7,0x0000011e,0x000000d8,
    0x00060050,0x00000007,0x000012b9,0x000012b8,0x000012b8,0x000012b8,0x00050081,0x00000007,
    0x000012ba,0x000012b6,0x000012b9,0x000200fe,0x000012ba,0x00010038,0x00050036,0x00000007,
    0x000000bd,0x00000000,0x00000027,0x00030037,0x00000008,0x000000bb,0x00030037,0x00000026,
    0x000000bc,0x000200f8,0x000000be,0x0004003b,0x00000026,0x000012c5,0x00000007,0x0004003b,
    0x00000010,0x000012cf,0x00000007,0x0004003b,0x00000008,0x000012d9,0x00000007,0x0004003b,
    0x00000026,0x000012da,0x00000007,0x0004003b,0x00000008,0x000012dd,0x00000007,0x0004003b,
    0x00000026,0x000012e2,0x00000007,0x0004003b,0x00000008,0x000012e4,0x00000007,0x0004003b,
    0x00000026,0x000012e9,0x00000007,0x0004003b,0x00000008,0x000012eb,0x00000007,0x0004003b,
    0x00000026,0x000012f0,0x00000007,0x0004003b,0x00000008,0x000012f2,0x00000007,0x0004003b,
    0x00000026,0x000012f7,0x00000007,0x0004003b,0x00000008,0x000012f9,0x00000007,0x0004003b,
    0x00000010,0x00001304,0x00000007,0x0004003b,0x00000010,0x00001314,0x00000007,0x0004003b,
    0x00000010,0x00001321,0x00000007,0x0004003b,0x00000010,0x0000132c,0x00000007,0x0004003b,
    0x00000010,0x00001338,0x00000007,0x0004003b,0x00000010,0x00001343,0x00000007,0x0004003b,
    0x00000010,0x0000134d,0x00000007,0x0004003b,0x00000010,0x00001359,0x00000007,0x0004003b,
    0x00000010,0x00001363,0x00000007,0x0004003b,0x00000010,0x0000136d,0x00000007,0x0004003b,
    0x00000010,0x0000137b,0x00000007,0x0004003b,0x00000010,0x00001389,0x00000007,0x0004003b,
    0x00000010,0x00001392,0x00000007,0x0004003b,0x00000008,0x00001399,0x00000007,0x0004003b,
    0x00000026,0x000013a3,0x00000007,0x0004003b,0x00000008,0x000013a5,0x00000007,0x0004003b,
    0x00000026,0x000013ad,0x00000007,0x0004003b,0x00000008,0x000013af,0x00000007,0x0004003b,
    0x00000026,0x000013b8,0x00000007,0x0004003b,0x00000008,0x000013ba,0x00000007,0x0004003b,
    0x00000026,0x000013c2,0x00000007,0x0004003b,0x00000008,0x000013c4,0x00000007,0x0004003b,
    0x00000026,0x000013cb,0x00000007,0x0004003b,0x00000008,0x000013cd,0x00000007,0x0004003b,
    0x00000026,0x000013d6,0x00000007,0x0004003b,0x00000008,0x000013d8,0x00000007,0x0004003b,
    0x00000026,0x000013df,0x00000007,0x0004003b,0x00000008,0x000013e1,0x00000007,0x0004003b,
    0x00000026,0x000013e8,0x00000007,0x0004003b,0x00000008,0x000013ea,0x00000007,0x0004003b,
    0x00000008,0x000013f8,0x00000007,0x0004003b,0x00000010,0x0000140b,0x00000007,0x0004003b,
    0x00000010,0x00001416,0x00000007,0x00050041,0x0000019b,0x000012be,0x00000193,0x000012bd,
    0x0004003d,0x0000005d,0x000012bf,0x000012be,0x000500aa,0x000001c9,0x000012c0,0x000012bf,
    0x000000ec,0x000300f7,0x000012c2,0x00000000,0x000400fa,0x000012c0,0x000012c1,0x000012c2,
    0x000200f8,0x000012c1,0x0004003d,0x00000007,0x000012c3,0x000000bb,0x000200fe,0x000012c3,
    0x000200f8,0x000012c2,0x00050041,0x0000019b,0x000012c6,0x00000193,0x000002e7,0x0004003d,
    0x0000005d,0x000012c7,0x000012c6,0x00040070,0x00000006,0x000012c8,0x000012c7,0x00050088,
    0x00000006,0x000012c9,0x000000d8,0x000012c8,0x00050041,0x0000019b,0x000012ca,0x00000193,
    0x000002eb,0x0004003d,0x0000005d,0x000012cb,0x000012ca,0x00040070,0x00000006,0x000012cc,
    0x000012cb,0x00050088,0x00000006,0x000012cd,0x000000d8,0x000012cc,0x00050050,0x00000025,
    0x000012ce,0x000012c9,0x000012cd,0x0003003e,0x000012c5,0x000012ce,0x00050041,0x00000195,
    0x000012d1,0x00000193,0x000012d0,0x0004003d,0x00000006,0x000012d2,0x000012d1,0x0003003e,
    0x000012cf,0x000012d2,0x00050041,0x00000195,0x000012d4,0x00000193,0x000012d3,0x0004003d,
    0x00000006,0x000012d5,0x000012d4,0x000500ba,0x000001c9,0x000012d6,0x000012d5,0x0000011e,
    0x000300f7,0x000012d8,0x00000000,0x000400fa,0x000012d6,0x000012d7,0x000012d8,0x000200f8,
    0x000012d7,0x0004003d,0x00000025,0x000012db,0x000000bc,0x0003003e,0x000012da,0x000012db,
    0x00050039,0x00000007,0x000012dc,0x000000a5,0x000012da,0x0003003e,0x000012d9,0x000012dc,
    0x0004003d,0x00000025,0x000012de,0x000000bc,0x0004003d,0x00000025,0x000012df,0x000012c5,
    0x00050085,0x00000025,0x000012e0,0x000003de,0x000012df,0x00050081,0x00000025,0x000012e1,
    0x000012de,0x000012e0,0x0003003e,0x000012e2,0x000012e1,0x00050039,0x00000007,0x000012e3,
    0x000000a5,0x000012e2,0x0003003e,0x000012dd,0x000012e3,0x0004003d,0x00000025,0x000012e5,
    0x000000bc,0x0004003d,0x00000025,0x000012e6,0x000012c5,0x00050085,0x00000025,0x000012e7,
    0x000003e7,0x000012e6,0x00050081,0x00000025,0x000012e8,0x000012e5,0x000012e7,0x0003003e,
    0x000012e9,0x000012e8,0x00050039,0x00000007,0x000012ea,0x000000a5,0x000012e9,0x0003003e,
    0x000012e4,0x000012ea,0x0004003d,0x00000025,0x000012ec,0x000000bc,0x0004003d,0x00000025,
    0x000012ed,0x000012c5,0x00050085,0x00000025,0x000012ee,0x000003cc,0x000012ed,0x00050081,
    0x00000025,0x000012ef,0x000012ec,0x000012ee,0x0003003e,0x000012f0,0x000012ef,0x00050039,
    0x00000007,0x000012f1,0x000000a5,0x000012f0,0x0003003e,0x000012eb,0x000012f1,0x0004003d,
    0x00000025,0x000012f3,0x000000bc,0x0004003d,0x00000025,0x000012f4,0x000012c5,0x00050085,
    0x00000025,0x000012f5,0x000003d5,0x000012f4,0x00050081,0x00000025,0x000012f6,0x000012f3,
    0x000012f5,0x0003003e,0x000012f7,0x000012f6,0x00050039,0x00000007,0x000012f8,0x000000a5,
    0x000012f7,0x0003003e,0x000012f2,0x000012f8,0x0004003d,0x00000007,0x000012fa,0x000012dd,
    0x0004003d,0x00000007,0x000012fb,0x000012e4,0x00050081,0x00000007,0x000012fc,0x000012fa,
    0x000012fb,0x0004003d,0x00000007,0x000012fd,0x000012eb,0x00050081,0x00000007,0x000012fe,
    0x000012fc,0x000012fd,0x0004003d,0x00000007,0x000012ff,0x000012f2,0x00050081,0x00000007,
    0x00001300,0x000012fe,0x000012ff,0x0004003d,0x00000007,0x00001301,0x000012d9,0x0005008e,
    0x00000007,0x00001302,0x00001301,0x00000544,0x00050083,0x00000007,0x00001303,0x00001300,
    0x00001302,0x0003003e,0x000012f9,0x00001303,0x0004003d,0x00000007,0x00001305,0x000012f9,
    0x0006000c,0x00000006,0x00001306,0x00000001,0x00000042,0x00001305,0x0003003e,0x00001304,
    0x00001306,0x00050041,0x00000195,0x00001307,0x00000193,0x000012d3,0x0004003d,0x00000006,
    0x00001308,0x00001307,0x0004003d,0x00000006,0x00001309,0x00001304,0x00050085,0x00000006,
    0x0000130a,0x00001308,0x00001309,0x00050085,0x00000006,0x0000130b,0x0000130a,0x00000758,
    0x00050081,0x00000006,0x0000130c,0x000000d8,0x0000130b,0x0004003d,0x00000006,0x0000130d,
    0x000012cf,0x00050085,0x00000006,0x0000130e,0x0000130d,0x0000130c,0x0003003e,0x000012cf,
    0x0000130e,0x0004003d,0x00000006,0x0000130f,0x000012cf,0x00050041,0x00000195,0x00001310,
    0x00000193,0x000012d0,0x0004003d,0x00000006,0x00001311,0x00001310,0x00050085,0x00000006,
    0x00001312,0x00001311,0x00000174,0x0008000c,0x00000006,0x00001313,0x00000001,0x0000002b,
    0x0000130f,0x00000132,0x00001312,0x0003003e,0x000012cf,0x00001313,0x000200f9,0x000012d8,
    0x000200f8,0x000012d8,0x0004003d,0x000002de,0x00001315,0x00000bec,0x0004003d,0x00000025,
    0x00001316,0x000000bc,0x0004003d,0x00000006,0x00001317,0x000012cf,0x0004007f,0x00000006,
    0x00001318,0x00001317,0x0004003d,0x00000006,0x00001319,0x000012cf,0x0004007f,0x00000006,
    0x0000131a,0x00001319,0x00050050,0x00000025,0x0000131b,0x00001318,0x0000131a,0x0004003d,
    0x00000025,0x0000131c,0x000012c5,0x00050085,0x00000025,0x0000131d,0x0000131b,0x0000131c,
    0x00050081,0x00000025,0x0000131e,0x00001316,0x0000131d,0x00050057,0x00000190,0x0000131f,
    0x00001315,0x0000131e,0x00050051,0x00000006,0x00001320,0x0000131f,0x00000000,0x0003003e,
    0x00001314,0x00001320,0x0004003d,0x000002de,0x00001322,0x00000bec,0x0004003d,0x00000025,
    0x00001323,0x000000bc,0x0004003d,0x00000006,0x00001324,0x000012cf,0x0004007f,0x00000006,
    0x00001325,0x00001324,0x00050050,0x00000025,0x00001326,0x0000011e,0x00001325,0x0004003d,
    0x00000025,0x00001327,0x000012c5,0x00050085,0x00000025,0x00001328,0x00001326,0x00001327,
    0x00050081,0x00000025,0x00001329,0x00001323,0x00001328,0x00050057,0x00000190,0x0000132a,
    0x00001322,0x00001329,0x00050051,0x00000006,0x0000132b,0x0000132a,0x00000000,0x0003003e,
    0x00001321,0x0000132b,0x0004003d,0x000002de,0x0000132d,0x00000bec,0x0004003d,0x00000025,
    0x0000132e,0x000000bc,0x0004003d,0x00000006,0x0000132f,0x000012cf,0x0004003d,0x00000006,
    0x00001330,0x000012cf,0x0004007f,0x00000006,0x00001331,0x00001330,0x00050050,0x00000025,
    0x00001332,0x0000132f,0x00001331,0x0004003d,0x00000025,0x00001333,0x000012c5,0x00050085,
    0x00000025,0x00001334,0x00001332,0x00001333,0x00050081,0x00000025,0x00001335,0x0000132e,
    0x00001334,0x00050057,0x00000190,0x00001336,0x0000132d,0x00001335,0x00050051,0x00000006,
    0x00001337,0x00001336,0x00000000,0x0003003e,0x0000132c,0x00001337,0x0004003d,0x000002de,
    0x00001339,0x00000bec,0x0004003d,0x00000025,0x0000133a,0x000000bc,0x0004003d,0x00000006,
    0x0000133b,0x000012cf,0x0004007f,0x00000006,0x0000133c,0x0000133b,0x00050050,0x00000025,
    0x0000133d,0x0000133c,0x0000011e,0x0004003d,0x00000025,0x0000133e,0x000012c5,0x00050085,
    0x00000025,0x0000133f,0x0000133d,0x0000133e,0x00050081,0x00000025,0x00001340,0x0000133a,
    0x0000133f,0x00050057,0x00000190,0x00001341,0x00001339,0x00001340,0x00050051,0x00000006,
    0x00001342,0x00001341,0x00000000,0x0003003e,0x00001338,0x00001342,0x0004003d,0x000002de,
    0x00001344,0x00000bec,0x0004003d,0x00000025,0x00001345,0x000000bc,0x0004003d,0x00000006,
    0x00001346,0x000012cf,0x00050050,0x00000025,0x00001347,0x00001346,0x0000011e,0x0004003d,
    0x00000025,0x00001348,0x000012c5,0x00050085,0x00000025,0x00001349,0x00001347,0x00001348,
    0x00050081,0x00000025,0x0000134a,0x00001345,0x00001349,0x00050057,0x00000190,0x0000134b,
    0x00001344,0x0000134a,0x00050051,0x00000006,0x0000134c,0x0000134b,0x00000000,0x0003003e,
    0x00001343,0x0000134c,0x0004003d,0x000002de,0x0000134e,0x00000bec,0x0004003d,0x00000025,
    0x0000134f,0x000000bc,0x0004003d,0x00000006,0x00001350,0x000012cf,0x0004007f,0x00000006,
    0x00001351,0x00001350,0x0004003d,0x00000006,0x00001352,0x000012cf,0x00050050,0x00000025,
    0x00001353,0x00001351,0x00001352,0x0004003d,0x00000025,0x00001354,0x000012c5,0x00050085,
    0x00000025,0x00001355,0x00001353,0x00001354,0x00050081,0x00000025,0x00001356,0x0000134f,
    0x00001355,0x00050057,0x00000190,0x00001357,0x0000134e,0x00001356,0x00050051,0x00000006,
    0x00001358,0x00001357,0x00000000,0x0003003e,0x0000134d,0x00001358,0x0004003d,0x000002de,
    0x0000135a,0x00000bec,0x0004003d,0x00000025,0x0000135b,0x000000bc,0x0004003d,0x00000006,
    0x0000135c,0x000012cf,0x00050050,0x00000025,0x0000135d,0x0000011e,0x0000135c,0x0004003d,
    0x00000025,0x0000135e,0x000012c5,0x00050085,0x00000025,0x0000135f,0x0000135d,0x0000135e,
    0x00050081,0x00000025,0x00001360,0x0000135b,0x0000135f,0x00050057,0x00000190,0x00001361,
    0x0000135a,0x00001360,0x00050051,0x00000006,0x00001362,0x00001361,0x00000000,0x0003003e,
    0x00001359,0x00001362,0x0004003d,0x000002de,0x00001364,0x00000bec,0x0004003d,0x00000025,
    0x00001365,0x000000bc,0x0004003d,0x00000006,0x00001366,0x000012cf,0x00050050,0x00000025,
    0x00001367,0x00001366,0x00001366,0x0004003d,0x00000025,0x00001368,0x000012c5,0x00050085,
    0x00000025,0x00001369,0x00001367,0x00001368,0x00050081,0x00000025,0x0000136a,0x00001365,
    0x00001369,0x00050057,0x00000190,0x0000136b,0x00001364,0x0000136a,0x00050051,0x00000006,
    0x0000136c,0x0000136b,0x00000000,0x0003003e,0x00001363,0x0000136c,0x0004003d,0x00000006,
    0x0000136e,0x00001314,0x0004003d,0x00000006,0x0000136f,0x00001338,0x00050085,0x00000006,
    0x00001370,0x00000175,0x0000136f,0x00050081,0x00000006,0x00001371,0x0000136e,0x00001370,
    0x0004003d,0x00000006,0x00001372,0x0000134d,0x00050081,0x00000006,0x00001373,0x00001371,
    0x00001372,0x0004003d,0x00000006,0x00001374,0x0000132c,0x0004003d,0x00000006,0x00001375,
    0x00001343,0x00050085,0x00000006,0x00001376,0x00000175,0x00001375,0x00050081,0x00000006,
    0x00001377,0x00001374,0x00001376,0x0004003d,0x00000006,0x00001378,0x00001363,0x00050081,
    0x00000006,0x00001379,0x00001377,0x00001378,0x00050083,0x00000006,0x0000137a,0x00001373,
    0x00001379,0x0003003e,0x0000136d,0x0000137a,0x0004003d,0x00000006,0x0000137c,0x00001314,
    0x0004003d,0x00000006,0x0000137d,0x00001321,0x00050085,0x00000006,0x0000137e,0x00000175,
    0x0000137d,0x00050081,0x00000006,0x0000137f,0x0000137c,0x0000137e,0x0004003d,0x00000006,
    0x00001380,0x0000132c,0x00050081,0x00000006,0x00001381,0x0000137f,0x00001380,0x0004003d,
    0x00000006,0x00001382,0x0000134d,0x0004003d,0x00000006,0x00001383,0x00001359,0x00050085,
    0x00000006,0x00001384,0x00000175,0x00001383,0x00050081,0x00000006,0x00001385,0x00001382,
    0x00001384,0x0004003d,0x00000006,0x00001386,0x00001363,0x00050081,0x00000006,0x00001387,
    0x00001385,0x00001386,0x00050083,0x00000006,0x00001388,0x00001381,0x00001387,0x0003003e,
    0x0000137b,0x00001388,0x0004003d,0x00000006,0x0000138a,0x0000136d,0x0004003d,0x00000006,
    0x0000138b,0x0000136d,0x00050085,0x00000006,0x0000138c,0x0000138a,0x0000138b,0x0004003d,
    0x00000006,0x0000138d,0x0000137b,0x0004003d,0x00000006,0x0000138e,0x0000137b,0x00050085,
    0x00000006,0x0000138f,0x0000138d,0x0000138e,0x00050081,0x00000006,0x00001390,0x0000138c,
    0x0000138f,0x0006000c,0x00000006,0x00001391,0x00000001,0x0000001f,0x00001390,0x0003003e,
    0x00001389,0x00001391,0x0003003e,0x00001392,0x0000011e,0x00050041,0x00000195,0x00001394,
    0x00000193,0x00001393,0x0004003d,0x00000006,0x00001395,0x00001394,0x000500ba,0x000001c9,
    0x00001396,0x00001395,0x0000011e,0x000300f7,0x00001398,0x00000000,0x000400fa,0x00001396,
    0x00001397,0x00001398,0x000200f8,0x00001397,0x0004003d,0x00000025,0x0000139a,0x000000bc,
    0x0004003d,0x00000006,0x0000139b,0x000012cf,0x0004007f,0x00000006,0x0000139c,0x0000139b,
    0x0004003d,0x00000006,0x0000139d,0x000012cf,0x0004007f,0x00000006,0x0000139e,0x0000139d,
    0x00050050,0x00000025,0x0000139f,0x0000139c,0x0000139e,0x0004003d,0x00000025,0x000013a0,
    0x000012c5,0x00050085,0x00000025,0x000013a1,0x0000139f,0x000013a0,0x00050081,0x00000025,
    0x000013a2,0x0000139a,0x000013a1,0x0003003e,0x000013a3,0x000013a2,0x00050039,0x00000007,
    0x000013a4,0x000000a5,0x000013a3,0x0003003e,0x00001399,0x000013a4,0x0004003d,0x00000025,
    0x000013a6,0x000000bc,0x0004003d,0x00000006,0x000013a7,0x000012cf,0x0004007f,0x00000006,
    0x000013a8,0x000013a7,0x00050050,0x00000025,0x000013a9,0x0000011e,0x000013a8,0x0004003d,
    0x00000025,0x000013aa,0x000012c5,0x00050085,0x00000025,0x000013ab,0x000013a9,0x000013aa,
    0x00050081,0x00000025,0x000013ac,0x000013a6,0x000013ab,0x0003003e,0x000013ad,0x000013ac,
    0x00050039,0x00000007,0x000013ae,0x000000a5,0x000013ad,0x0003003e,0x000013a5,0x000013ae,
    0x0004003d,0x00000025,0x000013b0,0x000000bc,0x0004003d,0x00000006,0x000013b1,0x000012cf,
    0x0004003d,0x00000006,0x000013b2,0x000012cf,0x0004007f,0x00000006,0x000013b3,0x000013b2,
    0x00050050,0x00000025,0x000013b4,0x000013b1,0x000013b3,0x0004003d,0x00000025,0x000013b5,
    0x000012c5,0x00050085,0x00000025,0x000013b6,0x000013b4,0x000013b5,0x00050081,0x00000025,
    0x000013b7,0x000013b0,0x000013b6,0x0003003e,0x000013b8,0x000013b7,0x00050039,0x00000007,
    0x000013b9,0x000000a5,0x000013b8,0x0003003e,0x000013af,0x000013b9,0x0004003d,0x00000025,
    0x000013bb,0x000000bc,0x0004003d,0x00000006,0x000013bc,0x000012cf,0x0004007f,0x00000006,
    0x000013bd,0x000013bc,0x00050050,0x00000025,0x000013be,0x000013bd,0x0000011e,0x0004003d,
    0x00000025,0x000013bf,0x000012c5,0x00050085,0x00000025,0x000013c0,0x000013be,0x000013bf,
    0x00050081,0x00000025,0x000013c1,0x000013bb,0x000013c0,0x0003003e,0x000013c2,0x000013c1,
    0x00050039,0x00000007,0x000013c3,0x000000a5,0x000013c2,0x0003003e,0x000013ba,0x000013c3,
    0x0004003d,0x00000025,0x000013c5,0x000000bc,0x0004003d,0x00000006,0x000013c6,0x000012cf,
    0x00050050,0x00000025,0x000013c7,0x000013c6,0x0000011e,0x0004003d,0x00000025,0x000013c8,
    0x000012c5,0x00050085,0x00000025,0x000013c9,0x000013c7,0x000013c8,0x00050081,0x00000025,
    0x000013ca,0x000013c5,0x000013c9,0x0003003e,0x000013cb,0x000013ca,0x00050039,0x00000007,
    0x000013cc,0x000000a5,0x000013cb,0x0003003e,0x000013c4,0x000013cc,0x0004003d,0x00000025,
    0x000013ce,0x000000bc,0x0004003d,0x00000006,0x000013cf,0x000012cf,0x0004007f,0x00000006,
    0x000013d0,0x000013cf,0x0004003d,0x00000006,0x000013d1,0x000012cf,0x00050050,0x00000025,
    0x000013d2,0x000013d0,0x000013d1,0x0004003d,0x00000025,0x000013d3,0x000012c5,0x00050085,
    0x00000025,0x000013d4,0x000013d2,0x000013d3,0x00050081,0x00000025,0x000013d5,0x000013ce,
    0x000013d4,0x0003003e,0x000013d6,0x000013d5,0x00050039,0x00000007,0x000013d7,0x000000a5,
    0x000013d6,0x0003003e,0x000013cd,0x000013d7,0x0004003d,0x00000025,0x000013d9,0x000000bc,
    0x0004003d,0x00000006,0x000013da,0x000012cf,0x00050050,0x00000025,0x000013db,0x0000011e,
    0x000013da,0x0004003d,0x00000025,0x000013dc,0x000012c5,0x00050085,0x00000025,0x000013dd,
    0x000013db,0x000013dc,0x00050081,0x00000025,0x000013de,0x000013d9,0x000013dd,0x0003003e,
    0x000013df,0x000013de,0x00050039,0x00000007,0x000013e0,0x000000a5,0x000013df,0x0003003e,
    0x000013d8,0x000013e0,0x0004003d,0x00000025,0x000013e2,0x000000bc,0x0004003d,0x00000006,
    0x000013e3,0x000012cf,0x00050050,0x00000025,0x000013e4,0x000013e3,0x000013e3,0x0004003d,
    0x00000025,0x000013e5,0x000012c5,0x00050085,0x00000025,0x000013e6,0x000013e4,0x000013e5,
    0x00050081,0x00000025,0x000013e7,0x000013e2,0x000013e6,0x0003003e,0x000013e8,0x000013e7,
    0x00050039,0x00000007,0x000013e9,0x000000a5,0x000013e8,0x0003003e,0x000013e1,0x000013e9,
    0x0004003d,0x00000007,0x000013eb,0x00001399,0x0004003d,0x00000007,0x000013ec,0x000013ba,
    0x0005008e,0x00000007,0x000013ed,0x000013ec,0x00000175,0x00050081,0x00000007,0x000013ee,
    0x000013eb,0x000013ed,0x0004003d,0x00000007,0x000013ef,0x000013cd,0x00050081,0x00000007,
    0x000013f0,0x000013ee,0x000013ef,0x0004003d,0x00000007,0x000013f1,0x000013af,0x0004003d,
    0x00000007,0x000013f2,0x000013c4,0x0005008e,0x00000007,0x000013f3,0x000013f2,0x00000175,
    0x00050081,0x00000007,0x000013f4,0x000013f1,0x000013f3,0x0004003d,0x00000007,0x000013f5,
    0x000013e1,0x00050081,0x00000007,0x000013f6,0x000013f4,0x000013f5,0x00050083,0x00000007,
    0x000013f7,0x000013f0,0x000013f6,0x0003003e,0x000013ea,0x000013f7,0x0004003d,0x00000007,
    0x000013f9,0x00001399,0x0004003d,0x00000007,0x000013fa,0x000013a5,0x0005008e,0x00000007,
    0x000013fb,0x000013fa,0x00000175,0x00050081,0x00000007,0x000013fc,0x000013f9,0x000013fb,
    0x0004003d,0x00000007,0x000013fd,0x000013af,0x00050081,0x00000007,0x000013fe,0x000013fc,
    0x000013fd,0x0004003d,0x00000007,0x000013ff,0x000013cd,0x0004003d,0x00000007,0x00001400,
    0x000013d8,0x0005008e,0x00000007,0x00001401,0x00001400,0x00000175,0x00050081,0x00000007,
    0x00001402,0x000013ff,0x00001401,0x0004003d,0x00000007,0x00001403,0x000013e1,0x00050081,
    0x00000007,0x00001404,0x00001402,0x00001403,0x00050083,0x00000007,0x00001405,0x000013fe,
    0x00001404,0x0003003e,0x000013f8,0x00001405,0x0004003d,0x00000007,0x00001406,0x000013ea,
    0x0006000c,0x00000006,0x00001407,0x00000001,0x00000042,0x00001406,0x0004003d,0x00000007,
    0x00001408,0x000013f8,0x0006000c,0x00000006,0x00001409,0x00000001,0x00000042,0x00001408,
    0x00050081,0x00000006,0x0000140a,0x00001407,0x00001409,0x0003003e,0x00001392,0x0000140a,
    0x000200f9,0x00001398,0x000200f8,0x00001398,0x0004003d,0x00000006,0x0000140c,0x00001389,
    0x00050041,0x00000195,0x0000140e,0x00000193,0x0000140d,0x0004003d,0x00000006,0x0000140f,
    0x0000140e,0x00050085,0x00000006,0x00001410,0x0000140c,0x0000140f,0x0004003d,0x00000006,
    0x00001411,0x00001392,0x00050041,0x00000195,0x00001412,0x00000193,0x00001393,0x0004003d,
    0x00000006,0x00001413,0x00001412,0x00050085,0x00000006,0x00001414,0x00001411,0x00001413,
    0x00050081,0x00000006,0x00001415,0x00001410,0x00001414,0x0003003e,0x0000140b,0x00001415,
    0x00050041,0x00000195,0x00001418,0x00000193,0x00001417,0x0004003d,0x00000006,0x00001419,
    0x00001418,0x00050085,0x00000006,0x0000141a,0x00001419,0x00000132,0x00050041,0x00000195,
    0x0000141b,0x00000193,0x00001417,0x0004003d,0x00000006,0x0000141c,0x0000141b,0x0004003d,
    0x00000006,0x0000141d,0x0000140b,0x0008000c,0x00000006,0x0000141e,0x00000001,0x00000031,
    0x0000141a,0x0000141c,0x0000141d,0x0003003e,0x00001416,0x0000141e,0x0004003d,0x00000007,
    0x0000141f,0x000000bb,0x00050041,0x00000206,0x00001421,0x00000193,0x00001420,0x0004003d,
    0x00000007,0x00001422,0x00001421,0x0004003d,0x00000006,0x00001423,0x00001416,0x00060050,
    0x00000007,0x00001424,0x00001423,0x00001423,0x00001423,0x0008000c,0x00000007,0x00001425,
    0x00000001,0x0000002e,0x0000141f,0x00001422,0x00001424,0x000200fe,0x00001425,0x00010038,
    0x00050036,0x00000007,0x000000c1,0x00000000,0x00000027,0x00030037,0x00000008,0x000000bf,
    0x00030037,0x00000026,0x000000c0,0x000200f8,0x000000c2,0x0004003b,0x00000010,0x00001428,
    0x00000007,0x0004003b,0x00000010,0x0000142d,0x00000007,0x0004003b,0x00000010,0x0000142e,
    0x00000007,0x0004003b,0x00000010,0x00001430,0x00000007,0x0004003b,0x00000010,0x00001433,
    0x00000007,0x0004003b,0x00000010,0x00001437,0x00000007,0x0004003b,0x00000010,0x00001442,
    0x00000007,0x0004003b,0x00000010,0x00001445,0x00000007,0x0004003b,0x00000010,0x00001449,
    0x00000007,0x0004003b,0x00000010,0x0000144c,0x00000007,0x0004003b,0x00000026,0x0000147f,
    0x00000007,0x0004003b,0x00000010,0x00001489,0x00000007,0x0004003b,0x00000008,0x0000148f,
    0x00000007,0x0004003b,0x00000010,0x00001490,0x00000007,0x0004003b,0x00000062,0x00001491,
    0x00000007,0x0004003b,0x00000026,0x00001499,0x00000007,0x0004003b,0x000014ce,0x000014cf,
    0x00000007,0x0004003b,0x00000010,0x000014d7,0x00000007,0x0004003b,0x00000010,0x000014dc,
    0x00000007,0x0004003b,0x00000010,0x000014dd,0x00000007,0x0004003b,0x00000010,0x000014df,
    0x00000007,0x0004003b,0x00000010,0x000014e2,0x00000007,0x0004003b,0x00000010,0x000014e6,
    0x00000007,0x0004003b,0x00000010,0x000014f2,0x00000007,0x0004003b,0x00000010,0x000014f7,
    0x00000007,0x0004003d,0x000002de,0x00001429,0x00000bec,0x0004003d,0x00000025,0x0000142a,
    0x000000c0,0x00050057,0x00000190,0x0000142b,0x00001429,0x0000142a,0x00050051,0x00000006,
    0x0000142c,0x0000142b,0x00000000,0x0003003e,0x00001428,0x0000142c,0x0004003d,0x00000006,
    0x0000142f,0x00001428,0x0003003e,0x0000142e,0x0000142f,0x00050041,0x00000195,0x00001431,
    0x00000193,0x000010a2,0x0004003d,0x00000006,0x00001432,0x00001431,0x0003003e,0x00001430,
    0x00001432,0x00050041,0x00000195,0x00001434,0x00000193,0x000010a3,0x0004003d,0x00000006,
    0x00001435,0x00001434,0x0003003e,0x00001433,0x00001435,0x00070039,0x00000006,0x00001436,
    0x00000099,0x0000142e,0x00001430,0x00001433,0x0003003e,0x0000142d,0x00001436,0x0004003d,
    0x00000006,0x00001438,0x0000142d,0x00050041,0x00000195,0x0000143a,0x00000193,0x00001439,
    0x0004003d,0x00000006,0x0000143b,0x0000143a,0x00050083,0x00000006,0x0000143c,0x00001438,
    0x0000143b,0x00050041,0x00000195,0x0000143e,0x00000193,0x0000143d,0x0004003d,0x00000006,
    0x0000143f,0x0000143e,0x0007000c,0x00000006,0x00001440,0x00000001,0x00000028,0x0000143f,
    0x00000fba,0x00050088,0x00000006,0x00001441,0x0000143c,0x00001440,0x0003003e,0x00001437,
    0x00001441,0x0004003d,0x00000006,0x00001443,0x00001437,0x0006000c,0x00000006,0x00001444,
    0x00000001,0x00000006,0x00001443,0x0003003e,0x00001442,0x00001444,0x0004003d,0x00000006,
    0x00001446,0x00001437,0x0006000c,0x00000006,0x00001447,0x00000001,0x00000004,0x00001446,
    0x0008000c,0x00000006,0x00001448,0x00000001,0x0000002b,0x00001447,0x0000011e,0x000000d8,
    0x0003003e,0x00001445,0x00001448,0x0004003d,0x00000006,0x0000144a,0x00001442,0x000500b8,
    0x000001c9,0x0000144b,0x0000144a,0x0000011e,0x000300f7,0x0000144e,0x00000000,0x000400fa,
    0x0000144b,0x0000144d,0x00001452,0x000200f8,0x0000144d,0x00050041,0x00000195,0x00001450,
    0x00000193,0x0000144f,0x0004003d,0x00000006,0x00001451,0x00001450,0x0003003e,0x0000144c,
    0x00001451,0x000200f9,0x0000144e,0x000200f8,0x00001452,0x00050041,0x00000195,0x00001454,
    0x00000193,0x00001453,0x0004003d,0x00000006,0x00001455,0x00001454,0x0003003e,0x0000144c,
    0x00001455,0x000200f9,0x0000144e,0x000200f8,0x0000144e,0x0004003d,0x00000006,0x00001456,
    0x0000144c,0x0003003e,0x00001449,0x00001456,0x0004003d,0x00000006,0x00001457,0x00001449,
    0x0004003d,0x00000006,0x00001458,0x00001445,0x00050085,0x00000006,0x00001459,0x00001458,
    0x00001457,0x0003003e,0x00001445,0x00001459,0x00050041,0x0000019b,0x0000145b,0x00000193,
    0x0000145a,0x0004003d,0x0000005d,0x0000145c,0x0000145b,0x000500ab,0x000001c9,0x0000145d,
    0x0000145c,0x000000ec,0x000300f7,0x0000145f,0x00000000,0x000400fa,0x0000145d,0x0000145e,
    0x0000145f,0x000200f8,0x0000145e,0x0004003d,0x00000006,0x00001460,0x00001442,0x000500b8,
    0x000001c9,0x00001461,0x00001460,0x0000011e,0x000300f7,0x00001463,0x00000000,0x000400fa,
    0x00001461,0x00001462,0x0000146a,0x000200f8,0x00001462,0x0004003d,0x00000007,0x00001464,
    0x000000bf,0x0004003d,0x00000006,0x00001466,0x00001445,0x00060050,0x00000007,0x00001467,
    0x00001466,0x00001466,0x00001466,0x0008000c,0x00000007,0x00001468,0x00000001,0x0000002e,
    0x00001464,0x00001465,0x00001467,0x000200fe,0x00001468,0x000200f8,0x0000146a,0x0004003d,
    0x00000006,0x0000146b,0x00001445,0x000500b8,0x000001c9,0x0000146c,0x0000146b,0x00000c66,
    0x000300f7,0x0000146e,0x00000000,0x000400fa,0x0000146c,0x0000146d,0x00001473,0x000200f8,
    0x0000146d,0x0004003d,0x00000007,0x0000146f,0x000000bf,0x00060050,0x00000007,0x00001470,
    0x00000132,0x00000132,0x00000132,0x0008000c,0x00000007,0x00001471,0x00000001,0x0000002e,
    0x0000146f,0x00001058,0x00001470,0x000200fe,0x00001471,0x000200f8,0x00001473,0x0004003d,
    0x00000007,0x00001474,0x000000bf,0x0004003d,0x00000006,0x00001475,0x00001445,0x00060050,
    0x00000007,0x00001476,0x00001475,0x00001475,0x00001475,0x0008000c,0x00000007,0x00001477,
    0x00000001,0x0000002e,0x00001474,0x00001059,0x00001476,0x000200fe,0x00001477,0x000200f8,
    0x0000146e,0x000100ff,0x000200f8,0x00001463,0x000100ff,0x000200f8,0x0000145f,0x0004003d,
    0x00000006,0x00001479,0x00001445,0x000500b8,0x000001c9,0x0000147a,0x00001479,0x00000c66,
    0x000300f7,0x0000147c,0x00000000,0x000400fa,0x0000147a,0x0000147b,0x0000147c,0x000200f8,
    0x0000147b,0x0004003d,0x00000007,0x0000147d,0x000000bf,0x000200fe,0x0000147d,0x000200f8,
    0x0000147c,0x00050041,0x0000019b,0x00001480,0x00000193,0x000002e7,0x0004003d,0x0000005d,
    0x00001481,0x00001480,0x00040070,0x00000006,0x00001482,0x00001481,0x00050041,0x0000019b,
    0x00001483,0x00000193,0x000002eb,0x0004003d,0x0000005d,0x00001484,0x00001483,0x00040070,
    0x00000006,0x00001485,0x00001484,0x00050050,0x00000025,0x00001486,0x00001482,0x00001485,
    0x00050050,0x00000025,0x00001487,0x000000d8,0x000000d8,0x00050088,0x00000025,0x00001488,
    0x00001487,0x00001486,0x0003003e,0x0000147f,0x00001488,0x00050041,0x00000195,0x0000148b,
    0x00000193,0x0000148a,0x0004003d,0x00000006,0x0000148c,0x0000148b,0x0004003d,0x00000006,
    0x0000148d,0x00001445,0x00050085,0x00000006,0x0000148e,0x0000148c,0x0000148d,0x0003003e,
    0x00001489,0x0000148e,0x0003003e,0x0000148f,0x00000935,0x0003003e,0x00001490,0x0000011e,
    0x0003003e,0x00001491,0x0000019a,0x000200f9,0x00001492,0x000200f8,0x00001492,0x000400f6,
    0x00001494,0x00001495,0x00000000,0x000200f9,0x00001496,0x000200f8,0x00001496,0x0004003d,
    0x00000061,0x00001497,0x00001491,0x000500b1,0x000001c9,0x00001498,0x00001497,0x00000205,
    0x000400fa,0x00001498,0x00001493,0x00001494,0x000200f8,0x00001493,0x0004003d,0x00000025,
    0x0000149a,0x000000c0,0x0004003d,0x00000061,0x000014cd,0x00001491,0x0003003e,0x000014cf,
    0x000014cc,0x00050041,0x00000026,0x000014d0,0x000014cf,0x000014cd,0x0004003d,0x00000025,
    0x000014d1,0x000014d0,0x0004003d,0x00000025,0x000014d2,0x0000147f,0x00050085,0x00000025,
    0x000014d3,0x000014d1,0x000014d2,0x0004003d,0x00000006,0x000014d4,0x00001489,0x0005008e,
    0x00000025,0x000014d5,0x000014d3,0x000014d4,0x00050081,0x00000025,0x000014d6,0x0000149a,
    0x000014d5,0x0003003e,0x00001499,0x000014d6,0x0004003d,0x000002de,0x000014d8,0x00000bec,
    0x0004003d,0x00000025,0x000014d9,0x00001499,0x00050057,0x00000190,0x000014da,0x000014d8,
    0x000014d9,0x00050051,0x00000006,0x000014db,0x000014da,0x00000000,0x0003003e,0x000014d7,
    0x000014db,0x0004003d,0x00000006,0x000014de,0x000014d7,0x0003003e,0x000014dd,0x000014de,
    0x00050041,0x00000195,0x000014e0,0x00000193,0x000010a2,0x0004003d,0x00000006,0x000014e1,
    0x000014e0,0x0003003e,0x000014df,0x000014e1,0x00050041,0x00000195,0x000014e3,0x00000193,
    0x000010a3,0x0004003d,0x00000006,0x000014e4,0x000014e3,0x0003003e,0x000014e2,0x000014e4,
    0x00070039,0x00000006,0x000014e5,0x00000099,0x000014dd,0x000014df,0x000014e2,0x0003003e,
    0x000014dc,0x000014e5,0x0004003d,0x00000006,0x000014e7,0x000014dc,0x00050041,0x00000195,
    0x000014e8,0x00000193,0x00001439,0x0004003d,0x00000006,0x000014e9,0x000014e8,0x00050083,
    0x00000006,0x000014ea,0x000014e7,0x000014e9,0x0006000c,0x00000006,0x000014eb,0x00000001,
    0x00000004,0x000014ea,0x00050041,0x00000195,0x000014ec,0x00000193,0x0000143d,0x0004003d,
    0x00000006,0x000014ed,0x000014ec,0x0007000c,0x00000006,0x000014ee,0x00000001,0x00000028,
    0x000014ed,0x00000fba,0x00050088,0x00000006,0x000014ef,0x000014eb,0x000014ee,0x0003003e,
    0x000014e6,0x000014ef,0x0004003d,0x00000006,0x000014f0,0x000014e6,0x0008000c,0x00000006,
    0x000014f1,0x00000001,0x0000002b,0x000014f0,0x0000011e,0x000000d8,0x0003003e,0x000014e6,
    0x000014f1,0x0004003d,0x00000006,0x000014f3,0x000014e6,0x0004003d,0x00000006,0x000014f4,
    0x00001445,0x00050085,0x00000006,0x000014f5,0x000014f4,0x00000132,0x000500be,0x000001c9,
    0x000014f6,0x000014f3,0x000014f5,0x000300f7,0x000014f9,0x00000000,0x000400fa,0x000014f6,
    0x000014f8,0x000014fa,0x000200f8,0x000014f8,0x0003003e,0x000014f7,0x000000d8,0x000200f9,
    0x000014f9,0x000200f8,0x000014fa,0x0004003d,0x00000006,0x000014fb,0x000014e6,0x0004003d,
    0x00000006,0x000014fc,0x00001445,0x00050085,0x00000006,0x000014fd,0x000014fc,0x00000132,
    0x0007000c,0x00000006,0x000014fe,0x00000001,0x00000028,0x000014fd,0x00000fba,0x00050088,
    0x00000006,0x000014ff,0x000014fb,0x000014fe,0x0003003e,0x000014f7,0x000014ff,0x000200f9,
    0x000014f9,0x000200f8,0x000014f9,0x0004003d,0x00000006,0x00001500,0x000014f7,0x0003003e,
    0x000014f2,0x00001500,0x0004003d,0x000002de,0x00001501,0x000002e0,0x0004003d,0x00000025,
    0x00001502,0x00001499,0x00050057,0x00000190,0x00001503,0x00001501,0x00001502,0x0008004f,
    0x00000007,0x00001504,0x00001503,0x00001503,0x00000000,0x00000001,0x00000002,0x0004003d,
    0x00000006,0x00001505,0x000014f2,0x0005008e,0x00000007,0x00001506,0x00001504,0x00001505,
    0x0004003d,0x00000007,0x00001507,0x0000148f,0x00050081,0x00000007,0x00001508,0x00001507,
    0x00001506,0x0003003e,0x0000148f,0x00001508,0x0004003d,0x00000006,0x00001509,0x000014f2,
    0x0004003d,0x00000006,0x0000150a,0x00001490,0x00050081,0x00000006,0x0000150b,0x0000150a,
    0x00001509,0x0003003e,0x00001490,0x0000150b,0x000200f9,0x00001495,0x000200f8,0x00001495,
    0x0004003d,0x00000061,0x0000150c,0x00001491,0x00050080,0x00000061,0x0000150d,0x0000150c,
    0x00000194,0x0003003e,0x00001491,0x0000150d,0x000200f9,0x00001492,0x000200f8,0x00001494,
    0x0004003d,0x00000007,0x0000150e,0x0000148f,0x0004003d,0x00000006,0x0000150f,0x00001490,
    0x0007000c,0x00000006,0x00001510,0x00000001,0x00000028,0x0000150f,0x00000fba,0x00060050,
    0x00000007,0x00001511,0x00001510,0x00001510,0x00001510,0x00050088,0x00000007,0x00001512,
    0x0000150e,0x00001511,0x000200fe,0x00001512,0x00010038,0x00050036,0x00000007,0x000000c5,
    0x00000000,0x00000027,0x00030037,0x00000008,0x000000c3,0x00030037,0x00000026,0x000000c4,
    0x000200f8,0x000000c6,0x0004003b,0x00000010,0x00001515,0x00000007,0x0004003b,0x00000010,
    0x0000151d,0x00000007,0x0004003b,0x00000010,0x00001522,0x00000007,0x0004003b,0x00000026,
    0x0000152e,0x00000007,0x0004003b,0x00000010,0x00001538,0x00000007,0x0004003b,0x00000008,
    0x0000153e,0x00000007,0x0004003b,0x00000010,0x0000153f,0x00000007,0x0004003b,0x00000062,
    0x00001540,0x00000007,0x0004003b,0x00000062,0x00001549,0x00000007,0x0004003b,0x00000026,
    0x00001551,0x00000007,0x0004003b,0x00000010,0x0000155b,0x00000007,0x00050041,0x00000010,
    0x00001516,0x000000c4,0x000000ef,0x0004003d,0x00000006,0x00001517,0x00001516,0x00050041,
    0x00000195,0x00001519,0x00000193,0x00001518,0x0004003d,0x00000006,0x0000151a,0x00001519,
    0x00050083,0x00000006,0x0000151b,0x00001517,0x0000151a,0x0006000c,0x00000006,0x0000151c,
    0x00000001,0x00000004,0x0000151b,0x0003003e,0x00001515,0x0000151c,0x00050041,0x00000195,
    0x0000151f,0x00000193,0x0000151e,0x0004003d,0x00000006,0x00001520,0x0000151f,0x00050085,
    0x00000006,0x00001521,0x00001520,0x00000132,0x0003003e,0x0000151d,0x00001521,0x0004003d,
    0x00000006,0x00001523,0x0000151d,0x00050085,0x00000006,0x00001524,0x00001523,0x00000132,
    0x0004003d,0x00000006,0x00001525,0x0000151d,0x0004003d,0x00000006,0x00001526,0x00001515,
    0x0008000c,0x00000006,0x00001527,0x00000001,0x00000031,0x00001524,0x00001525,0x00001526,
    0x0003003e,0x00001522,0x00001527,0x0004003d,0x00000006,0x00001528,0x00001522,0x000500b8,
    0x000001c9,0x00001529,0x00001528,0x00000c66,0x000300f7,0x0000152b,0x00000000,0x000400fa,
    0x00001529,0x0000152a,0x0000152b,0x000200f8,0x0000152a,0x0004003d,0x00000007,0x0000152c,
    0x000000c3,0x000200fe,0x0000152c,0x000200f8,0x0000152b,0x00050041,0x0000019b,0x0000152f,
    0x00000193,0x000002e7,0x0004003d,0x0000005d,0x00001530,0x0000152f,0x00040070,0x00000006,
    0x00001531,0x00001530,0x00050041,0x0000019b,0x00001532,0x00000193,0x000002eb,0x0004003d,
    0x0000005d,0x00001533,0x00001532,0x00040070,0x00000006,0x00001534,0x00001533,0x00050050,
    0x00000025,0x00001535,0x00001531,0x00001534,0x00050050,0x00000025,0x00001536,0x000000d8,
    0x000000d8,0x00050088,0x00000025,0x00001537,0x00001536,0x00001535,0x0003003e,0x0000152e,
    0x00001537,0x00050041,0x00000195,0x0000153a,0x00000193,0x00001539,0x0004003d,0x00000006,
    0x0000153b,0x0000153a,0x0004003d,0x00000006,0x0000153c,0x00001522,0x00050085,0x00000006,
    0x0000153d,0x0000153b,0x0000153c,0x0003003e,0x00001538,0x0000153d,0x0003003e,0x0000153e,
    0x00000935,0x0003003e,0x0000153f,0x0000011e,0x0003003e,0x00001540,0x00001541,0x000200f9,
    0x00001542,0x000200f8,0x00001542,0x000400f6,0x00001544,0x00001545,0x00000000,0x000200f9,
    0x00001546,0x000200f8,0x00001546,0x0004003d,0x00000061,0x00001547,0x00001540,0x000500b3,
    0x000001c9,0x00001548,0x00001547,0x0000072f,0x000400fa,0x00001548,0x00001543,0x00001544,
    0x000200f8,0x00001543,0x0003003e,0x00001549,0x00001541,0x000200f9,0x0000154a,0x000200f8,
    0x0000154a,0x000400f6,0x0000154c,0x0000154d,0x00000000,0x000200f9,0x0000154e,0x000200f8,
    0x0000154e,0x0004003d,0x00000061,0x0000154f,0x00001549,0x000500b3,0x000001c9,0x00001550,
    0x0000154f,0x0000072f,0x000400fa,0x00001550,0x0000154b,0x0000154c,0x000200f8,0x0000154b,
    0x0004003d,0x00000061,0x00001552,0x00001540,0x0004006f,0x00000006,0x00001553,0x00001552,
    0x0004003d,0x00000061,0x00001554,0x00001549,0x0004006f,0x00000006,0x00001555,0x00001554,
    0x00050050,0x00000025,0x00001556,0x00001553,0x00001555,0x0004003d,0x00000025,0x00001557,
    0x0000152e,0x00050085,0x00000025,0x00001558,0x00001556,0x00001557,0x0004003d,0x00000006,
    0x00001559,0x00001538,0x0005008e,0x00000025,0x0000155a,0x00001558,0x00001559,0x0003003e,
    0x00001551,0x0000155a,0x0004003d,0x00000061,0x0000155c,0x00001540,0x0004006f,0x00000006,
    0x0000155d,0x0000155c,0x0006000c,0x00000006,0x0000155e,0x00000001,0x00000004,0x0000155d,
    0x0004003d,0x00000061,0x0000155f,0x00001549,0x0004006f,0x00000006,0x00001560,0x0000155f,
    0x0006000c,0x00000006,0x00001561,0x00000001,0x00000004,0x00001560,0x00050081,0x00000006,
    0x00001562,0x0000155e,0x00001561,0x00050085,0x00000006,0x00001563,0x00000125,0x00001562,
    0x00050083,0x00000006,0x00001564,0x000000d8,0x00001563,0x0003003e,0x0000155b,0x00001564,
    0x0004003d,0x000002de,0x00001565,0x000002e0,0x0004003d,0x00000025,0x00001566,0x000000c4,
    0x0004003d,0x00000025,0x00001567,0x00001551,0x00050081,0x00000025,0x00001568,0x00001566,
    0x00001567,0x00050057,0x00000190,0x00001569,0x00001565,0x00001568,0x0008004f,0x00000007,
    0x0000156a,0x00001569,0x00001569,0x00000000,0x00000001,0x00000002,0x0004003d,0x00000006,
    0x0000156b,0x0000155b,0x0005008e,0x00000007,0x0000156c,0x0000156a,0x0000156b,0x0004003d,
    0x00000007,0x0000156d,0x0000153e,0x00050081,0x00000007,0x0000156e,0x0000156d,0x0000156c,
    0x0003003e,0x0000153e,0x0000156e,0x0004003d,0x00000006,0x0000156f,0x0000155b,0x0004003d,
    0x00000006,0x00001570,0x0000153f,0x00050081,0x00000006,0x00001571,0x00001570,0x0000156f,
    0x0003003e,0x0000153f,0x00001571,0x000200f9,0x0000154d,0x000200f8,0x0000154d,0x0004003d,
    0x00000061,0x00001572,0x00001549,0x00050080,0x00000061,0x00001573,0x00001572,0x00000194,
    0x0003003e,0x00001549,0x00001573,0x000200f9,0x0000154a,0x000200f8,0x0000154c,0x000200f9,
    0x00001545,0x000200f8,0x00001545,0x0004003d,0x00000061,0x00001574,0x00001540,0x00050080,
    0x00000061,0x00001575,0x00001574,0x00000194,0x0003003e,0x00001540,0x00001575,0x000200f9,
    0x00001542,0x000200f8,0x00001544,0x0004003d,0x00000007,0x00001576,0x0000153e,0x0004003d,
    0x00000006,0x00001577,0x0000153f,0x00060050,0x00000007,0x00001578,0x00001577,0x00001577,
    0x00001577,0x00050088,0x00000007,0x00001579,0x00001576,0x00001578,0x000200fe,0x00001579,
    0x00010038,0x00050036,0x00000007,0x000000cb,0x00000000,0x000000c8,0x00030037,0x00000026,
    0x000000c9,0x00030037,0x000000c7,0x000000ca,0x000200f8,0x000000cc,0x0004003b,0x00000026,
    0x00001580,0x00000007,0x0004003b,0x00000026,0x00001589,0x00000007,0x0004003d,0x0000005d,
    0x0000157c,0x000000ca,0x000500aa,0x000001c9,0x0000157d,0x0000157c,0x0000023b,0x000300f7,
    0x0000157f,0x00000000,0x000400fa,0x0000157d,0x0000157e,0x00001584,0x000200f8,0x0000157e,
    0x0004003d,0x00000025,0x00001581,0x000000c9,0x0003003e,0x00001580,0x00001581,0x00050039,
    0x00000007,0x00001582,0x0000003b,0x00001580,0x000200fe,0x00001582,0x000200f8,0x00001584,
    0x0004003d,0x0000005d,0x00001585,0x000000ca,0x000500aa,0x000001c9,0x00001586,0x00001585,
    0x000000ef,0x000300f7,0x00001588,0x00000000,0x000400fa,0x00001586,0x00001587,0x0000158d,
    0x000200f8,0x00001587,0x0004003d,0x00000025,0x0000158a,0x000000c9,0x0003003e,0x00001589,
    0x0000158a,0x00050039,0x00000007,0x0000158b,0x00000038,0x00001589,0x000200fe,0x0000158b,
    0x000200f8,0x0000158d,0x0004003d,0x000002de,0x0000158e,0x000002e0,0x0004003d,0x00000025,
    0x0000158f,0x000000c9,0x00050057,0x00000190,0x00001590,0x0000158e,0x0000158f,0x0008004f,
    0x00000007,0x00001591,0x00001590,0x00001590,0x00000000,0x00000001,0x00000002,0x000200fe,
    0x00001591,0x000200f8,0x00001588,0x000100ff,0x000200f8,0x0000157f,0x000100ff,0x00010038
};



PostProcessing::PostProcessing() = default;

PostProcessing::~PostProcessing() {
    Shutdown();
}

bool PostProcessing::Initialize(VulkanContext* context, VkRenderPass renderPass, u32 width, u32 height,
                                VulkanRenderer* renderer, u32 colorAttachmentCount) {
    if (m_Initialized) {
        return true;
    }

    m_Context = context;
    m_Renderer = renderer;
    m_RenderPass = renderPass;
    m_ColorAttachmentCount = (colorAttachmentCount > 0) ? colorAttachmentCount : 1;
    m_Width = width;
    m_Height = height;
    m_Settings.screenWidth = width;
    m_Settings.screenHeight = height;

    ENJIN_LOG_INFO(Renderer, "Initializing post-processing (%ux%u)", width, height);

    // Create a sampler for reading the source scene texture
    {
        VkSamplerCreateInfo samplerInfo{};
        samplerInfo.sType = VK_STRUCTURE_TYPE_SAMPLER_CREATE_INFO;
        samplerInfo.magFilter = VK_FILTER_LINEAR;
        samplerInfo.minFilter = VK_FILTER_LINEAR;
        samplerInfo.addressModeU = VK_SAMPLER_ADDRESS_MODE_CLAMP_TO_EDGE;
        samplerInfo.addressModeV = VK_SAMPLER_ADDRESS_MODE_CLAMP_TO_EDGE;
        samplerInfo.addressModeW = VK_SAMPLER_ADDRESS_MODE_CLAMP_TO_EDGE;
        samplerInfo.maxLod = 0.0f;
        if (vkCreateSampler(context->GetDevice(), &samplerInfo, nullptr, &m_SceneSampler) != VK_SUCCESS) {
            ENJIN_LOG_ERROR(Renderer, "Failed to create PP scene sampler");
            return false;
        }
    }

    // Create uniform buffer
    if (!CreateUniformBuffer()) {
        ENJIN_LOG_ERROR(Renderer, "Failed to create post-process uniform buffer");
        return false;
    }

    // Create descriptor sets (must be before pipeline, needs layout)
    if (!CreateDescriptorSets()) {
        ENJIN_LOG_WARN(Renderer, "Failed to create post-process descriptor sets - effects disabled");
    }

    // Create the graphics pipeline
    if (m_DescriptorSetLayout != VK_NULL_HANDLE) {
        if (!CreatePipeline()) {
            ENJIN_LOG_ERROR(Renderer, "PP PIPELINE CREATION FAILED - renderPass=%p layout=%p",
                (void*)(uintptr_t)m_RenderPass, (void*)(uintptr_t)m_DescriptorSetLayout);
        } else {
            ENJIN_LOG_INFO(Renderer, "PP pipeline created OK - handle=%p renderPass=%p",
                (void*)(uintptr_t)m_Pipeline, (void*)(uintptr_t)m_RenderPass);
        }
    } else {
        ENJIN_LOG_ERROR(Renderer, "PP descriptor set layout is NULL - cannot create pipeline");
    }

    // Create TAA compute pipeline and history buffers
    if (!CreateTAAResources()) {
        ENJIN_LOG_WARN(Renderer, "TAA resources not created - TAA disabled (compute shader may need compilation)");
    }

    m_Initialized = true;

    ENJIN_LOG_INFO(Renderer, "Post-processing initialized");
    return true;
}

void PostProcessing::Shutdown() {
    if (!m_Initialized || !m_Context) {
        return;
    }

    VkDevice device = m_Context->GetDevice();
    m_Context->WaitForGPU();

    // Clean up pipeline
    if (m_Pipeline != VK_NULL_HANDLE) {
        vkDestroyPipeline(device, m_Pipeline, nullptr);
        m_Pipeline = VK_NULL_HANDLE;
    }
    if (m_PipelineLayout != VK_NULL_HANDLE) {
        vkDestroyPipelineLayout(device, m_PipelineLayout, nullptr);
        m_PipelineLayout = VK_NULL_HANDLE;
    }
    if (m_DescriptorPool != VK_NULL_HANDLE) {
        vkDestroyDescriptorPool(device, m_DescriptorPool, nullptr);
        m_DescriptorPool = VK_NULL_HANDLE;
    }
    if (m_DescriptorSetLayout != VK_NULL_HANDLE) {
        vkDestroyDescriptorSetLayout(device, m_DescriptorSetLayout, nullptr);
        m_DescriptorSetLayout = VK_NULL_HANDLE;
    }

    // Clean up TAA resources
    DestroyTAAResources();

    // Clean up DoF staging buffers
    DestroyDofStagingBuffers();

    // Clean up LUT resources
    DestroyLUTResources();
    if (m_LUTSampler != VK_NULL_HANDLE) {
        vkDestroySampler(device, m_LUTSampler, nullptr);
        m_LUTSampler = VK_NULL_HANDLE;
    }

    // Clean up uniform buffer
    m_UniformBuffer.reset();

    // Clean up scene sampler
    if (m_SceneSampler != VK_NULL_HANDLE) {
        vkDestroySampler(device, m_SceneSampler, nullptr);
        m_SceneSampler = VK_NULL_HANDLE;
    }

    m_Initialized = false;
    ENJIN_LOG_INFO(Renderer, "Post-processing shutdown");
}

void PostProcessing::OnResize(u32 width, u32 height) {
    if (width == 0 || height == 0 || !m_Initialized) {
        return;
    }

    if (width == m_Width && height == m_Height) {
        return;
    }

    ENJIN_LOG_INFO(Renderer, "Post-processing resize: %ux%u -> %ux%u", m_Width, m_Height, width, height);

    m_Width = width;
    m_Height = height;
    m_Settings.screenWidth = width;
    m_Settings.screenHeight = height;

    // Recreate render target and invalidate DoF staging buffers (size changed)
    if (m_Renderer) m_Renderer->WaitForAllFrames();
    else vkDeviceWaitIdle(m_Context->GetDevice());
    DestroyDofStagingBuffers();
    // No internal scene RT to recreate — PP is a pure pass-through.
    // Descriptor bindings are refreshed by EditorLayer calling UpdateSourceImage()
    // after resize, which sets bindings 0, 2, 3 to valid external image views.

    // Recreate TAA history buffers at the new resolution
    DestroyTAAResources();
    if (!CreateTAAResources()) {
        ENJIN_LOG_WARN(Renderer, "TAA resources not recreated after resize");
    }
}

void PostProcessing::Apply(VkCommandBuffer cmd, VkImageView sourceImage, VkFramebuffer targetFramebuffer) {
    if (!m_Initialized || m_Pipeline == VK_NULL_HANDLE) {
        return;
    }

    // Update uniform buffer with current settings
    UpdateUniformBuffer();

    bool needsDepth = m_Settings.NeedsDepthBuffer() && m_DepthImage != VK_NULL_HANDLE;

    // Transition scene image for shader reading
    VkImageMemoryBarrier barrier{};
    barrier.sType = VK_STRUCTURE_TYPE_IMAGE_MEMORY_BARRIER;
    barrier.oldLayout = VK_IMAGE_LAYOUT_COLOR_ATTACHMENT_OPTIMAL;
    barrier.newLayout = VK_IMAGE_LAYOUT_SHADER_READ_ONLY_OPTIMAL;
    barrier.srcQueueFamilyIndex = VK_QUEUE_FAMILY_IGNORED;
    barrier.dstQueueFamilyIndex = VK_QUEUE_FAMILY_IGNORED;
    barrier.image = m_SceneImage;
    barrier.subresourceRange.aspectMask = VK_IMAGE_ASPECT_COLOR_BIT;
    barrier.subresourceRange.baseMipLevel = 0;
    barrier.subresourceRange.levelCount = 1;
    barrier.subresourceRange.baseArrayLayer = 0;
    barrier.subresourceRange.layerCount = 1;
    barrier.srcAccessMask = VK_ACCESS_COLOR_ATTACHMENT_WRITE_BIT;
    barrier.dstAccessMask = VK_ACCESS_SHADER_READ_BIT;

    if (needsDepth) {
        // Transition depth image for shader reading (DoF/Tilt-Shift/CelOutline)
        VkImageMemoryBarrier depthBarrier{};
        depthBarrier.sType = VK_STRUCTURE_TYPE_IMAGE_MEMORY_BARRIER;
        depthBarrier.oldLayout = VK_IMAGE_LAYOUT_DEPTH_STENCIL_ATTACHMENT_OPTIMAL;
        depthBarrier.newLayout = VK_IMAGE_LAYOUT_DEPTH_STENCIL_READ_ONLY_OPTIMAL;
        depthBarrier.srcQueueFamilyIndex = VK_QUEUE_FAMILY_IGNORED;
        depthBarrier.dstQueueFamilyIndex = VK_QUEUE_FAMILY_IGNORED;
        depthBarrier.image = m_DepthImage;
        depthBarrier.subresourceRange.aspectMask = VK_IMAGE_ASPECT_DEPTH_BIT;
        depthBarrier.subresourceRange.baseMipLevel = 0;
        depthBarrier.subresourceRange.levelCount = 1;
        depthBarrier.subresourceRange.baseArrayLayer = 0;
        depthBarrier.subresourceRange.layerCount = 1;
        depthBarrier.srcAccessMask = VK_ACCESS_DEPTH_STENCIL_ATTACHMENT_WRITE_BIT;
        depthBarrier.dstAccessMask = VK_ACCESS_SHADER_READ_BIT;

        VkImageMemoryBarrier barriers[2] = { barrier, depthBarrier };
        vkCmdPipelineBarrier(cmd,
            VK_PIPELINE_STAGE_COLOR_ATTACHMENT_OUTPUT_BIT | VK_PIPELINE_STAGE_LATE_FRAGMENT_TESTS_BIT,
            VK_PIPELINE_STAGE_FRAGMENT_SHADER_BIT,
            0, 0, nullptr, 0, nullptr, 2, barriers);
    } else {
        // Color-only barrier (skip depth transition)
        vkCmdPipelineBarrier(cmd,
            VK_PIPELINE_STAGE_COLOR_ATTACHMENT_OUTPUT_BIT,
            VK_PIPELINE_STAGE_FRAGMENT_SHADER_BIT,
            0, 0, nullptr, 0, nullptr, 1, &barrier);
    }

    // Bind post-process pipeline
    vkCmdBindPipeline(cmd, VK_PIPELINE_BIND_POINT_GRAPHICS, m_Pipeline);

    // Bind descriptor set
    vkCmdBindDescriptorSets(cmd, VK_PIPELINE_BIND_POINT_GRAPHICS, m_PipelineLayout,
        0, 1, &m_DescriptorSet, 0, nullptr);

    // Draw fullscreen triangle
    vkCmdDraw(cmd, 3, 1, 0, 0);

    // Transition scene image back for next frame
    barrier.oldLayout = VK_IMAGE_LAYOUT_SHADER_READ_ONLY_OPTIMAL;
    barrier.newLayout = VK_IMAGE_LAYOUT_COLOR_ATTACHMENT_OPTIMAL;
    barrier.srcAccessMask = VK_ACCESS_SHADER_READ_BIT;
    barrier.dstAccessMask = VK_ACCESS_COLOR_ATTACHMENT_WRITE_BIT;

    if (needsDepth) {
        VkImageMemoryBarrier depthBarrier{};
        depthBarrier.sType = VK_STRUCTURE_TYPE_IMAGE_MEMORY_BARRIER;
        depthBarrier.oldLayout = VK_IMAGE_LAYOUT_DEPTH_STENCIL_READ_ONLY_OPTIMAL;
        depthBarrier.newLayout = VK_IMAGE_LAYOUT_DEPTH_STENCIL_ATTACHMENT_OPTIMAL;
        depthBarrier.srcQueueFamilyIndex = VK_QUEUE_FAMILY_IGNORED;
        depthBarrier.dstQueueFamilyIndex = VK_QUEUE_FAMILY_IGNORED;
        depthBarrier.image = m_DepthImage;
        depthBarrier.subresourceRange.aspectMask = VK_IMAGE_ASPECT_DEPTH_BIT;
        depthBarrier.subresourceRange.baseMipLevel = 0;
        depthBarrier.subresourceRange.levelCount = 1;
        depthBarrier.subresourceRange.baseArrayLayer = 0;
        depthBarrier.subresourceRange.layerCount = 1;
        depthBarrier.srcAccessMask = VK_ACCESS_SHADER_READ_BIT;
        depthBarrier.dstAccessMask = VK_ACCESS_DEPTH_STENCIL_ATTACHMENT_WRITE_BIT;

        VkImageMemoryBarrier restoreBarriers[2] = { barrier, depthBarrier };
        vkCmdPipelineBarrier(cmd,
            VK_PIPELINE_STAGE_FRAGMENT_SHADER_BIT,
            VK_PIPELINE_STAGE_COLOR_ATTACHMENT_OUTPUT_BIT | VK_PIPELINE_STAGE_EARLY_FRAGMENT_TESTS_BIT,
            0, 0, nullptr, 0, nullptr, 2, restoreBarriers);
    } else {
        vkCmdPipelineBarrier(cmd,
            VK_PIPELINE_STAGE_FRAGMENT_SHADER_BIT,
            VK_PIPELINE_STAGE_COLOR_ATTACHMENT_OUTPUT_BIT,
            0, 0, nullptr, 0, nullptr, 1, &barrier);
    }
}

void PostProcessing::ApplyToCurrentPass(VkCommandBuffer cmd, u32 width, u32 height) {
    if (!m_Initialized || m_Pipeline == VK_NULL_HANDLE) {
        return;
    }

    // Update settings with current screen dimensions
    m_Settings.screenWidth = width;
    m_Settings.screenHeight = height;

    // Update uniform buffer with current settings
    UpdateUniformBuffer();

    // Set viewport and scissor for the output dimensions
    VkViewport viewport{};
    viewport.x = 0.0f;
    viewport.y = 0.0f;
    viewport.width = static_cast<f32>(width);
    viewport.height = static_cast<f32>(height);
    viewport.minDepth = 0.0f;
    viewport.maxDepth = 1.0f;
    vkCmdSetViewport(cmd, 0, 1, &viewport);

    VkRect2D scissor{};
    scissor.offset = {0, 0};
    scissor.extent = {width, height};
    vkCmdSetScissor(cmd, 0, 1, &scissor);

    // Bind post-process pipeline and descriptor set
    vkCmdBindPipeline(cmd, VK_PIPELINE_BIND_POINT_GRAPHICS, m_Pipeline);
    vkCmdBindDescriptorSets(cmd, VK_PIPELINE_BIND_POINT_GRAPHICS, m_PipelineLayout,
        0, 1, &m_DescriptorSet, 0, nullptr);

    // Draw fullscreen triangle
    vkCmdDraw(cmd, 3, 1, 0, 0);
}

void PostProcessing::UpdateSourceImage(VkImageView imageView, VkSampler sampler) {
    if (!m_Initialized || !m_Context || m_DescriptorSet == VK_NULL_HANDLE) {
        return;
    }

    VkDescriptorImageInfo imageInfo{};
    imageInfo.imageLayout = VK_IMAGE_LAYOUT_SHADER_READ_ONLY_OPTIMAL;
    imageInfo.imageView = imageView;
    imageInfo.sampler = sampler;

    // Update binding 0 (scene source texture) and binding 3 (depth placeholder).
    // If a LUT is loaded, DON'T overwrite binding 2 — LoadLUT() already wrote the
    // real LUT image view there. Only write a placeholder to binding 2 when no LUT
    // is loaded (Vulkan requires valid descriptors at all bindings).
    VkDescriptorImageInfo lutPlaceholderInfo = imageInfo;
    if (m_LUTSampler != VK_NULL_HANDLE) {
        lutPlaceholderInfo.sampler = m_LUTSampler;
    }

    // Hybrid RT overlay (bindings 4-5): the RT shadow/AO views when hybrid is
    // active, else the scene placeholder (the shader ignores them unless
    // rtHybridEnable is set). Always written so the set is complete.
    VkDescriptorImageInfo rtShadowInfo = imageInfo;
    VkDescriptorImageInfo rtAOInfo = imageInfo;
    if (m_RTShadowView != VK_NULL_HANDLE && m_RTAOView != VK_NULL_HANDLE &&
        m_RTHybridSampler != VK_NULL_HANDLE) {
        rtShadowInfo.imageView = m_RTShadowView;
        rtShadowInfo.sampler = m_RTHybridSampler;
        rtShadowInfo.imageLayout = VK_IMAGE_LAYOUT_SHADER_READ_ONLY_OPTIMAL;
        rtAOInfo.imageView = m_RTAOView;
        rtAOInfo.sampler = m_RTHybridSampler;
        rtAOInfo.imageLayout = VK_IMAGE_LAYOUT_SHADER_READ_ONLY_OPTIMAL;
    }

    // If a real LUT is loaded, preserve binding 2 — only update bindings 0 and 3.
    // If no LUT is loaded, also write a placeholder to binding 2.
    u32 writeCount = 0;
    VkWriteDescriptorSet writes[5]{};

    writes[writeCount].sType = VK_STRUCTURE_TYPE_WRITE_DESCRIPTOR_SET;
    writes[writeCount].dstSet = m_DescriptorSet;
    writes[writeCount].dstBinding = 0;
    writes[writeCount].descriptorType = VK_DESCRIPTOR_TYPE_COMBINED_IMAGE_SAMPLER;
    writes[writeCount].descriptorCount = 1;
    writes[writeCount].pImageInfo = &imageInfo;
    writeCount++;

    if (!m_LUTLoaded) {
        writes[writeCount].sType = VK_STRUCTURE_TYPE_WRITE_DESCRIPTOR_SET;
        writes[writeCount].dstSet = m_DescriptorSet;
        writes[writeCount].dstBinding = 2;
        writes[writeCount].descriptorType = VK_DESCRIPTOR_TYPE_COMBINED_IMAGE_SAMPLER;
        writes[writeCount].descriptorCount = 1;
        writes[writeCount].pImageInfo = &lutPlaceholderInfo;
        writeCount++;
    }

    writes[writeCount].sType = VK_STRUCTURE_TYPE_WRITE_DESCRIPTOR_SET;
    writes[writeCount].dstSet = m_DescriptorSet;
    writes[writeCount].dstBinding = 3;
    writes[writeCount].descriptorType = VK_DESCRIPTOR_TYPE_COMBINED_IMAGE_SAMPLER;
    writes[writeCount].descriptorCount = 1;
    writes[writeCount].pImageInfo = &imageInfo;
    writeCount++;

    // Binding 4: RT hybrid shadow
    writes[writeCount].sType = VK_STRUCTURE_TYPE_WRITE_DESCRIPTOR_SET;
    writes[writeCount].dstSet = m_DescriptorSet;
    writes[writeCount].dstBinding = 4;
    writes[writeCount].descriptorType = VK_DESCRIPTOR_TYPE_COMBINED_IMAGE_SAMPLER;
    writes[writeCount].descriptorCount = 1;
    writes[writeCount].pImageInfo = &rtShadowInfo;
    writeCount++;

    // Binding 5: RT hybrid AO
    writes[writeCount].sType = VK_STRUCTURE_TYPE_WRITE_DESCRIPTOR_SET;
    writes[writeCount].dstSet = m_DescriptorSet;
    writes[writeCount].dstBinding = 5;
    writes[writeCount].descriptorType = VK_DESCRIPTOR_TYPE_COMBINED_IMAGE_SAMPLER;
    writes[writeCount].descriptorCount = 1;
    writes[writeCount].pImageInfo = &rtAOInfo;
    writeCount++;

    vkUpdateDescriptorSets(m_Context->GetDevice(), writeCount, writes, 0, nullptr);
    m_DepthSourceReady = false;  // Depth placeholder, not real depth
    m_LastDepthView = VK_NULL_HANDLE;  // Set was rewritten; force next UpdateDepthSource to re-bind real depth
}

void PostProcessing::UpdateRenderPass(VkRenderPass newPass, u32 colorAttachmentCount) {
    if (!m_Initialized || !m_Context || newPass == VK_NULL_HANDLE) return;
    if (newPass == m_RenderPass && colorAttachmentCount == m_ColorAttachmentCount) return;

    m_RenderPass = newPass;
    m_ColorAttachmentCount = (colorAttachmentCount > 0) ? colorAttachmentCount : 1;

    // Recreate the pipeline against the new render pass
    VkDevice device = m_Context->GetDevice();
    if (m_Pipeline != VK_NULL_HANDLE) {
        vkDestroyPipeline(device, m_Pipeline, nullptr);
        m_Pipeline = VK_NULL_HANDLE;
    }
    if (m_PipelineLayout != VK_NULL_HANDLE) {
        vkDestroyPipelineLayout(device, m_PipelineLayout, nullptr);
        m_PipelineLayout = VK_NULL_HANDLE;
    }
    CreatePipeline();
}

void PostProcessing::SetEffectEnabled(PostProcessEffect effect, bool enabled) {
    if (enabled) {
        m_EnabledEffects = m_EnabledEffects | effect;
    } else {
        m_EnabledEffects = static_cast<PostProcessEffect>(
            static_cast<u32>(m_EnabledEffects) & ~static_cast<u32>(effect));
    }

    // Update settings based on enabled effects
    m_Settings.bloomEnabled = HasEffect(m_EnabledEffects, PostProcessEffect::Bloom) ? 1 : 0;
    m_Settings.vignetteEnabled = HasEffect(m_EnabledEffects, PostProcessEffect::Vignette) ? 1 : 0;
    m_Settings.chromaticAberrationEnabled = HasEffect(m_EnabledEffects, PostProcessEffect::ChromaticAberration) ? 1 : 0;
    m_Settings.filmGrainEnabled = HasEffect(m_EnabledEffects, PostProcessEffect::FilmGrain) ? 1 : 0;
    m_Settings.fxaaEnabled = HasEffect(m_EnabledEffects, PostProcessEffect::FXAA) ? 1 : 0;

    if (!HasEffect(m_EnabledEffects, PostProcessEffect::ToneMapping)) {
        m_Settings.toneMappingMode = static_cast<u32>(ToneMappingMode::None);
    }
}

bool PostProcessing::IsEffectEnabled(PostProcessEffect effect) const {
    return HasEffect(m_EnabledEffects, effect);
}

VkImage PostProcessing::GetSceneImage() const {
    return m_SceneImage;
}

VkImageView PostProcessing::GetSceneImageView() const {
    return m_SceneImageView;
}

VkFramebuffer PostProcessing::GetSceneFramebuffer() const {
    return m_SceneFramebuffer;
}

bool PostProcessing::CreateSceneRenderTarget(u32 width, u32 height) {
    VkDevice device = m_Context->GetDevice();
    VkPhysicalDevice physicalDevice = m_Context->GetPhysicalDevice();

    // Create HDR color image (RGBA16F for HDR rendering)
    VkImageCreateInfo imageInfo{};
    imageInfo.sType = VK_STRUCTURE_TYPE_IMAGE_CREATE_INFO;
    imageInfo.imageType = VK_IMAGE_TYPE_2D;
    imageInfo.format = VK_FORMAT_R16G16B16A16_SFLOAT;  // HDR format
    imageInfo.extent.width = width;
    imageInfo.extent.height = height;
    imageInfo.extent.depth = 1;
    imageInfo.mipLevels = 1;
    imageInfo.arrayLayers = 1;
    imageInfo.samples = VK_SAMPLE_COUNT_1_BIT;
    imageInfo.tiling = VK_IMAGE_TILING_OPTIMAL;
    imageInfo.usage = VK_IMAGE_USAGE_COLOR_ATTACHMENT_BIT | VK_IMAGE_USAGE_SAMPLED_BIT;
    imageInfo.sharingMode = VK_SHARING_MODE_EXCLUSIVE;
    imageInfo.initialLayout = VK_IMAGE_LAYOUT_UNDEFINED;

    if (vkCreateImage(device, &imageInfo, nullptr, &m_SceneImage) != VK_SUCCESS) {
        ENJIN_LOG_ERROR(Renderer, "Failed to create scene HDR image");
        return false;
    }

    // Get memory requirements and allocate
    VkMemoryRequirements memReqs;
    vkGetImageMemoryRequirements(device, m_SceneImage, &memReqs);

    VkPhysicalDeviceMemoryProperties memProps;
    vkGetPhysicalDeviceMemoryProperties(physicalDevice, &memProps);

    u32 memTypeIndex = UINT32_MAX;
    for (u32 i = 0; i < memProps.memoryTypeCount; i++) {
        if ((memReqs.memoryTypeBits & (1 << i)) &&
            (memProps.memoryTypes[i].propertyFlags & VK_MEMORY_PROPERTY_DEVICE_LOCAL_BIT)) {
            memTypeIndex = i;
            break;
        }
    }

    if (memTypeIndex == UINT32_MAX) {
        ENJIN_LOG_ERROR(Renderer, "Failed to find suitable memory type");
        return false;
    }

    VkMemoryAllocateInfo allocInfo{};
    allocInfo.sType = VK_STRUCTURE_TYPE_MEMORY_ALLOCATE_INFO;
    allocInfo.allocationSize = memReqs.size;
    allocInfo.memoryTypeIndex = memTypeIndex;

    if (vkAllocateMemory(device, &allocInfo, nullptr, &m_SceneImageMemory) != VK_SUCCESS) {
        ENJIN_LOG_ERROR(Renderer, "Failed to allocate scene image memory");
        return false;
    }

    if (vkBindImageMemory(device, m_SceneImage, m_SceneImageMemory, 0) != VK_SUCCESS) {
        ENJIN_LOG_ERROR(Renderer, "Failed to bind scene image memory");
        return false;
    }

    // Create image view
    VkImageViewCreateInfo viewInfo{};
    viewInfo.sType = VK_STRUCTURE_TYPE_IMAGE_VIEW_CREATE_INFO;
    viewInfo.image = m_SceneImage;
    viewInfo.viewType = VK_IMAGE_VIEW_TYPE_2D;
    viewInfo.format = VK_FORMAT_R16G16B16A16_SFLOAT;
    viewInfo.subresourceRange.aspectMask = VK_IMAGE_ASPECT_COLOR_BIT;
    viewInfo.subresourceRange.baseMipLevel = 0;
    viewInfo.subresourceRange.levelCount = 1;
    viewInfo.subresourceRange.baseArrayLayer = 0;
    viewInfo.subresourceRange.layerCount = 1;

    if (vkCreateImageView(device, &viewInfo, nullptr, &m_SceneImageView) != VK_SUCCESS) {
        ENJIN_LOG_ERROR(Renderer, "Failed to create scene image view");
        return false;
    }

    // Create depth image
    VkImageCreateInfo depthInfo{};
    depthInfo.sType = VK_STRUCTURE_TYPE_IMAGE_CREATE_INFO;
    depthInfo.imageType = VK_IMAGE_TYPE_2D;
    depthInfo.format = VK_FORMAT_D32_SFLOAT;
    depthInfo.extent.width = width;
    depthInfo.extent.height = height;
    depthInfo.extent.depth = 1;
    depthInfo.mipLevels = 1;
    depthInfo.arrayLayers = 1;
    depthInfo.samples = VK_SAMPLE_COUNT_1_BIT;
    depthInfo.tiling = VK_IMAGE_TILING_OPTIMAL;
    depthInfo.usage = VK_IMAGE_USAGE_DEPTH_STENCIL_ATTACHMENT_BIT | VK_IMAGE_USAGE_SAMPLED_BIT;
    depthInfo.sharingMode = VK_SHARING_MODE_EXCLUSIVE;
    depthInfo.initialLayout = VK_IMAGE_LAYOUT_UNDEFINED;

    if (vkCreateImage(device, &depthInfo, nullptr, &m_DepthImage) != VK_SUCCESS) {
        ENJIN_LOG_ERROR(Renderer, "Failed to create depth image");
        return false;
    }

    vkGetImageMemoryRequirements(device, m_DepthImage, &memReqs);

    allocInfo.allocationSize = memReqs.size;
    // Re-query memory type for depth format (may differ from color image)
    for (u32 i = 0; i < memProps.memoryTypeCount; i++) {
        if ((memReqs.memoryTypeBits & (1 << i)) &&
            (memProps.memoryTypes[i].propertyFlags & VK_MEMORY_PROPERTY_DEVICE_LOCAL_BIT)) {
            allocInfo.memoryTypeIndex = i;
            break;
        }
    }

    if (vkAllocateMemory(device, &allocInfo, nullptr, &m_DepthImageMemory) != VK_SUCCESS) {
        ENJIN_LOG_ERROR(Renderer, "Failed to allocate depth image memory");
        return false;
    }

    if (vkBindImageMemory(device, m_DepthImage, m_DepthImageMemory, 0) != VK_SUCCESS) {
        ENJIN_LOG_ERROR(Renderer, "Failed to bind depth image memory");
        return false;
    }

    VkImageViewCreateInfo depthViewInfo{};
    depthViewInfo.sType = VK_STRUCTURE_TYPE_IMAGE_VIEW_CREATE_INFO;
    depthViewInfo.image = m_DepthImage;
    depthViewInfo.viewType = VK_IMAGE_VIEW_TYPE_2D;
    depthViewInfo.format = VK_FORMAT_D32_SFLOAT;
    depthViewInfo.subresourceRange.aspectMask = VK_IMAGE_ASPECT_DEPTH_BIT;
    depthViewInfo.subresourceRange.baseMipLevel = 0;
    depthViewInfo.subresourceRange.levelCount = 1;
    depthViewInfo.subresourceRange.baseArrayLayer = 0;
    depthViewInfo.subresourceRange.layerCount = 1;

    if (vkCreateImageView(device, &depthViewInfo, nullptr, &m_DepthImageView) != VK_SUCCESS) {
        ENJIN_LOG_ERROR(Renderer, "Failed to create depth image view");
        return false;
    }

    // Create scene render pass (HDR output)
    VkAttachmentDescription colorAttachment{};
    colorAttachment.format = VK_FORMAT_R16G16B16A16_SFLOAT;
    colorAttachment.samples = VK_SAMPLE_COUNT_1_BIT;
    colorAttachment.loadOp = VK_ATTACHMENT_LOAD_OP_CLEAR;
    colorAttachment.storeOp = VK_ATTACHMENT_STORE_OP_STORE;
    colorAttachment.stencilLoadOp = VK_ATTACHMENT_LOAD_OP_DONT_CARE;
    colorAttachment.stencilStoreOp = VK_ATTACHMENT_STORE_OP_DONT_CARE;
    colorAttachment.initialLayout = VK_IMAGE_LAYOUT_UNDEFINED;
    colorAttachment.finalLayout = VK_IMAGE_LAYOUT_COLOR_ATTACHMENT_OPTIMAL;

    VkAttachmentDescription depthAttachment{};
    depthAttachment.format = VK_FORMAT_D32_SFLOAT;
    depthAttachment.samples = VK_SAMPLE_COUNT_1_BIT;
    depthAttachment.loadOp = VK_ATTACHMENT_LOAD_OP_CLEAR;
    depthAttachment.storeOp = VK_ATTACHMENT_STORE_OP_STORE;
    depthAttachment.stencilLoadOp = VK_ATTACHMENT_LOAD_OP_DONT_CARE;
    depthAttachment.stencilStoreOp = VK_ATTACHMENT_STORE_OP_DONT_CARE;
    depthAttachment.initialLayout = VK_IMAGE_LAYOUT_UNDEFINED;
    depthAttachment.finalLayout = VK_IMAGE_LAYOUT_DEPTH_STENCIL_ATTACHMENT_OPTIMAL;

    VkAttachmentReference colorRef{};
    colorRef.attachment = 0;
    colorRef.layout = VK_IMAGE_LAYOUT_COLOR_ATTACHMENT_OPTIMAL;

    VkAttachmentReference depthRef{};
    depthRef.attachment = 1;
    depthRef.layout = VK_IMAGE_LAYOUT_DEPTH_STENCIL_ATTACHMENT_OPTIMAL;

    VkSubpassDescription subpass{};
    subpass.pipelineBindPoint = VK_PIPELINE_BIND_POINT_GRAPHICS;
    subpass.colorAttachmentCount = 1;
    subpass.pColorAttachments = &colorRef;
    subpass.pDepthStencilAttachment = &depthRef;

    VkSubpassDependency dependency{};
    dependency.srcSubpass = VK_SUBPASS_EXTERNAL;
    dependency.dstSubpass = 0;
    dependency.srcStageMask = VK_PIPELINE_STAGE_COLOR_ATTACHMENT_OUTPUT_BIT | VK_PIPELINE_STAGE_EARLY_FRAGMENT_TESTS_BIT;
    dependency.dstStageMask = VK_PIPELINE_STAGE_COLOR_ATTACHMENT_OUTPUT_BIT | VK_PIPELINE_STAGE_EARLY_FRAGMENT_TESTS_BIT;
    dependency.srcAccessMask = 0;
    dependency.dstAccessMask = VK_ACCESS_COLOR_ATTACHMENT_WRITE_BIT | VK_ACCESS_DEPTH_STENCIL_ATTACHMENT_WRITE_BIT;

    std::array<VkAttachmentDescription, 2> attachments = { colorAttachment, depthAttachment };

    VkRenderPassCreateInfo renderPassInfo{};
    renderPassInfo.sType = VK_STRUCTURE_TYPE_RENDER_PASS_CREATE_INFO;
    renderPassInfo.attachmentCount = static_cast<u32>(attachments.size());
    renderPassInfo.pAttachments = attachments.data();
    renderPassInfo.subpassCount = 1;
    renderPassInfo.pSubpasses = &subpass;
    renderPassInfo.dependencyCount = 1;
    renderPassInfo.pDependencies = &dependency;

    if (vkCreateRenderPass(device, &renderPassInfo, nullptr, &m_SceneRenderPass) != VK_SUCCESS) {
        ENJIN_LOG_ERROR(Renderer, "Failed to create scene render pass");
        return false;
    }

    // Create scene framebuffer
    std::array<VkImageView, 2> fbAttachments = { m_SceneImageView, m_DepthImageView };

    VkFramebufferCreateInfo fbInfo{};
    fbInfo.sType = VK_STRUCTURE_TYPE_FRAMEBUFFER_CREATE_INFO;
    fbInfo.renderPass = m_SceneRenderPass;
    fbInfo.attachmentCount = static_cast<u32>(fbAttachments.size());
    fbInfo.pAttachments = fbAttachments.data();
    fbInfo.width = width;
    fbInfo.height = height;
    fbInfo.layers = 1;

    if (vkCreateFramebuffer(device, &fbInfo, nullptr, &m_SceneFramebuffer) != VK_SUCCESS) {
        ENJIN_LOG_ERROR(Renderer, "Failed to create scene framebuffer");
        return false;
    }

    // Create sampler for scene image
    VkSamplerCreateInfo samplerInfo{};
    samplerInfo.sType = VK_STRUCTURE_TYPE_SAMPLER_CREATE_INFO;
    samplerInfo.magFilter = VK_FILTER_LINEAR;
    samplerInfo.minFilter = VK_FILTER_LINEAR;
    samplerInfo.addressModeU = VK_SAMPLER_ADDRESS_MODE_CLAMP_TO_EDGE;
    samplerInfo.addressModeV = VK_SAMPLER_ADDRESS_MODE_CLAMP_TO_EDGE;
    samplerInfo.addressModeW = VK_SAMPLER_ADDRESS_MODE_CLAMP_TO_EDGE;
    samplerInfo.anisotropyEnable = VK_FALSE;
    samplerInfo.maxAnisotropy = 1.0f;
    samplerInfo.borderColor = VK_BORDER_COLOR_INT_OPAQUE_BLACK;
    samplerInfo.unnormalizedCoordinates = VK_FALSE;
    samplerInfo.compareEnable = VK_FALSE;
    samplerInfo.mipmapMode = VK_SAMPLER_MIPMAP_MODE_LINEAR;

    if (vkCreateSampler(device, &samplerInfo, nullptr, &m_SceneSampler) != VK_SUCCESS) {
        ENJIN_LOG_ERROR(Renderer, "Failed to create scene sampler");
        return false;
    }

    return true;
}

void PostProcessing::DestroySceneRenderTarget() {
    if (!m_Context) return;

    VkDevice device = m_Context->GetDevice();

    if (m_SceneSampler != VK_NULL_HANDLE) {
        vkDestroySampler(device, m_SceneSampler, nullptr);
        m_SceneSampler = VK_NULL_HANDLE;
    }
    if (m_SceneFramebuffer != VK_NULL_HANDLE) {
        vkDestroyFramebuffer(device, m_SceneFramebuffer, nullptr);
        m_SceneFramebuffer = VK_NULL_HANDLE;
    }
    if (m_SceneRenderPass != VK_NULL_HANDLE) {
        vkDestroyRenderPass(device, m_SceneRenderPass, nullptr);
        m_SceneRenderPass = VK_NULL_HANDLE;
    }
    if (m_DepthImageView != VK_NULL_HANDLE) {
        vkDestroyImageView(device, m_DepthImageView, nullptr);
        m_DepthImageView = VK_NULL_HANDLE;
    }
    if (m_DepthImage != VK_NULL_HANDLE) {
        vkDestroyImage(device, m_DepthImage, nullptr);
        m_DepthImage = VK_NULL_HANDLE;
    }
    if (m_DepthImageMemory != VK_NULL_HANDLE) {
        vkFreeMemory(device, m_DepthImageMemory, nullptr);
        m_DepthImageMemory = VK_NULL_HANDLE;
    }
    if (m_SceneImageView != VK_NULL_HANDLE) {
        vkDestroyImageView(device, m_SceneImageView, nullptr);
        m_SceneImageView = VK_NULL_HANDLE;
    }
    if (m_SceneImage != VK_NULL_HANDLE) {
        vkDestroyImage(device, m_SceneImage, nullptr);
        m_SceneImage = VK_NULL_HANDLE;
    }
    if (m_SceneImageMemory != VK_NULL_HANDLE) {
        vkFreeMemory(device, m_SceneImageMemory, nullptr);
        m_SceneImageMemory = VK_NULL_HANDLE;
    }
}

bool PostProcessing::CreateUniformBuffer() {
    m_UniformBuffer = std::make_unique<VulkanBuffer>(m_Context);
    return m_UniformBuffer->Create(sizeof(PostProcessSettings),
        VK_BUFFER_USAGE_UNIFORM_BUFFER_BIT,
        true);  // hostVisible = true for CPU updates
}

void PostProcessing::UpdateUniformBuffer() {
    if (m_UniformBuffer) {
        // If depth-needing effects are enabled but no valid depth source was bound,
        // suppress them in the uploaded copy to prevent sampling an invalid descriptor.
        if (m_Settings.NeedsDepthBuffer() && !m_DepthSourceReady) {
            PostProcessSettings safeSettings = m_Settings;
            safeSettings.dofEnabled = 0;
            safeSettings.tiltShiftEnabled = 0;
            safeSettings.celOutlineEnabled = 0;
            safeSettings.ssaoEnabled = 0;
            safeSettings.contactShadowsEnabled = 0;
            safeSettings.causticsEnabled = 0;
            safeSettings.fogShaftsEnabled = 0;
            safeSettings.godRaysEnabled = 0;
            m_UniformBuffer->UploadData(&safeSettings, sizeof(PostProcessSettings));
        } else {
            m_UniformBuffer->UploadData(&m_Settings, sizeof(PostProcessSettings));
        }
    }
}

void PostProcessing::UpdateDepthSource(VkImageView depthView) {
    if (!m_Initialized || !m_Context || m_DescriptorSet == VK_NULL_HANDLE) {
        return;
    }

    if (depthView == VK_NULL_HANDLE) {
        m_DepthSourceReady = false;
        m_LastDepthView = VK_NULL_HANDLE;
        return;
    }

    // The post-process descriptor set is reused across frames in flight, and its
    // binding-3 layout has no UPDATE_AFTER_BIND flag. Rewriting it every frame
    // invalidates any command buffer still pending that has it bound (validation
    // VUID-vkUpdateDescriptorSets-None-03047 -> the whole frame's commands then
    // fault as "not in recording state"). The depth view only changes on viewport
    // resize, which recreates the render target under device-idle, so only write
    // the descriptor when the view actually changes.
    if (depthView == m_LastDepthView) {
        m_DepthSourceReady = true;
        return;
    }

    // Update descriptor binding 3 with the external depth image view
    VkDescriptorImageInfo depthImageInfo{};
    depthImageInfo.imageLayout = VK_IMAGE_LAYOUT_DEPTH_STENCIL_READ_ONLY_OPTIMAL;
    depthImageInfo.imageView = depthView;
    depthImageInfo.sampler = m_SceneSampler;

    VkWriteDescriptorSet write{};
    write.sType = VK_STRUCTURE_TYPE_WRITE_DESCRIPTOR_SET;
    write.dstSet = m_DescriptorSet;
    write.dstBinding = 3;
    write.descriptorType = VK_DESCRIPTOR_TYPE_COMBINED_IMAGE_SAMPLER;
    write.descriptorCount = 1;
    write.pImageInfo = &depthImageInfo;

    vkUpdateDescriptorSets(m_Context->GetDevice(), 1, &write, 0, nullptr);
    m_LastDepthView = depthView;
    m_DepthSourceReady = true;
}

bool PostProcessing::CreatePipeline() {
    if (!m_Context || m_RenderPass == VK_NULL_HANDLE) return false;

    VkDevice device = m_Context->GetDevice();

    // Create shader modules from embedded SPIR-V
    VkShaderModuleCreateInfo vertInfo{};
    vertInfo.sType = VK_STRUCTURE_TYPE_SHADER_MODULE_CREATE_INFO;
    vertInfo.codeSize = sizeof(FullscreenVertexShader);
    vertInfo.pCode = FullscreenVertexShader;

    VkShaderModule vertModule;
    if (vkCreateShaderModule(device, &vertInfo, nullptr, &vertModule) != VK_SUCCESS) {
        ENJIN_LOG_ERROR(Renderer, "Failed to create post-process vertex shader module");
        return false;
    }

    VkShaderModuleCreateInfo fragInfo{};
    fragInfo.sType = VK_STRUCTURE_TYPE_SHADER_MODULE_CREATE_INFO;
    fragInfo.codeSize = sizeof(PostProcessFragmentShader);
    fragInfo.pCode = PostProcessFragmentShader;

    VkShaderModule fragModule;
    if (vkCreateShaderModule(device, &fragInfo, nullptr, &fragModule) != VK_SUCCESS) {
        vkDestroyShaderModule(device, vertModule, nullptr);
        ENJIN_LOG_ERROR(Renderer, "Failed to create post-process fragment shader module");
        return false;
    }

    // Shader stages
    VkPipelineShaderStageCreateInfo shaderStages[2]{};
    shaderStages[0].sType = VK_STRUCTURE_TYPE_PIPELINE_SHADER_STAGE_CREATE_INFO;
    shaderStages[0].stage = VK_SHADER_STAGE_VERTEX_BIT;
    shaderStages[0].module = vertModule;
    shaderStages[0].pName = "main";

    shaderStages[1].sType = VK_STRUCTURE_TYPE_PIPELINE_SHADER_STAGE_CREATE_INFO;
    shaderStages[1].stage = VK_SHADER_STAGE_FRAGMENT_BIT;
    shaderStages[1].module = fragModule;
    shaderStages[1].pName = "main";

    // No vertex input (fullscreen triangle generated in vertex shader)
    VkPipelineVertexInputStateCreateInfo vertexInputInfo{};
    vertexInputInfo.sType = VK_STRUCTURE_TYPE_PIPELINE_VERTEX_INPUT_STATE_CREATE_INFO;

    VkPipelineInputAssemblyStateCreateInfo inputAssembly{};
    inputAssembly.sType = VK_STRUCTURE_TYPE_PIPELINE_INPUT_ASSEMBLY_STATE_CREATE_INFO;
    inputAssembly.topology = VK_PRIMITIVE_TOPOLOGY_TRIANGLE_LIST;

    // Dynamic viewport and scissor
    VkDynamicState dynamicStates[] = { VK_DYNAMIC_STATE_VIEWPORT, VK_DYNAMIC_STATE_SCISSOR };
    VkPipelineDynamicStateCreateInfo dynamicState{};
    dynamicState.sType = VK_STRUCTURE_TYPE_PIPELINE_DYNAMIC_STATE_CREATE_INFO;
    dynamicState.dynamicStateCount = 2;
    dynamicState.pDynamicStates = dynamicStates;

    VkPipelineViewportStateCreateInfo viewportState{};
    viewportState.sType = VK_STRUCTURE_TYPE_PIPELINE_VIEWPORT_STATE_CREATE_INFO;
    viewportState.viewportCount = 1;
    viewportState.scissorCount = 1;

    VkPipelineRasterizationStateCreateInfo rasterizer{};
    rasterizer.sType = VK_STRUCTURE_TYPE_PIPELINE_RASTERIZATION_STATE_CREATE_INFO;
    rasterizer.polygonMode = VK_POLYGON_MODE_FILL;
    rasterizer.lineWidth = 1.0f;
    rasterizer.cullMode = VK_CULL_MODE_NONE;
    rasterizer.frontFace = VK_FRONT_FACE_COUNTER_CLOCKWISE;

    VkPipelineMultisampleStateCreateInfo multisampling{};
    multisampling.sType = VK_STRUCTURE_TYPE_PIPELINE_MULTISAMPLE_STATE_CREATE_INFO;
    multisampling.rasterizationSamples = VK_SAMPLE_COUNT_1_BIT;

    // Blend states must match the render pass's colorAttachmentCount (VUID-07609):
    // 1 for the editor's offscreen PP pass, 2 when compositing into the player's
    // swapchain MRT pass. The shader writes location 0 only; extra attachments
    // (velocity) get colorWriteMask = 0 so they're left untouched.
    VkPipelineColorBlendAttachmentState blendAttachments[2] = {};
    blendAttachments[0].colorWriteMask = VK_COLOR_COMPONENT_R_BIT | VK_COLOR_COMPONENT_G_BIT |
                                          VK_COLOR_COMPONENT_B_BIT | VK_COLOR_COMPONENT_A_BIT;
    blendAttachments[0].blendEnable = VK_FALSE;

    u32 blendCount = (m_ColorAttachmentCount <= 2) ? m_ColorAttachmentCount : 2;

    VkPipelineColorBlendStateCreateInfo colorBlending{};
    colorBlending.sType = VK_STRUCTURE_TYPE_PIPELINE_COLOR_BLEND_STATE_CREATE_INFO;
    colorBlending.attachmentCount = blendCount;
    colorBlending.pAttachments = blendAttachments;

    // No depth testing for post-process
    VkPipelineDepthStencilStateCreateInfo depthStencil{};
    depthStencil.sType = VK_STRUCTURE_TYPE_PIPELINE_DEPTH_STENCIL_STATE_CREATE_INFO;
    depthStencil.depthTestEnable = VK_FALSE;
    depthStencil.depthWriteEnable = VK_FALSE;

    // Pipeline layout with descriptor set
    VkPipelineLayoutCreateInfo layoutInfo{};
    layoutInfo.sType = VK_STRUCTURE_TYPE_PIPELINE_LAYOUT_CREATE_INFO;
    layoutInfo.setLayoutCount = 1;
    layoutInfo.pSetLayouts = &m_DescriptorSetLayout;

    if (vkCreatePipelineLayout(device, &layoutInfo, nullptr, &m_PipelineLayout) != VK_SUCCESS) {
        vkDestroyShaderModule(device, vertModule, nullptr);
        vkDestroyShaderModule(device, fragModule, nullptr);
        ENJIN_LOG_ERROR(Renderer, "Failed to create post-process pipeline layout");
        return false;
    }

    // Create graphics pipeline
    VkGraphicsPipelineCreateInfo pipelineInfo{};
    pipelineInfo.sType = VK_STRUCTURE_TYPE_GRAPHICS_PIPELINE_CREATE_INFO;
    pipelineInfo.stageCount = 2;
    pipelineInfo.pStages = shaderStages;
    pipelineInfo.pVertexInputState = &vertexInputInfo;
    pipelineInfo.pInputAssemblyState = &inputAssembly;
    pipelineInfo.pViewportState = &viewportState;
    pipelineInfo.pRasterizationState = &rasterizer;
    pipelineInfo.pMultisampleState = &multisampling;
    pipelineInfo.pColorBlendState = &colorBlending;
    pipelineInfo.pDepthStencilState = &depthStencil;
    pipelineInfo.pDynamicState = &dynamicState;
    pipelineInfo.layout = m_PipelineLayout;
    pipelineInfo.renderPass = m_RenderPass;
    pipelineInfo.subpass = 0;

    VkResult result = vkCreateGraphicsPipelines(device, VK_NULL_HANDLE, 1, &pipelineInfo, nullptr, &m_Pipeline);

    vkDestroyShaderModule(device, vertModule, nullptr);
    vkDestroyShaderModule(device, fragModule, nullptr);

    if (result != VK_SUCCESS) {
        ENJIN_LOG_ERROR(Renderer, "Failed to create post-process pipeline: %d", result);
        return false;
    }

    ENJIN_LOG_INFO(Renderer, "Post-process pipeline created");
    return true;
}

bool PostProcessing::CreateDescriptorSets() {
    if (!m_Context) return false;

    VkDevice device = m_Context->GetDevice();

    // Descriptor set layout: 0=scene, 1=settings UBO, 2=LUT, 3=depth,
    // 4=RT hybrid shadow, 5=RT hybrid AO (all fragment-stage samplers)
    VkDescriptorSetLayoutBinding bindings[6]{};
    for (int i = 0; i < 6; ++i) {
        bindings[i].binding = static_cast<u32>(i);
        bindings[i].descriptorType = (i == 1)
            ? VK_DESCRIPTOR_TYPE_UNIFORM_BUFFER : VK_DESCRIPTOR_TYPE_COMBINED_IMAGE_SAMPLER;
        bindings[i].descriptorCount = 1;
        bindings[i].stageFlags = VK_SHADER_STAGE_FRAGMENT_BIT;
    }

    VkDescriptorSetLayoutCreateInfo layoutInfo{};
    layoutInfo.sType = VK_STRUCTURE_TYPE_DESCRIPTOR_SET_LAYOUT_CREATE_INFO;
    layoutInfo.bindingCount = 6;
    layoutInfo.pBindings = bindings;

    if (vkCreateDescriptorSetLayout(device, &layoutInfo, nullptr, &m_DescriptorSetLayout) != VK_SUCCESS) {
        ENJIN_LOG_ERROR(Renderer, "Failed to create post-process descriptor set layout");
        return false;
    }

    // Descriptor pool (5 samplers + 1 UBO)
    VkDescriptorPoolSize poolSizes[2]{};
    poolSizes[0].type = VK_DESCRIPTOR_TYPE_COMBINED_IMAGE_SAMPLER;
    poolSizes[0].descriptorCount = 5;  // scene + LUT + depth + RT shadow + RT AO
    poolSizes[1].type = VK_DESCRIPTOR_TYPE_UNIFORM_BUFFER;
    poolSizes[1].descriptorCount = 1;

    VkDescriptorPoolCreateInfo poolInfo{};
    poolInfo.sType = VK_STRUCTURE_TYPE_DESCRIPTOR_POOL_CREATE_INFO;
    poolInfo.poolSizeCount = 2;
    poolInfo.pPoolSizes = poolSizes;
    poolInfo.maxSets = 1;

    if (vkCreateDescriptorPool(device, &poolInfo, nullptr, &m_DescriptorPool) != VK_SUCCESS) {
        ENJIN_LOG_ERROR(Renderer, "Failed to create post-process descriptor pool");
        return false;
    }

    // Allocate descriptor set
    VkDescriptorSetAllocateInfo allocInfo{};
    allocInfo.sType = VK_STRUCTURE_TYPE_DESCRIPTOR_SET_ALLOCATE_INFO;
    allocInfo.descriptorPool = m_DescriptorPool;
    allocInfo.descriptorSetCount = 1;
    allocInfo.pSetLayouts = &m_DescriptorSetLayout;

    if (vkAllocateDescriptorSets(device, &allocInfo, &m_DescriptorSet) != VK_SUCCESS) {
        ENJIN_LOG_ERROR(Renderer, "Failed to allocate post-process descriptor set");
        return false;
    }

    // Create LUT sampler (used for both placeholder and real LUT)
    VkSamplerCreateInfo lutSamplerInfo{};
    lutSamplerInfo.sType = VK_STRUCTURE_TYPE_SAMPLER_CREATE_INFO;
    lutSamplerInfo.magFilter = VK_FILTER_LINEAR;
    lutSamplerInfo.minFilter = VK_FILTER_LINEAR;
    lutSamplerInfo.addressModeU = VK_SAMPLER_ADDRESS_MODE_CLAMP_TO_EDGE;
    lutSamplerInfo.addressModeV = VK_SAMPLER_ADDRESS_MODE_CLAMP_TO_EDGE;
    lutSamplerInfo.addressModeW = VK_SAMPLER_ADDRESS_MODE_CLAMP_TO_EDGE;
    lutSamplerInfo.maxLod = 0.0f;
    if (vkCreateSampler(device, &lutSamplerInfo, nullptr, &m_LUTSampler) != VK_SUCCESS) {
        ENJIN_LOG_ERROR(Renderer, "Failed to create LUT sampler");
        return false;
    }

    // Write only the UBO binding at init. Image bindings (0=scene, 2=LUT, 3=depth)
    // are set later by UpdateSourceImage() and UpdateDepthSource() with valid external
    // image views. No internal scene RT — PP is a pure pass-through.
    VkDescriptorBufferInfo bufferInfo{};
    bufferInfo.buffer = m_UniformBuffer ? m_UniformBuffer->GetBuffer() : VK_NULL_HANDLE;
    bufferInfo.offset = 0;
    bufferInfo.range = sizeof(PostProcessSettings);

    VkWriteDescriptorSet write{};
    write.sType = VK_STRUCTURE_TYPE_WRITE_DESCRIPTOR_SET;
    write.dstSet = m_DescriptorSet;
    write.dstBinding = 1;
    write.descriptorType = VK_DESCRIPTOR_TYPE_UNIFORM_BUFFER;
    write.descriptorCount = 1;
    write.pBufferInfo = &bufferInfo;

    vkUpdateDescriptorSets(device, 1, &write, 0, nullptr);

    ENJIN_LOG_INFO(Renderer, "Post-process descriptor sets created");
    return true;
}

void PostProcessing::DestroyLUTResources() {
    if (!m_Context) return;
    VkDevice device = m_Context->GetDevice();

    if (m_LUTImageView != VK_NULL_HANDLE) {
        vkDestroyImageView(device, m_LUTImageView, nullptr);
        m_LUTImageView = VK_NULL_HANDLE;
    }
    if (m_LUTImage != VK_NULL_HANDLE) {
        vkDestroyImage(device, m_LUTImage, nullptr);
        m_LUTImage = VK_NULL_HANDLE;
    }
    if (m_LUTImageMemory != VK_NULL_HANDLE) {
        vkFreeMemory(device, m_LUTImageMemory, nullptr);
        m_LUTImageMemory = VK_NULL_HANDLE;
    }
    m_LUTLoaded = false;
}

bool PostProcessing::LoadLUT(const std::string& filepath) {
    if (!m_Context || !m_Initialized) return false;

    // Load image using stb_image
    int width, height, channels;
    unsigned char* pixels = stbi_load(filepath.c_str(), &width, &height, &channels, 4);
    if (!pixels) {
        ENJIN_LOG_ERROR(Renderer, "Failed to load LUT image: %s", filepath.c_str());
        return false;
    }

    VkDevice device = m_Context->GetDevice();
    if (m_Renderer) m_Renderer->WaitForAllFrames();
    else vkDeviceWaitIdle(device);

    // Clean up previous LUT
    DestroyLUTResources();

    // Determine LUT size from image dimensions (strip format: width = size*size, height = size)
    u32 lutSize = static_cast<u32>(height);
    m_Settings.lutSize = lutSize;

    // Create Vulkan image
    VkImageCreateInfo imageCreateInfo{};
    imageCreateInfo.sType = VK_STRUCTURE_TYPE_IMAGE_CREATE_INFO;
    imageCreateInfo.imageType = VK_IMAGE_TYPE_2D;
    imageCreateInfo.format = VK_FORMAT_R8G8B8A8_UNORM;
    imageCreateInfo.extent = { static_cast<u32>(width), static_cast<u32>(height), 1 };
    imageCreateInfo.mipLevels = 1;
    imageCreateInfo.arrayLayers = 1;
    imageCreateInfo.samples = VK_SAMPLE_COUNT_1_BIT;
    imageCreateInfo.tiling = VK_IMAGE_TILING_OPTIMAL;
    imageCreateInfo.usage = VK_IMAGE_USAGE_TRANSFER_DST_BIT | VK_IMAGE_USAGE_SAMPLED_BIT;
    imageCreateInfo.sharingMode = VK_SHARING_MODE_EXCLUSIVE;
    imageCreateInfo.initialLayout = VK_IMAGE_LAYOUT_UNDEFINED;

    if (vkCreateImage(device, &imageCreateInfo, nullptr, &m_LUTImage) != VK_SUCCESS) {
        stbi_image_free(pixels);
        ENJIN_LOG_ERROR(Renderer, "Failed to create LUT image");
        return false;
    }

    // Allocate memory
    VkMemoryRequirements memReqs;
    vkGetImageMemoryRequirements(device, m_LUTImage, &memReqs);

    VkMemoryAllocateInfo memAlloc{};
    memAlloc.sType = VK_STRUCTURE_TYPE_MEMORY_ALLOCATE_INFO;
    memAlloc.allocationSize = memReqs.size;
    memAlloc.memoryTypeIndex = m_Context->FindMemoryType(memReqs.memoryTypeBits,
        VK_MEMORY_PROPERTY_DEVICE_LOCAL_BIT);

    if (vkAllocateMemory(device, &memAlloc, nullptr, &m_LUTImageMemory) != VK_SUCCESS) {
        stbi_image_free(pixels);
        DestroyLUTResources();
        return false;
    }
    if (vkBindImageMemory(device, m_LUTImage, m_LUTImageMemory, 0) != VK_SUCCESS) {
        ENJIN_LOG_ERROR(Renderer, "Failed to bind LUT image memory");
        stbi_image_free(pixels);
        DestroyLUTResources();
        return false;
    }

    // Upload via staging buffer — cast to VkDeviceSize before multiply to prevent int overflow
    VkDeviceSize imageSize = static_cast<VkDeviceSize>(width) * height * 4;
    VulkanBuffer stagingBuffer(m_Context);
    stagingBuffer.Create(imageSize, VK_BUFFER_USAGE_TRANSFER_SRC_BIT, true);
    stagingBuffer.UploadData(pixels, imageSize);
    stbi_image_free(pixels);

    // Transition and copy using a temporary command pool
    VkCommandPool tempPool = VK_NULL_HANDLE;
    {
        VkCommandPoolCreateInfo poolInfo{};
        poolInfo.sType = VK_STRUCTURE_TYPE_COMMAND_POOL_CREATE_INFO;
        poolInfo.flags = VK_COMMAND_POOL_CREATE_TRANSIENT_BIT;
        poolInfo.queueFamilyIndex = m_Context->GetGraphicsQueueFamily();
        if (vkCreateCommandPool(device, &poolInfo, nullptr, &tempPool) != VK_SUCCESS) {
            DestroyLUTResources();
            return false;
        }
    }

    VkCommandBuffer cmd = VK_NULL_HANDLE;
    {
        VkCommandBufferAllocateInfo allocInfo{};
        allocInfo.sType = VK_STRUCTURE_TYPE_COMMAND_BUFFER_ALLOCATE_INFO;
        allocInfo.commandPool = tempPool;
        allocInfo.level = VK_COMMAND_BUFFER_LEVEL_PRIMARY;
        allocInfo.commandBufferCount = 1;
        if (vkAllocateCommandBuffers(device, &allocInfo, &cmd) != VK_SUCCESS) {
            vkDestroyCommandPool(device, tempPool, nullptr);
            DestroyLUTResources();
            return false;
        }
    }

    VkCommandBufferBeginInfo beginInfo{};
    beginInfo.sType = VK_STRUCTURE_TYPE_COMMAND_BUFFER_BEGIN_INFO;
    beginInfo.flags = VK_COMMAND_BUFFER_USAGE_ONE_TIME_SUBMIT_BIT;
    if (vkBeginCommandBuffer(cmd, &beginInfo) != VK_SUCCESS) {
        ENJIN_LOG_ERROR(Renderer, "Failed to begin LUT command buffer");
        vkDestroyCommandPool(device, tempPool, nullptr);
        DestroyLUTResources();
        return false;
    }

    VkImageMemoryBarrier barrier{};
    barrier.sType = VK_STRUCTURE_TYPE_IMAGE_MEMORY_BARRIER;
    barrier.oldLayout = VK_IMAGE_LAYOUT_UNDEFINED;
    barrier.newLayout = VK_IMAGE_LAYOUT_TRANSFER_DST_OPTIMAL;
    barrier.srcQueueFamilyIndex = VK_QUEUE_FAMILY_IGNORED;
    barrier.dstQueueFamilyIndex = VK_QUEUE_FAMILY_IGNORED;
    barrier.image = m_LUTImage;
    barrier.subresourceRange = { VK_IMAGE_ASPECT_COLOR_BIT, 0, 1, 0, 1 };
    barrier.srcAccessMask = 0;
    barrier.dstAccessMask = VK_ACCESS_TRANSFER_WRITE_BIT;
    vkCmdPipelineBarrier(cmd, VK_PIPELINE_STAGE_TOP_OF_PIPE_BIT, VK_PIPELINE_STAGE_TRANSFER_BIT,
        0, 0, nullptr, 0, nullptr, 1, &barrier);

    VkBufferImageCopy region{};
    region.imageSubresource = { VK_IMAGE_ASPECT_COLOR_BIT, 0, 0, 1 };
    region.imageExtent = { static_cast<u32>(width), static_cast<u32>(height), 1 };
    vkCmdCopyBufferToImage(cmd, stagingBuffer.GetBuffer(), m_LUTImage,
        VK_IMAGE_LAYOUT_TRANSFER_DST_OPTIMAL, 1, &region);

    barrier.oldLayout = VK_IMAGE_LAYOUT_TRANSFER_DST_OPTIMAL;
    barrier.newLayout = VK_IMAGE_LAYOUT_SHADER_READ_ONLY_OPTIMAL;
    barrier.srcAccessMask = VK_ACCESS_TRANSFER_WRITE_BIT;
    barrier.dstAccessMask = VK_ACCESS_SHADER_READ_BIT;
    vkCmdPipelineBarrier(cmd, VK_PIPELINE_STAGE_TRANSFER_BIT, VK_PIPELINE_STAGE_FRAGMENT_SHADER_BIT,
        0, 0, nullptr, 0, nullptr, 1, &barrier);

    if (vkEndCommandBuffer(cmd) != VK_SUCCESS) {
        ENJIN_LOG_ERROR(Renderer, "Failed to end LUT command buffer");
        vkDestroyCommandPool(device, tempPool, nullptr);
        DestroyLUTResources();
        return false;
    }

    VkSubmitInfo submitInfo{};
    submitInfo.sType = VK_STRUCTURE_TYPE_SUBMIT_INFO;
    submitInfo.commandBufferCount = 1;
    submitInfo.pCommandBuffers = &cmd;
    if (vkQueueSubmit(m_Context->GetGraphicsQueue(), 1, &submitInfo, VK_NULL_HANDLE) != VK_SUCCESS) {
        ENJIN_LOG_ERROR(Renderer, "Failed to submit LUT upload commands");
    }
    vkQueueWaitIdle(m_Context->GetGraphicsQueue());

    vkDestroyCommandPool(device, tempPool, nullptr);

    // Create image view
    VkImageViewCreateInfo viewInfo{};
    viewInfo.sType = VK_STRUCTURE_TYPE_IMAGE_VIEW_CREATE_INFO;
    viewInfo.image = m_LUTImage;
    viewInfo.viewType = VK_IMAGE_VIEW_TYPE_2D;
    viewInfo.format = VK_FORMAT_R8G8B8A8_UNORM;
    viewInfo.subresourceRange = { VK_IMAGE_ASPECT_COLOR_BIT, 0, 1, 0, 1 };

    if (vkCreateImageView(device, &viewInfo, nullptr, &m_LUTImageView) != VK_SUCCESS) {
        DestroyLUTResources();
        return false;
    }

    // Update descriptor set binding 2 with the LUT texture
    VkDescriptorImageInfo lutDescInfo{};
    lutDescInfo.imageLayout = VK_IMAGE_LAYOUT_SHADER_READ_ONLY_OPTIMAL;
    lutDescInfo.imageView = m_LUTImageView;
    lutDescInfo.sampler = m_LUTSampler;

    VkWriteDescriptorSet write{};
    write.sType = VK_STRUCTURE_TYPE_WRITE_DESCRIPTOR_SET;
    write.dstSet = m_DescriptorSet;
    write.dstBinding = 2;
    write.descriptorType = VK_DESCRIPTOR_TYPE_COMBINED_IMAGE_SAMPLER;
    write.descriptorCount = 1;
    write.pImageInfo = &lutDescInfo;
    vkUpdateDescriptorSets(device, 1, &write, 0, nullptr);

    m_LUTPath = filepath;
    m_LUTLoaded = true;
    m_Settings.lutEnabled = 1;

    ENJIN_LOG_INFO(Renderer, "Loaded LUT: %s (%dx%d, size=%u)", filepath.c_str(), width, height, lutSize);
    return true;
}

void PostProcessing::ClearLUT() {
    if (!m_Context || !m_Initialized) return;

    VkDevice device = m_Context->GetDevice();
    if (m_Renderer) m_Renderer->WaitForAllFrames();
    else vkDeviceWaitIdle(device);

    DestroyLUTResources();

    // Rebind default image to binding 2 (shader skips LUT when lutEnabled==0)
    VkDescriptorImageInfo lutDescInfo{};
    lutDescInfo.imageLayout = VK_IMAGE_LAYOUT_SHADER_READ_ONLY_OPTIMAL;
    lutDescInfo.imageView = m_SceneImageView;
    lutDescInfo.sampler = m_LUTSampler;

    VkWriteDescriptorSet write{};
    write.sType = VK_STRUCTURE_TYPE_WRITE_DESCRIPTOR_SET;
    write.dstSet = m_DescriptorSet;
    write.dstBinding = 2;
    write.descriptorType = VK_DESCRIPTOR_TYPE_COMBINED_IMAGE_SAMPLER;
    write.descriptorCount = 1;
    write.pImageInfo = &lutDescInfo;
    vkUpdateDescriptorSets(device, 1, &write, 0, nullptr);

    m_LUTPath.clear();
    m_Settings.lutEnabled = 0;

    ENJIN_LOG_INFO(Renderer, "LUT cleared");
}

// ============================================================================
// DoF / TILT-SHIFT CPU STAGING BUFFERS
// ============================================================================

bool PostProcessing::CreateDofStagingBuffers() {
    if (!m_Context || m_Width == 0 || m_Height == 0) return false;
    VkDevice device = m_Context->GetDevice();

    // Color staging: RGBA16F = 8 bytes per pixel
    m_DofColorStagingSize = static_cast<usize>(m_Width) * m_Height * 8;
    // Depth staging: D32F = 4 bytes per pixel
    m_DofDepthStagingSize = static_cast<usize>(m_Width) * m_Height * 4;

    auto createStagingBuffer = [&](VkDeviceSize size, VkBufferUsageFlags usage,
                                    VkBuffer& buffer, VkDeviceMemory& memory) -> bool {
        VkBufferCreateInfo bufInfo{};
        bufInfo.sType = VK_STRUCTURE_TYPE_BUFFER_CREATE_INFO;
        bufInfo.size = size;
        bufInfo.usage = usage;
        bufInfo.sharingMode = VK_SHARING_MODE_EXCLUSIVE;

        if (vkCreateBuffer(device, &bufInfo, nullptr, &buffer) != VK_SUCCESS) return false;

        VkMemoryRequirements memReqs;
        vkGetBufferMemoryRequirements(device, buffer, &memReqs);

        VkMemoryAllocateInfo allocInfo{};
        allocInfo.sType = VK_STRUCTURE_TYPE_MEMORY_ALLOCATE_INFO;
        allocInfo.allocationSize = memReqs.size;
        allocInfo.memoryTypeIndex = m_Context->FindMemoryType(
            memReqs.memoryTypeBits,
            VK_MEMORY_PROPERTY_HOST_VISIBLE_BIT | VK_MEMORY_PROPERTY_HOST_COHERENT_BIT);

        if (vkAllocateMemory(device, &allocInfo, nullptr, &memory) != VK_SUCCESS) {
            vkDestroyBuffer(device, buffer, nullptr);
            buffer = VK_NULL_HANDLE;
            return false;
        }
        if (vkBindBufferMemory(device, buffer, memory, 0) != VK_SUCCESS) {
            ENJIN_LOG_ERROR(Renderer, "Failed to bind staging buffer memory");
            vkFreeMemory(device, memory, nullptr);
            vkDestroyBuffer(device, buffer, nullptr);
            buffer = VK_NULL_HANDLE;
            memory = VK_NULL_HANDLE;
            return false;
        }
        return true;
    };

    // Color readback (GPU -> CPU)
    if (!createStagingBuffer(m_DofColorStagingSize, VK_BUFFER_USAGE_TRANSFER_DST_BIT,
                              m_DofColorStagingBuffer, m_DofColorStagingMemory)) {
        ENJIN_LOG_WARN(Renderer, "DoF: Failed to create color staging buffer");
        return false;
    }

    // Depth readback (GPU -> CPU)
    if (!createStagingBuffer(m_DofDepthStagingSize, VK_BUFFER_USAGE_TRANSFER_DST_BIT,
                              m_DofDepthStagingBuffer, m_DofDepthStagingMemory)) {
        ENJIN_LOG_WARN(Renderer, "DoF: Failed to create depth staging buffer");
        return false;
    }

    // Upload buffer (CPU -> GPU) for writing back blurred result
    if (!createStagingBuffer(m_DofColorStagingSize, VK_BUFFER_USAGE_TRANSFER_SRC_BIT,
                              m_DofUploadBuffer, m_DofUploadMemory)) {
        ENJIN_LOG_WARN(Renderer, "DoF: Failed to create upload staging buffer");
        return false;
    }

    m_DofStagingReady = true;
    return true;
}

void PostProcessing::DestroyDofStagingBuffers() {
    if (!m_Context) return;
    VkDevice device = m_Context->GetDevice();

    auto destroyBuf = [&](VkBuffer& buf, VkDeviceMemory& mem) {
        if (buf != VK_NULL_HANDLE) { vkDestroyBuffer(device, buf, nullptr); buf = VK_NULL_HANDLE; }
        if (mem != VK_NULL_HANDLE) { vkFreeMemory(device, mem, nullptr); mem = VK_NULL_HANDLE; }
    };

    destroyBuf(m_DofColorStagingBuffer, m_DofColorStagingMemory);
    destroyBuf(m_DofDepthStagingBuffer, m_DofDepthStagingMemory);
    destroyBuf(m_DofUploadBuffer, m_DofUploadMemory);
    m_DofStagingReady = false;
}

// ============================================================================
// SEPARABLE WEIGHTED BLUR (shared by DoF and Tilt-Shift)
// ============================================================================
// Applies a separable Gaussian blur weighted per-pixel by a CoC (circle of
// confusion) or blur weight map. Pixels with zero weight are not blurred.
// Uses 2 passes: horizontal then vertical.

void PostProcessing::SeparableWeightedBlur(std::vector<f32>& color, const std::vector<f32>& coc,
                                            u32 w, u32 h, u32 channels, f32 maxRadius,
                                            std::vector<f32>& temp) {
    if (maxRadius < 0.5f) return;

    i32 iw = static_cast<i32>(w);
    i32 ih = static_cast<i32>(h);
    i32 maxR = static_cast<i32>(maxRadius + 0.5f);
    if (maxR < 1) maxR = 1;
    if (maxR > 16) maxR = 16;  // Cap kernel size for performance

    // Precompute Gaussian weights for max kernel size
    std::vector<f32> gaussWeights(maxR + 1);
    f32 sigma = maxRadius * 0.5f;
    if (sigma < 0.1f) sigma = 0.1f;
    f32 twoSigmaSq = 2.0f * sigma * sigma;
    f32 weightSum = 0.0f;
    for (i32 i = 0; i <= maxR; ++i) {
        gaussWeights[i] = std::exp(-static_cast<f32>(i * i) / twoSigmaSq);
        weightSum += (i == 0) ? gaussWeights[i] : 2.0f * gaussWeights[i];
    }
    for (i32 i = 0; i <= maxR; ++i) {
        gaussWeights[i] /= weightSum;
    }

    temp.resize(color.size());

    // Horizontal pass
    for (i32 y = 0; y < ih; ++y) {
        for (i32 x = 0; x < iw; ++x) {
            usize idx = (static_cast<usize>(y) * iw + x);
            f32 pixelCoC = coc[idx];
            i32 r = static_cast<i32>(pixelCoC * static_cast<f32>(maxR) + 0.5f);
            if (r < 1) {
                // No blur for this pixel
                for (u32 c = 0; c < channels; ++c)
                    temp[idx * channels + c] = color[idx * channels + c];
                continue;
            }
            if (r > maxR) r = maxR;

            f32 totalWeight = 0.0f;
            f32 accum[4] = {0.0f, 0.0f, 0.0f, 0.0f};
            for (i32 dx = -r; dx <= r; ++dx) {
                i32 sx = x + dx;
                if (sx < 0) sx = 0;
                if (sx >= iw) sx = iw - 1;
                usize sidx = (static_cast<usize>(y) * iw + sx);
                f32 gw = gaussWeights[std::abs(dx)];
                totalWeight += gw;
                for (u32 c = 0; c < channels; ++c)
                    accum[c] += color[sidx * channels + c] * gw;
            }
            if (totalWeight > 0.0f) {
                f32 invW = 1.0f / totalWeight;
                for (u32 c = 0; c < channels; ++c)
                    temp[idx * channels + c] = accum[c] * invW;
            }
        }
    }

    // Vertical pass (read from temp, write to color)
    for (i32 y = 0; y < ih; ++y) {
        for (i32 x = 0; x < iw; ++x) {
            usize idx = (static_cast<usize>(y) * iw + x);
            f32 pixelCoC = coc[idx];
            i32 r = static_cast<i32>(pixelCoC * static_cast<f32>(maxR) + 0.5f);
            if (r < 1) {
                for (u32 c = 0; c < channels; ++c)
                    color[idx * channels + c] = temp[idx * channels + c];
                continue;
            }
            if (r > maxR) r = maxR;

            f32 totalWeight = 0.0f;
            f32 accum[4] = {0.0f, 0.0f, 0.0f, 0.0f};
            for (i32 dy = -r; dy <= r; ++dy) {
                i32 sy = y + dy;
                if (sy < 0) sy = 0;
                if (sy >= ih) sy = ih - 1;
                usize sidx = (static_cast<usize>(sy) * iw + x);
                f32 gw = gaussWeights[std::abs(dy)];
                totalWeight += gw;
                for (u32 c = 0; c < channels; ++c)
                    accum[c] += temp[sidx * channels + c] * gw;
            }
            if (totalWeight > 0.0f) {
                f32 invW = 1.0f / totalWeight;
                for (u32 c = 0; c < channels; ++c)
                    color[idx * channels + c] = accum[c] * invW;
            }
        }
    }
}

// ============================================================================
// DEPTH OF FIELD (CPU-side fallback)
// ============================================================================
// Reads back the scene color and depth buffers, computes per-pixel circle of
// confusion (CoC) based on focus distance/range, then applies a separable
// Gaussian blur weighted by CoC. Near-field objects (closer than focus) and
// far-field objects (beyond focus) are blurred with independent strengths.
//
// This is a CPU-side fallback. Once DoF compute shaders are compiled to
// SPIR-V, this can be replaced with a GPU-only compute dispatch.

void PostProcessing::ApplyDepthOfField(VkCommandBuffer cmd) {
    if (!m_Initialized || !m_Context) return;
    if (m_Settings.dofEnabled == 0) return;
    if (m_SceneImage == VK_NULL_HANDLE || m_DepthImage == VK_NULL_HANDLE) return;

    // Lazy-create staging buffers
    if (!m_DofStagingReady) {
        if (!CreateDofStagingBuffers()) return;
    }

    VkDevice device = m_Context->GetDevice();

    // --- Step 1: Transition scene image to TRANSFER_SRC ---
    VkImageMemoryBarrier colorBarrier{};
    colorBarrier.sType = VK_STRUCTURE_TYPE_IMAGE_MEMORY_BARRIER;
    colorBarrier.oldLayout = VK_IMAGE_LAYOUT_COLOR_ATTACHMENT_OPTIMAL;
    colorBarrier.newLayout = VK_IMAGE_LAYOUT_TRANSFER_SRC_OPTIMAL;
    colorBarrier.srcQueueFamilyIndex = VK_QUEUE_FAMILY_IGNORED;
    colorBarrier.dstQueueFamilyIndex = VK_QUEUE_FAMILY_IGNORED;
    colorBarrier.image = m_SceneImage;
    colorBarrier.subresourceRange = {VK_IMAGE_ASPECT_COLOR_BIT, 0, 1, 0, 1};
    colorBarrier.srcAccessMask = VK_ACCESS_COLOR_ATTACHMENT_WRITE_BIT;
    colorBarrier.dstAccessMask = VK_ACCESS_TRANSFER_READ_BIT;

    VkImageMemoryBarrier depthBarrier{};
    depthBarrier.sType = VK_STRUCTURE_TYPE_IMAGE_MEMORY_BARRIER;
    depthBarrier.oldLayout = VK_IMAGE_LAYOUT_DEPTH_STENCIL_ATTACHMENT_OPTIMAL;
    depthBarrier.newLayout = VK_IMAGE_LAYOUT_TRANSFER_SRC_OPTIMAL;
    depthBarrier.srcQueueFamilyIndex = VK_QUEUE_FAMILY_IGNORED;
    depthBarrier.dstQueueFamilyIndex = VK_QUEUE_FAMILY_IGNORED;
    depthBarrier.image = m_DepthImage;
    depthBarrier.subresourceRange = {VK_IMAGE_ASPECT_DEPTH_BIT, 0, 1, 0, 1};
    depthBarrier.srcAccessMask = VK_ACCESS_DEPTH_STENCIL_ATTACHMENT_WRITE_BIT;
    depthBarrier.dstAccessMask = VK_ACCESS_TRANSFER_READ_BIT;

    VkImageMemoryBarrier barriers[2] = {colorBarrier, depthBarrier};
    vkCmdPipelineBarrier(cmd,
        VK_PIPELINE_STAGE_COLOR_ATTACHMENT_OUTPUT_BIT | VK_PIPELINE_STAGE_LATE_FRAGMENT_TESTS_BIT,
        VK_PIPELINE_STAGE_TRANSFER_BIT,
        0, 0, nullptr, 0, nullptr, 2, barriers);

    // --- Step 2: Copy color image to staging buffer ---
    VkBufferImageCopy colorCopy{};
    colorCopy.bufferOffset = 0;
    colorCopy.bufferRowLength = 0;
    colorCopy.bufferImageHeight = 0;
    colorCopy.imageSubresource = {VK_IMAGE_ASPECT_COLOR_BIT, 0, 0, 1};
    colorCopy.imageOffset = {0, 0, 0};
    colorCopy.imageExtent = {m_Width, m_Height, 1};

    vkCmdCopyImageToBuffer(cmd, m_SceneImage, VK_IMAGE_LAYOUT_TRANSFER_SRC_OPTIMAL,
                            m_DofColorStagingBuffer, 1, &colorCopy);

    // Copy depth image to staging buffer
    VkBufferImageCopy depthCopy{};
    depthCopy.bufferOffset = 0;
    depthCopy.bufferRowLength = 0;
    depthCopy.bufferImageHeight = 0;
    depthCopy.imageSubresource = {VK_IMAGE_ASPECT_DEPTH_BIT, 0, 0, 1};
    depthCopy.imageOffset = {0, 0, 0};
    depthCopy.imageExtent = {m_Width, m_Height, 1};

    vkCmdCopyImageToBuffer(cmd, m_DepthImage, VK_IMAGE_LAYOUT_TRANSFER_SRC_OPTIMAL,
                            m_DofDepthStagingBuffer, 1, &depthCopy);

    // --- Step 3: Submit and wait (synchronous CPU-side processing) ---
    // Note: In production, this would use timeline semaphores or async compute.
    // For the CPU-side fallback, we must submit the command buffer, wait, and
    // process on CPU. Since we are within a recorded command buffer, we cannot
    // do synchronous readback inline here. Instead, we record the barriers and
    // copies, and the actual CPU processing happens after the command buffer
    // is submitted. This requires a fence-based approach.
    //
    // To avoid restructuring the entire rendering pipeline, we use a
    // host-visible coherent staging buffer that we fence-wait on.

    // Insert a buffer memory barrier so the copy is visible on the host
    VkBufferMemoryBarrier bufBarriers[2]{};
    bufBarriers[0].sType = VK_STRUCTURE_TYPE_BUFFER_MEMORY_BARRIER;
    bufBarriers[0].srcAccessMask = VK_ACCESS_TRANSFER_WRITE_BIT;
    bufBarriers[0].dstAccessMask = VK_ACCESS_HOST_READ_BIT;
    bufBarriers[0].srcQueueFamilyIndex = VK_QUEUE_FAMILY_IGNORED;
    bufBarriers[0].dstQueueFamilyIndex = VK_QUEUE_FAMILY_IGNORED;
    bufBarriers[0].buffer = m_DofColorStagingBuffer;
    bufBarriers[0].offset = 0;
    bufBarriers[0].size = m_DofColorStagingSize;

    bufBarriers[1].sType = VK_STRUCTURE_TYPE_BUFFER_MEMORY_BARRIER;
    bufBarriers[1].srcAccessMask = VK_ACCESS_TRANSFER_WRITE_BIT;
    bufBarriers[1].dstAccessMask = VK_ACCESS_HOST_READ_BIT;
    bufBarriers[1].srcQueueFamilyIndex = VK_QUEUE_FAMILY_IGNORED;
    bufBarriers[1].dstQueueFamilyIndex = VK_QUEUE_FAMILY_IGNORED;
    bufBarriers[1].buffer = m_DofDepthStagingBuffer;
    bufBarriers[1].offset = 0;
    bufBarriers[1].size = m_DofDepthStagingSize;

    vkCmdPipelineBarrier(cmd,
        VK_PIPELINE_STAGE_TRANSFER_BIT,
        VK_PIPELINE_STAGE_HOST_BIT,
        0, 0, nullptr, 2, bufBarriers, 0, nullptr);

    // --- Step 4: Transition images back ---
    // Color: TRANSFER_SRC -> TRANSFER_DST (so we can write back the blurred result)
    barriers[0].oldLayout = VK_IMAGE_LAYOUT_TRANSFER_SRC_OPTIMAL;
    barriers[0].newLayout = VK_IMAGE_LAYOUT_TRANSFER_DST_OPTIMAL;
    barriers[0].srcAccessMask = VK_ACCESS_TRANSFER_READ_BIT;
    barriers[0].dstAccessMask = VK_ACCESS_TRANSFER_WRITE_BIT;

    // Depth: TRANSFER_SRC -> DEPTH_STENCIL_ATTACHMENT (restore)
    barriers[1].oldLayout = VK_IMAGE_LAYOUT_TRANSFER_SRC_OPTIMAL;
    barriers[1].newLayout = VK_IMAGE_LAYOUT_DEPTH_STENCIL_ATTACHMENT_OPTIMAL;
    barriers[1].srcAccessMask = VK_ACCESS_TRANSFER_READ_BIT;
    barriers[1].dstAccessMask = VK_ACCESS_DEPTH_STENCIL_ATTACHMENT_WRITE_BIT;

    vkCmdPipelineBarrier(cmd,
        VK_PIPELINE_STAGE_TRANSFER_BIT,
        VK_PIPELINE_STAGE_TRANSFER_BIT | VK_PIPELINE_STAGE_EARLY_FRAGMENT_TESTS_BIT,
        0, 0, nullptr, 0, nullptr, 2, barriers);

    // --- Step 5: Map staging buffers and process on CPU ---
    // Map color data (RGBA16F = half-float, 2 bytes per component, 4 components)
    void* colorData = nullptr;
    void* depthData = nullptr;
    vkMapMemory(device, m_DofColorStagingMemory, 0, m_DofColorStagingSize, 0, &colorData);
    vkMapMemory(device, m_DofDepthStagingMemory, 0, m_DofDepthStagingSize, 0, &depthData);

    if (!colorData || !depthData) {
        if (colorData) vkUnmapMemory(device, m_DofColorStagingMemory);
        if (depthData) vkUnmapMemory(device, m_DofDepthStagingMemory);
        return;
    }

    usize pixelCount = static_cast<usize>(m_Width) * m_Height;

    // Convert RGBA16F to f32 for processing
    const u16* halfPixels = static_cast<const u16*>(colorData);
    const f32* depthPixels = static_cast<const f32*>(depthData);

    // Half-float to float conversion (IEEE 754 half-precision)
    auto halfToFloat = [](u16 h) -> f32 {
        u32 sign = (h >> 15) & 0x1;
        u32 expo = (h >> 10) & 0x1F;
        u32 mant = h & 0x3FF;
        if (expo == 0) {
            if (mant == 0) return sign ? -0.0f : 0.0f;
            // Denormalized
            f32 m = static_cast<f32>(mant) / 1024.0f;
            f32 val = m * (1.0f / 16384.0f);  // 2^(-14)
            return sign ? -val : val;
        }
        if (expo == 31) {
            return (mant == 0) ? (sign ? -INFINITY : INFINITY) : NAN;
        }
        f32 val = std::ldexp(1.0f + static_cast<f32>(mant) / 1024.0f, static_cast<int>(expo) - 15);
        return sign ? -val : val;
    };

    // Float to half-float conversion
    auto floatToHalf = [](f32 f) -> u16 {
        u32 fi;
        std::memcpy(&fi, &f, sizeof(f32));
        u32 sign = (fi >> 31) & 0x1;
        i32 expo = static_cast<i32>((fi >> 23) & 0xFF) - 127 + 15;
        u32 mant = fi & 0x7FFFFF;
        if (expo <= 0) return static_cast<u16>(sign << 15);
        if (expo >= 31) return static_cast<u16>((sign << 15) | (31 << 10));
        return static_cast<u16>((sign << 15) | (expo << 10) | (mant >> 13));
    };

    // Convert to float arrays
    std::vector<f32> colorF32(pixelCount * 4);
    std::vector<f32> cocMap(pixelCount);
    std::vector<f32> blurTemp;

    for (usize i = 0; i < pixelCount; ++i) {
        colorF32[i * 4 + 0] = halfToFloat(halfPixels[i * 4 + 0]);
        colorF32[i * 4 + 1] = halfToFloat(halfPixels[i * 4 + 1]);
        colorF32[i * 4 + 2] = halfToFloat(halfPixels[i * 4 + 2]);
        colorF32[i * 4 + 3] = halfToFloat(halfPixels[i * 4 + 3]);
    }

    // Compute Circle of Confusion per pixel
    f32 focalDist = m_Settings.dofFocalDistance;
    f32 focalRange = m_Settings.dofFocalRange;
    f32 nearStrength = m_Settings.dofNearBlurStrength;
    f32 farStrength = m_Settings.dofFarBlurStrength;

    if (focalRange < 0.001f) focalRange = 0.001f;

    for (usize i = 0; i < pixelCount; ++i) {
        f32 depth = depthPixels[i];
        // Linearize depth (reverse-Z perspective: near=1, far=0)
        // For standard depth: CoC = abs(depth - focalDist) / focalRange
        f32 linearDepth = depth;  // Already linear for D32_SFLOAT with standard projection
        f32 dist = linearDepth - focalDist;
        f32 strength = (dist < 0.0f) ? nearStrength : farStrength;
        f32 coc = std::abs(dist) / focalRange;
        coc = std::min(coc, 1.0f) * strength;
        cocMap[i] = coc;
    }

    // Apply weighted separable blur
    f32 maxBlurRadius = m_Settings.dofBokehSize;
    SeparableWeightedBlur(colorF32, cocMap, m_Width, m_Height, 4, maxBlurRadius, blurTemp);

    // Debug CoC visualization (if enabled)
    if (m_Settings.dofDebugCoC != 0) {
        for (usize i = 0; i < pixelCount; ++i) {
            f32 c = cocMap[i];
            colorF32[i * 4 + 0] = c;   // Red = CoC
            colorF32[i * 4 + 1] = 0.0f;
            colorF32[i * 4 + 2] = 1.0f - c;  // Blue = in-focus
            colorF32[i * 4 + 3] = 1.0f;
        }
    }

    // Convert back to half-float and write to upload buffer
    void* uploadData = nullptr;
    vkMapMemory(device, m_DofUploadMemory, 0, m_DofColorStagingSize, 0, &uploadData);
    if (uploadData) {
        u16* outHalf = static_cast<u16*>(uploadData);
        for (usize i = 0; i < pixelCount * 4; ++i) {
            outHalf[i] = floatToHalf(colorF32[i]);
        }
        vkUnmapMemory(device, m_DofUploadMemory);
    }

    vkUnmapMemory(device, m_DofColorStagingMemory);
    vkUnmapMemory(device, m_DofDepthStagingMemory);

    // --- Step 6: Copy blurred result back to scene image ---
    VkBufferImageCopy uploadCopy{};
    uploadCopy.bufferOffset = 0;
    uploadCopy.bufferRowLength = 0;
    uploadCopy.bufferImageHeight = 0;
    uploadCopy.imageSubresource = {VK_IMAGE_ASPECT_COLOR_BIT, 0, 0, 1};
    uploadCopy.imageOffset = {0, 0, 0};
    uploadCopy.imageExtent = {m_Width, m_Height, 1};

    vkCmdCopyBufferToImage(cmd, m_DofUploadBuffer, m_SceneImage,
                            VK_IMAGE_LAYOUT_TRANSFER_DST_OPTIMAL, 1, &uploadCopy);

    // Transition scene image back to COLOR_ATTACHMENT_OPTIMAL
    VkImageMemoryBarrier finalBarrier{};
    finalBarrier.sType = VK_STRUCTURE_TYPE_IMAGE_MEMORY_BARRIER;
    finalBarrier.oldLayout = VK_IMAGE_LAYOUT_TRANSFER_DST_OPTIMAL;
    finalBarrier.newLayout = VK_IMAGE_LAYOUT_COLOR_ATTACHMENT_OPTIMAL;
    finalBarrier.srcQueueFamilyIndex = VK_QUEUE_FAMILY_IGNORED;
    finalBarrier.dstQueueFamilyIndex = VK_QUEUE_FAMILY_IGNORED;
    finalBarrier.image = m_SceneImage;
    finalBarrier.subresourceRange = {VK_IMAGE_ASPECT_COLOR_BIT, 0, 1, 0, 1};
    finalBarrier.srcAccessMask = VK_ACCESS_TRANSFER_WRITE_BIT;
    finalBarrier.dstAccessMask = VK_ACCESS_COLOR_ATTACHMENT_WRITE_BIT;

    vkCmdPipelineBarrier(cmd,
        VK_PIPELINE_STAGE_TRANSFER_BIT,
        VK_PIPELINE_STAGE_COLOR_ATTACHMENT_OUTPUT_BIT,
        0, 0, nullptr, 0, nullptr, 1, &finalBarrier);
}

// ============================================================================
// TILT-SHIFT (CPU-side fallback)
// ============================================================================
// Similar to DoF but driven by screen-space Y position rather than depth.
// The blur amount is zero within the focus band (centered at focusY with
// width bandWidth) and increases linearly toward the screen edges.

void PostProcessing::ApplyTiltShift(VkCommandBuffer cmd) {
    if (!m_Initialized || !m_Context) return;
    if (m_Settings.tiltShiftEnabled == 0) return;
    if (m_SceneImage == VK_NULL_HANDLE) return;

    // Lazy-create staging buffers (shared with DoF)
    if (!m_DofStagingReady) {
        if (!CreateDofStagingBuffers()) return;
    }

    VkDevice device = m_Context->GetDevice();

    // --- Transition scene image to TRANSFER_SRC ---
    VkImageMemoryBarrier colorBarrier{};
    colorBarrier.sType = VK_STRUCTURE_TYPE_IMAGE_MEMORY_BARRIER;
    colorBarrier.oldLayout = VK_IMAGE_LAYOUT_COLOR_ATTACHMENT_OPTIMAL;
    colorBarrier.newLayout = VK_IMAGE_LAYOUT_TRANSFER_SRC_OPTIMAL;
    colorBarrier.srcQueueFamilyIndex = VK_QUEUE_FAMILY_IGNORED;
    colorBarrier.dstQueueFamilyIndex = VK_QUEUE_FAMILY_IGNORED;
    colorBarrier.image = m_SceneImage;
    colorBarrier.subresourceRange = {VK_IMAGE_ASPECT_COLOR_BIT, 0, 1, 0, 1};
    colorBarrier.srcAccessMask = VK_ACCESS_COLOR_ATTACHMENT_WRITE_BIT;
    colorBarrier.dstAccessMask = VK_ACCESS_TRANSFER_READ_BIT;

    vkCmdPipelineBarrier(cmd,
        VK_PIPELINE_STAGE_COLOR_ATTACHMENT_OUTPUT_BIT,
        VK_PIPELINE_STAGE_TRANSFER_BIT,
        0, 0, nullptr, 0, nullptr, 1, &colorBarrier);

    // Copy color image to staging
    VkBufferImageCopy colorCopy{};
    colorCopy.imageSubresource = {VK_IMAGE_ASPECT_COLOR_BIT, 0, 0, 1};
    colorCopy.imageExtent = {m_Width, m_Height, 1};

    vkCmdCopyImageToBuffer(cmd, m_SceneImage, VK_IMAGE_LAYOUT_TRANSFER_SRC_OPTIMAL,
                            m_DofColorStagingBuffer, 1, &colorCopy);

    // Buffer barrier for host read
    VkBufferMemoryBarrier bufBarrier{};
    bufBarrier.sType = VK_STRUCTURE_TYPE_BUFFER_MEMORY_BARRIER;
    bufBarrier.srcAccessMask = VK_ACCESS_TRANSFER_WRITE_BIT;
    bufBarrier.dstAccessMask = VK_ACCESS_HOST_READ_BIT;
    bufBarrier.srcQueueFamilyIndex = VK_QUEUE_FAMILY_IGNORED;
    bufBarrier.dstQueueFamilyIndex = VK_QUEUE_FAMILY_IGNORED;
    bufBarrier.buffer = m_DofColorStagingBuffer;
    bufBarrier.offset = 0;
    bufBarrier.size = m_DofColorStagingSize;

    vkCmdPipelineBarrier(cmd,
        VK_PIPELINE_STAGE_TRANSFER_BIT,
        VK_PIPELINE_STAGE_HOST_BIT,
        0, 0, nullptr, 1, &bufBarrier, 0, nullptr);

    // Transition to TRANSFER_DST for write-back
    colorBarrier.oldLayout = VK_IMAGE_LAYOUT_TRANSFER_SRC_OPTIMAL;
    colorBarrier.newLayout = VK_IMAGE_LAYOUT_TRANSFER_DST_OPTIMAL;
    colorBarrier.srcAccessMask = VK_ACCESS_TRANSFER_READ_BIT;
    colorBarrier.dstAccessMask = VK_ACCESS_TRANSFER_WRITE_BIT;

    vkCmdPipelineBarrier(cmd,
        VK_PIPELINE_STAGE_TRANSFER_BIT,
        VK_PIPELINE_STAGE_TRANSFER_BIT,
        0, 0, nullptr, 0, nullptr, 1, &colorBarrier);

    // --- CPU-side processing ---
    void* colorData = nullptr;
    vkMapMemory(device, m_DofColorStagingMemory, 0, m_DofColorStagingSize, 0, &colorData);
    if (!colorData) return;

    usize pixelCount = static_cast<usize>(m_Width) * m_Height;
    const u16* halfPixels = static_cast<const u16*>(colorData);

    auto halfToFloat = [](u16 h) -> f32 {
        u32 sign = (h >> 15) & 0x1;
        u32 expo = (h >> 10) & 0x1F;
        u32 mant = h & 0x3FF;
        if (expo == 0) {
            if (mant == 0) return sign ? -0.0f : 0.0f;
            f32 m = static_cast<f32>(mant) / 1024.0f;
            f32 val = m * (1.0f / 16384.0f);
            return sign ? -val : val;
        }
        if (expo == 31) return (mant == 0) ? (sign ? -INFINITY : INFINITY) : NAN;
        f32 val = std::ldexp(1.0f + static_cast<f32>(mant) / 1024.0f, static_cast<int>(expo) - 15);
        return sign ? -val : val;
    };

    auto floatToHalf = [](f32 f) -> u16 {
        u32 fi;
        std::memcpy(&fi, &f, sizeof(f32));
        u32 sign = (fi >> 31) & 0x1;
        i32 expo = static_cast<i32>((fi >> 23) & 0xFF) - 127 + 15;
        u32 mant = fi & 0x7FFFFF;
        if (expo <= 0) return static_cast<u16>(sign << 15);
        if (expo >= 31) return static_cast<u16>((sign << 15) | (31 << 10));
        return static_cast<u16>((sign << 15) | (expo << 10) | (mant >> 13));
    };

    // Convert to float
    std::vector<f32> colorF32(pixelCount * 4);
    std::vector<f32> blurMap(pixelCount);
    std::vector<f32> blurTemp;

    for (usize i = 0; i < pixelCount; ++i) {
        colorF32[i * 4 + 0] = halfToFloat(halfPixels[i * 4 + 0]);
        colorF32[i * 4 + 1] = halfToFloat(halfPixels[i * 4 + 1]);
        colorF32[i * 4 + 2] = halfToFloat(halfPixels[i * 4 + 2]);
        colorF32[i * 4 + 3] = halfToFloat(halfPixels[i * 4 + 3]);
    }

    // Compute tilt-shift blur map based on screen-space Y
    f32 focusY = m_Settings.tiltShiftFocusY;
    f32 bandWidth = m_Settings.tiltShiftBandWidth;
    f32 halfBand = bandWidth * 0.5f;

    for (u32 y = 0; y < m_Height; ++y) {
        f32 normY = static_cast<f32>(y) / static_cast<f32>(m_Height);
        f32 distFromFocus = std::abs(normY - focusY);
        f32 blurAmount = 0.0f;
        if (distFromFocus > halfBand) {
            blurAmount = (distFromFocus - halfBand) / (1.0f - halfBand + 0.001f);
            blurAmount = std::min(blurAmount, 1.0f);
        }
        for (u32 x = 0; x < m_Width; ++x) {
            blurMap[static_cast<usize>(y) * m_Width + x] = blurAmount;
        }
    }

    // Apply weighted blur
    f32 maxBlur = m_Settings.tiltShiftBlurAmount;
    SeparableWeightedBlur(colorF32, blurMap, m_Width, m_Height, 4, maxBlur, blurTemp);

    // Convert back and write to upload buffer
    void* uploadData = nullptr;
    vkMapMemory(device, m_DofUploadMemory, 0, m_DofColorStagingSize, 0, &uploadData);
    if (uploadData) {
        u16* outHalf = static_cast<u16*>(uploadData);
        for (usize i = 0; i < pixelCount * 4; ++i) {
            outHalf[i] = floatToHalf(colorF32[i]);
        }
        vkUnmapMemory(device, m_DofUploadMemory);
    }

    vkUnmapMemory(device, m_DofColorStagingMemory);

    // Copy blurred result back to scene image
    VkBufferImageCopy uploadCopy{};
    uploadCopy.imageSubresource = {VK_IMAGE_ASPECT_COLOR_BIT, 0, 0, 1};
    uploadCopy.imageExtent = {m_Width, m_Height, 1};

    vkCmdCopyBufferToImage(cmd, m_DofUploadBuffer, m_SceneImage,
                            VK_IMAGE_LAYOUT_TRANSFER_DST_OPTIMAL, 1, &uploadCopy);

    // Transition back to COLOR_ATTACHMENT_OPTIMAL
    VkImageMemoryBarrier finalBarrier{};
    finalBarrier.sType = VK_STRUCTURE_TYPE_IMAGE_MEMORY_BARRIER;
    finalBarrier.oldLayout = VK_IMAGE_LAYOUT_TRANSFER_DST_OPTIMAL;
    finalBarrier.newLayout = VK_IMAGE_LAYOUT_COLOR_ATTACHMENT_OPTIMAL;
    finalBarrier.srcQueueFamilyIndex = VK_QUEUE_FAMILY_IGNORED;
    finalBarrier.dstQueueFamilyIndex = VK_QUEUE_FAMILY_IGNORED;
    finalBarrier.image = m_SceneImage;
    finalBarrier.subresourceRange = {VK_IMAGE_ASPECT_COLOR_BIT, 0, 1, 0, 1};
    finalBarrier.srcAccessMask = VK_ACCESS_TRANSFER_WRITE_BIT;
    finalBarrier.dstAccessMask = VK_ACCESS_COLOR_ATTACHMENT_WRITE_BIT;

    vkCmdPipelineBarrier(cmd,
        VK_PIPELINE_STAGE_TRANSFER_BIT,
        VK_PIPELINE_STAGE_COLOR_ATTACHMENT_OUTPUT_BIT,
        0, 0, nullptr, 0, nullptr, 1, &finalBarrier);
}

// ============================================================================
// TAA (Temporal Anti-Aliasing) — Compute Resolve
// ============================================================================

// Push constants matching the shader layout
struct TAAPushConstants {
    f32 resolutionX;
    f32 resolutionY;
    f32 invResolutionX;
    f32 invResolutionY;
    f32 feedbackMin;
    f32 feedbackMax;
    f32 sharpness;
    u32 frameIndex;
};

bool PostProcessing::CreateTAAResources() {
    if (!m_Context || m_Width == 0 || m_Height == 0) return false;

    VkDevice device = m_Context->GetDevice();

    // --- Create two history images (RGBA16F, ping-pong) ---
    for (int i = 0; i < 2; ++i) {
        VkImageCreateInfo imageInfo{};
        imageInfo.sType = VK_STRUCTURE_TYPE_IMAGE_CREATE_INFO;
        imageInfo.imageType = VK_IMAGE_TYPE_2D;
        imageInfo.format = VK_FORMAT_R16G16B16A16_SFLOAT;
        imageInfo.extent = { m_Width, m_Height, 1 };
        imageInfo.mipLevels = 1;
        imageInfo.arrayLayers = 1;
        imageInfo.samples = VK_SAMPLE_COUNT_1_BIT;
        imageInfo.tiling = VK_IMAGE_TILING_OPTIMAL;
        imageInfo.usage = VK_IMAGE_USAGE_SAMPLED_BIT | VK_IMAGE_USAGE_STORAGE_BIT |
                          VK_IMAGE_USAGE_TRANSFER_DST_BIT;
        imageInfo.sharingMode = VK_SHARING_MODE_EXCLUSIVE;
        imageInfo.initialLayout = VK_IMAGE_LAYOUT_UNDEFINED;

        if (vkCreateImage(device, &imageInfo, nullptr, &m_TAAHistoryImages[i]) != VK_SUCCESS) {
            ENJIN_LOG_ERROR(Renderer, "TAA: Failed to create history image %d", i);
            DestroyTAAResources();
            return false;
        }

        VkMemoryRequirements memReqs;
        vkGetImageMemoryRequirements(device, m_TAAHistoryImages[i], &memReqs);

        VkMemoryAllocateInfo allocInfo{};
        allocInfo.sType = VK_STRUCTURE_TYPE_MEMORY_ALLOCATE_INFO;
        allocInfo.allocationSize = memReqs.size;
        allocInfo.memoryTypeIndex = m_Context->FindMemoryType(
            memReqs.memoryTypeBits, VK_MEMORY_PROPERTY_DEVICE_LOCAL_BIT);

        if (vkAllocateMemory(device, &allocInfo, nullptr, &m_TAAHistoryMemory[i]) != VK_SUCCESS) {
            ENJIN_LOG_ERROR(Renderer, "TAA: Failed to allocate history memory %d", i);
            DestroyTAAResources();
            return false;
        }

        if (vkBindImageMemory(device, m_TAAHistoryImages[i], m_TAAHistoryMemory[i], 0) != VK_SUCCESS) {
            ENJIN_LOG_ERROR(Renderer, "TAA: Failed to bind history image memory %d", i);
            DestroyTAAResources();
            return false;
        }

        VkImageViewCreateInfo viewInfo{};
        viewInfo.sType = VK_STRUCTURE_TYPE_IMAGE_VIEW_CREATE_INFO;
        viewInfo.image = m_TAAHistoryImages[i];
        viewInfo.viewType = VK_IMAGE_VIEW_TYPE_2D;
        viewInfo.format = VK_FORMAT_R16G16B16A16_SFLOAT;
        viewInfo.subresourceRange = { VK_IMAGE_ASPECT_COLOR_BIT, 0, 1, 0, 1 };

        if (vkCreateImageView(device, &viewInfo, nullptr, &m_TAAHistoryViews[i]) != VK_SUCCESS) {
            ENJIN_LOG_ERROR(Renderer, "TAA: Failed to create history view %d", i);
            DestroyTAAResources();
            return false;
        }
    }

    // --- Create sampler for TAA inputs ---
    VkSamplerCreateInfo samplerInfo{};
    samplerInfo.sType = VK_STRUCTURE_TYPE_SAMPLER_CREATE_INFO;
    samplerInfo.magFilter = VK_FILTER_LINEAR;
    samplerInfo.minFilter = VK_FILTER_LINEAR;
    samplerInfo.addressModeU = VK_SAMPLER_ADDRESS_MODE_CLAMP_TO_EDGE;
    samplerInfo.addressModeV = VK_SAMPLER_ADDRESS_MODE_CLAMP_TO_EDGE;
    samplerInfo.addressModeW = VK_SAMPLER_ADDRESS_MODE_CLAMP_TO_EDGE;
    samplerInfo.anisotropyEnable = VK_FALSE;
    samplerInfo.unnormalizedCoordinates = VK_FALSE;
    samplerInfo.compareEnable = VK_FALSE;
    samplerInfo.mipmapMode = VK_SAMPLER_MIPMAP_MODE_NEAREST;
    samplerInfo.maxLod = 0.0f;

    if (vkCreateSampler(device, &samplerInfo, nullptr, &m_TAASampler) != VK_SUCCESS) {
        ENJIN_LOG_ERROR(Renderer, "TAA: Failed to create sampler");
        DestroyTAAResources();
        return false;
    }

    // --- Create compute pipeline ---
    if (!CreateTAAComputePipeline()) {
        ENJIN_LOG_WARN(Renderer, "TAA: Compute pipeline creation failed (shader may need compilation)");
        DestroyTAAResources();
        return false;
    }

    m_TAACurrentIndex = 0;
    m_TAAFrameIndex = 0;
    m_TAAReady = true;

    ENJIN_LOG_INFO(Renderer, "TAA resources created (%ux%u)", m_Width, m_Height);
    return true;
}

void PostProcessing::DestroyTAAResources() {
    if (!m_Context) return;

    VkDevice device = m_Context->GetDevice();

    m_TAAReady = false;

    // Compute pipeline
    if (m_TAAComputePipeline != VK_NULL_HANDLE) {
        vkDestroyPipeline(device, m_TAAComputePipeline, nullptr);
        m_TAAComputePipeline = VK_NULL_HANDLE;
    }
    if (m_TAAComputePipelineLayout != VK_NULL_HANDLE) {
        vkDestroyPipelineLayout(device, m_TAAComputePipelineLayout, nullptr);
        m_TAAComputePipelineLayout = VK_NULL_HANDLE;
    }
    if (m_TAADescriptorPool != VK_NULL_HANDLE) {
        vkDestroyDescriptorPool(device, m_TAADescriptorPool, nullptr);
        m_TAADescriptorPool = VK_NULL_HANDLE;
        m_TAADescriptorSets[0] = VK_NULL_HANDLE;
        m_TAADescriptorSets[1] = VK_NULL_HANDLE;
    }
    if (m_TAADescriptorSetLayout != VK_NULL_HANDLE) {
        vkDestroyDescriptorSetLayout(device, m_TAADescriptorSetLayout, nullptr);
        m_TAADescriptorSetLayout = VK_NULL_HANDLE;
    }

    // Sampler
    if (m_TAASampler != VK_NULL_HANDLE) {
        vkDestroySampler(device, m_TAASampler, nullptr);
        m_TAASampler = VK_NULL_HANDLE;
    }

    // History buffers
    for (int i = 0; i < 2; ++i) {
        if (m_TAAHistoryViews[i] != VK_NULL_HANDLE) {
            vkDestroyImageView(device, m_TAAHistoryViews[i], nullptr);
            m_TAAHistoryViews[i] = VK_NULL_HANDLE;
        }
        if (m_TAAHistoryImages[i] != VK_NULL_HANDLE) {
            vkDestroyImage(device, m_TAAHistoryImages[i], nullptr);
            m_TAAHistoryImages[i] = VK_NULL_HANDLE;
        }
        if (m_TAAHistoryMemory[i] != VK_NULL_HANDLE) {
            vkFreeMemory(device, m_TAAHistoryMemory[i], nullptr);
            m_TAAHistoryMemory[i] = VK_NULL_HANDLE;
        }
    }
}

bool PostProcessing::CreateTAAComputePipeline() {
    if (!m_Context) return false;

    VkDevice device = m_Context->GetDevice();

    // --- Descriptor set layout ---
    // binding 0: sampler2D currentColor
    // binding 1: sampler2D historyColor
    // binding 2: sampler2D velocityBuffer
    // binding 3: sampler2D depthBuffer
    // binding 4: image2D  outputColor (storage image, writeonly)
    VkDescriptorSetLayoutBinding bindings[5]{};
    for (int i = 0; i < 4; ++i) {
        bindings[i].binding = static_cast<u32>(i);
        bindings[i].descriptorType = VK_DESCRIPTOR_TYPE_COMBINED_IMAGE_SAMPLER;
        bindings[i].descriptorCount = 1;
        bindings[i].stageFlags = VK_SHADER_STAGE_COMPUTE_BIT;
    }
    bindings[4].binding = 4;
    bindings[4].descriptorType = VK_DESCRIPTOR_TYPE_STORAGE_IMAGE;
    bindings[4].descriptorCount = 1;
    bindings[4].stageFlags = VK_SHADER_STAGE_COMPUTE_BIT;

    VkDescriptorSetLayoutCreateInfo layoutInfo{};
    layoutInfo.sType = VK_STRUCTURE_TYPE_DESCRIPTOR_SET_LAYOUT_CREATE_INFO;
    layoutInfo.bindingCount = 5;
    layoutInfo.pBindings = bindings;

    if (vkCreateDescriptorSetLayout(device, &layoutInfo, nullptr, &m_TAADescriptorSetLayout) != VK_SUCCESS) {
        ENJIN_LOG_ERROR(Renderer, "TAA: Failed to create descriptor set layout");
        return false;
    }

    // --- Push constant range ---
    VkPushConstantRange pushRange{};
    pushRange.stageFlags = VK_SHADER_STAGE_COMPUTE_BIT;
    pushRange.offset = 0;
    pushRange.size = sizeof(TAAPushConstants);

    // --- Pipeline layout ---
    VkPipelineLayoutCreateInfo pipelineLayoutInfo{};
    pipelineLayoutInfo.sType = VK_STRUCTURE_TYPE_PIPELINE_LAYOUT_CREATE_INFO;
    pipelineLayoutInfo.setLayoutCount = 1;
    pipelineLayoutInfo.pSetLayouts = &m_TAADescriptorSetLayout;
    pipelineLayoutInfo.pushConstantRangeCount = 1;
    pipelineLayoutInfo.pPushConstantRanges = &pushRange;

    if (vkCreatePipelineLayout(device, &pipelineLayoutInfo, nullptr, &m_TAAComputePipelineLayout) != VK_SUCCESS) {
        ENJIN_LOG_ERROR(Renderer, "TAA: Failed to create pipeline layout");
        return false;
    }

    // --- Load TAA compute shader from embedded SPIR-V ---
    VulkanShader taaShader(m_Context);
    if (!taaShader.LoadFromSPIRV(ShaderData::TAAResolveComputeShaderData,
                                ShaderData::TAAResolveComputeShaderDataSize)) {
        ENJIN_LOG_ERROR(Renderer, "TAA: Failed to load embedded taa_resolve.comp shader");
        return false;
    }

    // --- Compute pipeline ---
    VkPipelineShaderStageCreateInfo stage{};
    stage.sType = VK_STRUCTURE_TYPE_PIPELINE_SHADER_STAGE_CREATE_INFO;
    stage.stage = VK_SHADER_STAGE_COMPUTE_BIT;
    stage.module = taaShader.GetModule();
    stage.pName = "main";

    VkComputePipelineCreateInfo pipelineInfo{};
    pipelineInfo.sType = VK_STRUCTURE_TYPE_COMPUTE_PIPELINE_CREATE_INFO;
    pipelineInfo.layout = m_TAAComputePipelineLayout;
    pipelineInfo.stage = stage;

    if (vkCreateComputePipelines(device, VK_NULL_HANDLE, 1, &pipelineInfo, nullptr,
                                  &m_TAAComputePipeline) != VK_SUCCESS) {
        ENJIN_LOG_ERROR(Renderer, "TAA: Failed to create compute pipeline");
        return false;
    }

    // --- Descriptor pool (2 sets for ping-pong, 4 samplers + 1 storage image each) ---
    VkDescriptorPoolSize poolSizes[2]{};
    poolSizes[0].type = VK_DESCRIPTOR_TYPE_COMBINED_IMAGE_SAMPLER;
    poolSizes[0].descriptorCount = 8;   // 4 per set * 2 sets
    poolSizes[1].type = VK_DESCRIPTOR_TYPE_STORAGE_IMAGE;
    poolSizes[1].descriptorCount = 2;   // 1 per set * 2 sets

    VkDescriptorPoolCreateInfo poolInfo{};
    poolInfo.sType = VK_STRUCTURE_TYPE_DESCRIPTOR_POOL_CREATE_INFO;
    poolInfo.poolSizeCount = 2;
    poolInfo.pPoolSizes = poolSizes;
    poolInfo.maxSets = 2;

    if (vkCreateDescriptorPool(device, &poolInfo, nullptr, &m_TAADescriptorPool) != VK_SUCCESS) {
        ENJIN_LOG_ERROR(Renderer, "TAA: Failed to create descriptor pool");
        return false;
    }

    // --- Allocate 2 descriptor sets ---
    VkDescriptorSetLayout layouts[2] = { m_TAADescriptorSetLayout, m_TAADescriptorSetLayout };
    VkDescriptorSetAllocateInfo allocInfo{};
    allocInfo.sType = VK_STRUCTURE_TYPE_DESCRIPTOR_SET_ALLOCATE_INFO;
    allocInfo.descriptorPool = m_TAADescriptorPool;
    allocInfo.descriptorSetCount = 2;
    allocInfo.pSetLayouts = layouts;

    if (vkAllocateDescriptorSets(device, &allocInfo, m_TAADescriptorSets) != VK_SUCCESS) {
        ENJIN_LOG_ERROR(Renderer, "TAA: Failed to allocate descriptor sets");
        return false;
    }

    // Descriptor sets are written dynamically each frame in ApplyTAA() because the
    // velocity/depth views and ping-pong indices change every frame.

    ENJIN_LOG_INFO(Renderer, "TAA compute pipeline created");
    return true;
}

VkImageView PostProcessing::GetTAAOutputImageView() const {
    if (!m_TAAReady) return VK_NULL_HANDLE;
    // After ApplyTAA(), m_TAACurrentIndex points to the buffer that will be written
    // *next* frame.  The most recent output is in the other buffer.
    return m_TAAHistoryViews[1 - m_TAACurrentIndex];
}

void PostProcessing::ApplyTAA(VkCommandBuffer cmd) {
    if (!m_TAAReady || m_Settings.aaMode != 2) return;
    if (m_TAAComputePipeline == VK_NULL_HANDLE) return;
    if (m_SceneImageView == VK_NULL_HANDLE) return;
    if (m_TAAVelocityView == VK_NULL_HANDLE || m_TAADepthView == VK_NULL_HANDLE) return;

    VkDevice device = m_Context->GetDevice();

    // Determine ping-pong indices
    u32 outputIdx = m_TAACurrentIndex;         // Write to this one
    u32 historyIdx = 1 - m_TAACurrentIndex;    // Read from this one

    // --- Transition images for compute ---
    // Scene image: COLOR_ATTACHMENT_OPTIMAL -> SHADER_READ_ONLY_OPTIMAL
    // History (read): GENERAL or UNDEFINED -> SHADER_READ_ONLY_OPTIMAL
    // Output: GENERAL or UNDEFINED -> GENERAL (for storage image writes)

    VkImageMemoryBarrier preBarriers[3]{};
    u32 barrierCount = 0;

    // Scene image -> shader read
    preBarriers[barrierCount].sType = VK_STRUCTURE_TYPE_IMAGE_MEMORY_BARRIER;
    preBarriers[barrierCount].oldLayout = VK_IMAGE_LAYOUT_COLOR_ATTACHMENT_OPTIMAL;
    preBarriers[barrierCount].newLayout = VK_IMAGE_LAYOUT_SHADER_READ_ONLY_OPTIMAL;
    preBarriers[barrierCount].srcQueueFamilyIndex = VK_QUEUE_FAMILY_IGNORED;
    preBarriers[barrierCount].dstQueueFamilyIndex = VK_QUEUE_FAMILY_IGNORED;
    preBarriers[barrierCount].image = m_SceneImage;
    preBarriers[barrierCount].subresourceRange = { VK_IMAGE_ASPECT_COLOR_BIT, 0, 1, 0, 1 };
    preBarriers[barrierCount].srcAccessMask = VK_ACCESS_COLOR_ATTACHMENT_WRITE_BIT;
    preBarriers[barrierCount].dstAccessMask = VK_ACCESS_SHADER_READ_BIT;
    barrierCount++;

    // History read buffer -> shader read (might be UNDEFINED on first frame)
    preBarriers[barrierCount].sType = VK_STRUCTURE_TYPE_IMAGE_MEMORY_BARRIER;
    preBarriers[barrierCount].oldLayout = (m_TAAFrameIndex == 0) ? VK_IMAGE_LAYOUT_UNDEFINED : VK_IMAGE_LAYOUT_GENERAL;
    preBarriers[barrierCount].newLayout = VK_IMAGE_LAYOUT_SHADER_READ_ONLY_OPTIMAL;
    preBarriers[barrierCount].srcQueueFamilyIndex = VK_QUEUE_FAMILY_IGNORED;
    preBarriers[barrierCount].dstQueueFamilyIndex = VK_QUEUE_FAMILY_IGNORED;
    preBarriers[barrierCount].image = m_TAAHistoryImages[historyIdx];
    preBarriers[barrierCount].subresourceRange = { VK_IMAGE_ASPECT_COLOR_BIT, 0, 1, 0, 1 };
    preBarriers[barrierCount].srcAccessMask = VK_ACCESS_SHADER_WRITE_BIT;
    preBarriers[barrierCount].dstAccessMask = VK_ACCESS_SHADER_READ_BIT;
    barrierCount++;

    // Output buffer -> general for storage writes
    preBarriers[barrierCount].sType = VK_STRUCTURE_TYPE_IMAGE_MEMORY_BARRIER;
    preBarriers[barrierCount].oldLayout = (m_TAAFrameIndex == 0) ? VK_IMAGE_LAYOUT_UNDEFINED : VK_IMAGE_LAYOUT_GENERAL;
    preBarriers[barrierCount].newLayout = VK_IMAGE_LAYOUT_GENERAL;
    preBarriers[barrierCount].srcQueueFamilyIndex = VK_QUEUE_FAMILY_IGNORED;
    preBarriers[barrierCount].dstQueueFamilyIndex = VK_QUEUE_FAMILY_IGNORED;
    preBarriers[barrierCount].image = m_TAAHistoryImages[outputIdx];
    preBarriers[barrierCount].subresourceRange = { VK_IMAGE_ASPECT_COLOR_BIT, 0, 1, 0, 1 };
    preBarriers[barrierCount].srcAccessMask = VK_ACCESS_SHADER_READ_BIT;
    preBarriers[barrierCount].dstAccessMask = VK_ACCESS_SHADER_WRITE_BIT;
    barrierCount++;

    vkCmdPipelineBarrier(cmd,
        VK_PIPELINE_STAGE_COLOR_ATTACHMENT_OUTPUT_BIT | VK_PIPELINE_STAGE_COMPUTE_SHADER_BIT,
        VK_PIPELINE_STAGE_COMPUTE_SHADER_BIT,
        0, 0, nullptr, 0, nullptr, barrierCount, preBarriers);

    // --- Update descriptor set for this frame ---
    VkDescriptorSet activeSet = m_TAADescriptorSets[outputIdx];

    VkDescriptorImageInfo currentColorInfo{};
    currentColorInfo.sampler = m_TAASampler;
    currentColorInfo.imageView = m_SceneImageView;
    currentColorInfo.imageLayout = VK_IMAGE_LAYOUT_SHADER_READ_ONLY_OPTIMAL;

    VkDescriptorImageInfo historyColorInfo{};
    historyColorInfo.sampler = m_TAASampler;
    historyColorInfo.imageView = m_TAAHistoryViews[historyIdx];
    historyColorInfo.imageLayout = VK_IMAGE_LAYOUT_SHADER_READ_ONLY_OPTIMAL;

    VkDescriptorImageInfo velocityInfo{};
    velocityInfo.sampler = m_TAASampler;
    velocityInfo.imageView = m_TAAVelocityView;
    velocityInfo.imageLayout = VK_IMAGE_LAYOUT_SHADER_READ_ONLY_OPTIMAL;

    VkDescriptorImageInfo depthInfo{};
    depthInfo.sampler = m_TAASampler;
    depthInfo.imageView = m_TAADepthView;
    depthInfo.imageLayout = VK_IMAGE_LAYOUT_DEPTH_STENCIL_READ_ONLY_OPTIMAL;

    VkDescriptorImageInfo outputInfo{};
    outputInfo.imageView = m_TAAHistoryViews[outputIdx];
    outputInfo.imageLayout = VK_IMAGE_LAYOUT_GENERAL;

    VkWriteDescriptorSet writes[5]{};
    writes[0].sType = VK_STRUCTURE_TYPE_WRITE_DESCRIPTOR_SET;
    writes[0].dstSet = activeSet;
    writes[0].dstBinding = 0;
    writes[0].descriptorType = VK_DESCRIPTOR_TYPE_COMBINED_IMAGE_SAMPLER;
    writes[0].descriptorCount = 1;
    writes[0].pImageInfo = &currentColorInfo;

    writes[1].sType = VK_STRUCTURE_TYPE_WRITE_DESCRIPTOR_SET;
    writes[1].dstSet = activeSet;
    writes[1].dstBinding = 1;
    writes[1].descriptorType = VK_DESCRIPTOR_TYPE_COMBINED_IMAGE_SAMPLER;
    writes[1].descriptorCount = 1;
    writes[1].pImageInfo = &historyColorInfo;

    writes[2].sType = VK_STRUCTURE_TYPE_WRITE_DESCRIPTOR_SET;
    writes[2].dstSet = activeSet;
    writes[2].dstBinding = 2;
    writes[2].descriptorType = VK_DESCRIPTOR_TYPE_COMBINED_IMAGE_SAMPLER;
    writes[2].descriptorCount = 1;
    writes[2].pImageInfo = &velocityInfo;

    writes[3].sType = VK_STRUCTURE_TYPE_WRITE_DESCRIPTOR_SET;
    writes[3].dstSet = activeSet;
    writes[3].dstBinding = 3;
    writes[3].descriptorType = VK_DESCRIPTOR_TYPE_COMBINED_IMAGE_SAMPLER;
    writes[3].descriptorCount = 1;
    writes[3].pImageInfo = &depthInfo;

    writes[4].sType = VK_STRUCTURE_TYPE_WRITE_DESCRIPTOR_SET;
    writes[4].dstSet = activeSet;
    writes[4].dstBinding = 4;
    writes[4].descriptorType = VK_DESCRIPTOR_TYPE_STORAGE_IMAGE;
    writes[4].descriptorCount = 1;
    writes[4].pImageInfo = &outputInfo;

    vkUpdateDescriptorSets(device, 5, writes, 0, nullptr);

    // --- Push constants ---
    TAAPushConstants pc{};
    pc.resolutionX = static_cast<f32>(m_Width);
    pc.resolutionY = static_cast<f32>(m_Height);
    pc.invResolutionX = 1.0f / pc.resolutionX;
    pc.invResolutionY = 1.0f / pc.resolutionY;
    pc.feedbackMin = m_Settings.taaFeedbackMin;
    pc.feedbackMax = m_Settings.taaFeedbackMax;
    pc.sharpness = m_Settings.taaSharpness;
    pc.frameIndex = m_TAAFrameIndex;

    // --- Bind pipeline and dispatch ---
    vkCmdBindPipeline(cmd, VK_PIPELINE_BIND_POINT_COMPUTE, m_TAAComputePipeline);
    vkCmdBindDescriptorSets(cmd, VK_PIPELINE_BIND_POINT_COMPUTE, m_TAAComputePipelineLayout,
                             0, 1, &activeSet, 0, nullptr);
    vkCmdPushConstants(cmd, m_TAAComputePipelineLayout, VK_SHADER_STAGE_COMPUTE_BIT,
                        0, sizeof(TAAPushConstants), &pc);

    // Dispatch: workgroup size is 8x8 in the shader
    u32 groupsX = (m_Width + 7) / 8;
    u32 groupsY = (m_Height + 7) / 8;
    vkCmdDispatch(cmd, groupsX, groupsY, 1);

    // --- Post-dispatch barriers ---
    // Output image: GENERAL -> SHADER_READ_ONLY_OPTIMAL (for post-process fragment shader to sample)
    // Scene image: SHADER_READ_ONLY_OPTIMAL -> COLOR_ATTACHMENT_OPTIMAL (restore for next frame)
    VkImageMemoryBarrier postBarriers[2]{};

    postBarriers[0].sType = VK_STRUCTURE_TYPE_IMAGE_MEMORY_BARRIER;
    postBarriers[0].oldLayout = VK_IMAGE_LAYOUT_GENERAL;
    postBarriers[0].newLayout = VK_IMAGE_LAYOUT_SHADER_READ_ONLY_OPTIMAL;
    postBarriers[0].srcQueueFamilyIndex = VK_QUEUE_FAMILY_IGNORED;
    postBarriers[0].dstQueueFamilyIndex = VK_QUEUE_FAMILY_IGNORED;
    postBarriers[0].image = m_TAAHistoryImages[outputIdx];
    postBarriers[0].subresourceRange = { VK_IMAGE_ASPECT_COLOR_BIT, 0, 1, 0, 1 };
    postBarriers[0].srcAccessMask = VK_ACCESS_SHADER_WRITE_BIT;
    postBarriers[0].dstAccessMask = VK_ACCESS_SHADER_READ_BIT;

    postBarriers[1].sType = VK_STRUCTURE_TYPE_IMAGE_MEMORY_BARRIER;
    postBarriers[1].oldLayout = VK_IMAGE_LAYOUT_SHADER_READ_ONLY_OPTIMAL;
    postBarriers[1].newLayout = VK_IMAGE_LAYOUT_COLOR_ATTACHMENT_OPTIMAL;
    postBarriers[1].srcQueueFamilyIndex = VK_QUEUE_FAMILY_IGNORED;
    postBarriers[1].dstQueueFamilyIndex = VK_QUEUE_FAMILY_IGNORED;
    postBarriers[1].image = m_SceneImage;
    postBarriers[1].subresourceRange = { VK_IMAGE_ASPECT_COLOR_BIT, 0, 1, 0, 1 };
    postBarriers[1].srcAccessMask = VK_ACCESS_SHADER_READ_BIT;
    postBarriers[1].dstAccessMask = VK_ACCESS_COLOR_ATTACHMENT_WRITE_BIT;

    vkCmdPipelineBarrier(cmd,
        VK_PIPELINE_STAGE_COMPUTE_SHADER_BIT,
        VK_PIPELINE_STAGE_FRAGMENT_SHADER_BIT | VK_PIPELINE_STAGE_COLOR_ATTACHMENT_OUTPUT_BIT,
        0, 0, nullptr, 0, nullptr, 2, postBarriers);

    // Advance frame counter and swap ping-pong for next frame.
    // After the swap, m_TAACurrentIndex points to the buffer that will be *written*
    // next frame.  The buffer we just wrote (outputIdx) is the "previous" history
    // buffer that GetTAAOutputImageView() should return.
    m_TAAFrameIndex++;
    m_TAACurrentIndex = 1 - outputIdx;  // Next frame writes to the other buffer
}

} // namespace Renderer
} // namespace Enjin
